id,name,category,subtype,rarity,level,image_url,wiki_url,obtain,dmg_clean,dmg_max,def_clean,def_max,upgradeable,crit,health_regen,stamina_regen,price_clean_oml,price_max_oml,price_source,price_category,last_updated,updated_at
1,Abyss Sentinel,Armor,Exclusive Blossom,Tribute,415,https://swordburst2.fandom.com/Special:Redirect/file/Abyss_Sentinel.png,https://swordburst2.fandom.com/wiki/Abyss_Sentinel,"Azeis, Spirit of the Blossom",,,589286,825000,TRUE,,+35%,+50%,250+,100-150,tributes,- ROTATIONAL FLOOR TRIBUTES -,2026-09-19 02:35 UTC,2026-09-18T22:52:00Z
2,Abridged Amethyst,Spear,Limited,Legendary,250,https://swordburst2.fandom.com/Special:Redirect/file/Abridged_Amethyst.png,https://swordburst2.fandom.com/wiki/Abridged_Amethyst,"Kloff, Marauder of the Frost",11660,,,,TRUE,21%,+10%,+10%,0.5 - 1,,clean_legendaries,Easter Realm (2023),2026-09-19 02:35 UTC,2026-09-18T22:52:00Z
3,Abysmal Oblivion,Greatsword,FL Limited (Hammer,Legendary,200,https://swordburst2.fandom.com/Special:Redirect/file/Abysmal_Oblivion.png,https://swordburst2.fandom.com/wiki/Abysmal_Oblivion,Eternal Domain Dungeon,+36 per level,,,,FALSE,20%,+20%,+20%,5-7,,clean_legendaries,Egg Realm (2025),2026-09-19 02:35 UTC,2026-09-18T22:52:00Z
4,Abyssal's Aurora,Longsword,One Piece (Limited,Legendary,75,https://swordburst2.fandom.com/Special:Redirect/file/Abyssal's_Aurora.png,https://swordburst2.fandom.com/wiki/Abyssal's_Aurora,*Arcadia Exclusive Shop,900,1800,,,TRUE,15%,+8%,+8%,4,1-2,clean_legendaries,Fourth Edition,2026-09-19 02:35 UTC,2026-09-18T22:52:00Z
5,Abyssal Wanderer,Armor,,Rare,265,https://swordburst2.fandom.com/Special:Redirect/file/Abyssal_Wanderer.png,https://swordburst2.fandom.com/wiki/Abyssal_Wanderer,Failed Experiment,,,106000,148400,TRUE,,+8%,+8%,,,,,2026-09-19 02:35 UTC,2026-09-18T22:52:00Z
6,Abyssal Pressure,Greatsword,,Rare,400,https://swordburst2.fandom.com/Special:Redirect/file/Abyssal_Pressure.png,https://swordburst2.fandom.com/wiki/Abyssal_Pressure,Nautilus Arcwave,,,30493,48790,TRUE,18%,15%,15%,,,,,2026-09-19 02:35 UTC,2026-09-18T22:52:00Z
7,Achromatic Soul,Longsword,,Rare,170,https://swordburst2.fandom.com/Special:Redirect/file/Achromatic_Soul.png,https://swordburst2.fandom.com/wiki/Achromatic_Soul,*Shadow Figure,2720,4352,,,TRUE,12%,+4%,,,,,,2026-09-19 02:35 UTC,2026-09-18T22:52:00Z
8,Abyssal Yule Blade,Longsword,Limited,Uncommon,50,https://swordburst2.fandom.com/Special:Redirect/file/Abyssal_Yule_Blade.png,https://swordburst2.fandom.com/wiki/Abyssal_Yule_Blade,Icy Snowman,740,,,,TRUE,12%,3%,12%,1,,misc,Winter Event,2026-09-19 02:35 UTC,2026-09-18T22:52:00Z
9,Accel Zulu,Rapier,,Common,110,https://swordburst2.fandom.com/Special:Redirect/file/Accel_Zulu.png,https://swordburst2.fandom.com/wiki/Accel_Zulu,Sentry,1368,1915,,,TRUE,11%,,,,,,,2026-09-19 02:35 UTC,2026-09-18T22:52:00Z
10,Advocate,Greatsword,,Uncommon,12,https://swordburst2.fandom.com/Special:Redirect/file/Advocate.png,https://swordburst2.fandom.com/wiki/Advocate,Rahjin the Thief King,25,35,,,TRUE,18%,,,,,,,2026-09-19 02:35 UTC,2026-09-18T22:52:00Z
11,Advent Crusher,Greatsword,Limited Hammer <small>()</small,Legendary,175,https://swordburst2.fandom.com/Special:Redirect/file/Advent_Crusher.png,https://swordburst2.fandom.com/wiki/Advent_Crusher,Jolrock the Snow Protecter,2879,5758,,,TRUE,18%,+18%,,50-60,20-25,clean_legendaries,Winter Event (2022),2026-09-19 02:35 UTC,2026-09-18T22:52:00Z
12,Accel Alpha,Rapier,,Common,110,https://swordburst2.fandom.com/Special:Redirect/file/Accel_Alpha.png,https://swordburst2.fandom.com/wiki/Accel_Alpha,Sentry,1368,1915,,,TRUE,11%,,,,,,,2026-09-19 02:35 UTC,2026-09-18T22:52:00Z
13,Akuma Dōji,Scythe,Limited SOTE,Legendary,250,https://swordburst2.fandom.com/Special:Redirect/file/Akuma_Dōji.png,https://swordburst2.fandom.com/wiki/Akuma_Dōji,Helmfirth Exclusive Shop,5800,11600,,,TRUE,18%,+20%,+20%,,,,,2026-09-19 02:35 UTC,2026-09-18T22:52:00Z
14,Akuma Fuyu,Scythe,Limited,Rare,80,https://swordburst2.fandom.com/Special:Redirect/file/Akuma_Fuyu.png,https://swordburst2.fandom.com/wiki/Akuma_Fuyu,Dark Frost Goblin,1450,,,,TRUE,18%,+1%,+8%,1,,misc,Winter Event,2026-09-19 02:35 UTC,2026-09-18T22:52:00Z
15,Almace,Katana,,Uncommon,92,https://swordburst2.fandom.com/Special:Redirect/file/Almace.png,https://swordburst2.fandom.com/wiki/Almace,Winged Minion,1036,1450,,,TRUE,15%,,,,,,,2026-09-19 02:35 UTC,2026-09-18T22:52:00Z
16,Akuma no Itami,Longsword,Limited,Tribute,1,https://swordburst2.fandom.com/Special:Redirect/file/Akuma_No_Itami.png,https://swordburst2.fandom.com/wiki/Akuma_no_Itami,Obtained through joining the game.,<br>+5 per level,,,,FALSE,20%,+15%,+15%,5,,tributes,Miscellaneous,2026-09-19 02:35 UTC,2026-09-18T22:52:00Z
17,Aetherius,Rapier,Limited,Legendary,100,https://swordburst2.fandom.com/Special:Redirect/file/Aetherius.png,https://swordburst2.fandom.com/wiki/Aetherius,Krampus,2602,,,,TRUE,11%,50%,50%,0.5,,clean_legendaries,Easter Realm (2023),2026-09-19 02:35 UTC,2026-09-18T22:52:00Z
18,Akuma's Nightmare,Rapier,Fate/unlimited codes (Limited,Legendary,175,https://swordburst2.fandom.com/Special:Redirect/file/Akuma's_Nightmare.png,https://swordburst2.fandom.com/wiki/Akuma's_Nightmare,*Helmfirth Exclusive Shop,2955,5910,,,TRUE,10%,10%,10%,1-2,1,clean_legendaries,Fourth Edition,2026-09-19 02:35 UTC,2026-09-18T22:52:00Z
19,Alaric,Katana,,Rare,185,https://swordburst2.fandom.com/Special:Redirect/file/Alaric.png,https://swordburst2.fandom.com/wiki/Alaric,"*DJ Reaper *Wa, the Curious",3194,5110,,,TRUE,15%,,+5%,,,,,2026-09-19 02:35 UTC,2026-09-18T22:52:00Z
20,Ame no Habakiri,Katana,,Burst,300,https://swordburst2.fandom.com/Special:Redirect/file/Ame_no_Habakiri.png,https://swordburst2.fandom.com/wiki/Ame_no_Habakiri,Crystal Forge,9958,24895,,,TRUE,15%,50%,30%,,,,,2026-09-19 02:35 UTC,2026-09-18T22:52:00Z
21,Amethyst Demon Blade,Katana,Limited SS,Tribute,420,https://swordburst2.fandom.com/Special:Redirect/file/Amethyst_Demon_Blade.png,https://swordburst2.fandom.com/wiki/Amethyst_Demon_Blade,Helmfirth Exclusive Shop,35000,70000,,,TRUE,40%,+60%,+60%,10,10,tributes,Tenth Edition,2026-09-19 02:35 UTC,2026-09-18T22:52:00Z
22,Amethyst Greatsword,Greatsword,,Uncommon,59,https://swordburst2.fandom.com/Special:Redirect/file/Amethyst_Greatsword.png,https://swordburst2.fandom.com/wiki/Amethyst_Greatsword,Shroom Back Clam,584,817,,,TRUE,18%,,,,,,,2026-09-19 02:35 UTC,2026-09-18T22:52:00Z
23,Amethyst Prismblade,Spear,,Legendary,70,https://swordburst2.fandom.com/Special:Redirect/file/Amethyst_Prismblade.png,https://swordburst2.fandom.com/wiki/Amethyst_Prismblade,Hippogriff,775,1550,,,TRUE,21%,+3%,+3%,1,0.5,clean_legendaries,Floor 8,2026-09-19 02:35 UTC,2026-09-18T22:52:00Z
24,Ancestor Blades,Longsword,FL Limited,Common,5,https://swordburst2.fandom.com/Special:Redirect/file/Ancestor_Blades_Icon.png,https://swordburst2.fandom.com/wiki/Ancestor_Blades,*Guardian's Vessel *Eternal Domain Dungeon,+3 per level,,,,FALSE,5%,+2%,+2%,3m - 5m vels,0.5 - 1,misc,Easter Event,2026-09-19 02:35 UTC,2026-09-18T22:52:00Z
25,Ancient Godpiercer,Greatsword,Limited FL Limited <small>(Battle Axe / )</small,Tribute,450,https://swordburst2.fandom.com/Special:Redirect/file/Ancient_Godpiercer.png,https://swordburst2.fandom.com/wiki/Ancient_Godpiercer,Eternal Domain Dungeon,100000,,,,TRUE,40%,+50%,+50%,,2k+,tributes,Egg Realm (2026),2026-09-19 02:35 UTC,2026-09-18T22:52:00Z
26,Ancient Lapis Eclipse,Greatsword,,Rare,65,https://swordburst2.fandom.com/Special:Redirect/file/Ancient_Lapis_Eclipse.png,https://swordburst2.fandom.com/wiki/Ancient_Lapis_Eclipse,Frogazoid,652,1043,,,TRUE,18%,,,,,,,2026-09-19 02:35 UTC,2026-09-18T22:52:00Z
27,Amber Sting,Rapier,,Rare,10,https://swordburst2.fandom.com/Special:Redirect/file/Amber_Sting.png,https://swordburst2.fandom.com/wiki/Amber_Sting,Gorilla Berserker,Level Based +5 per level,,,,FALSE,10%,+9%,+9%,,,,,2026-09-19 02:35 UTC,2026-09-18T22:52:00Z
28,Ancient Rapier,Rapier,SBO (Limited,Legendary,150,https://swordburst2.fandom.com/Special:Redirect/file/Ancient_Rapier.png,https://swordburst2.fandom.com/wiki/Ancient_Rapier,Helmfirth Exclusive Shop,2250,4500,,,TRUE,15%,10%,10%,6-7,4,clean_legendaries,Fifth Edition,2026-09-19 02:35 UTC,2026-09-18T22:52:00Z
29,Ancient Storm,Rapier,,Burst,300,https://swordburst2.fandom.com/Special:Redirect/file/Ancient_Storm(updated).png,https://swordburst2.fandom.com/wiki/Ancient_Storm,Crystal Forge,9958,24895,,,TRUE,11%,,80%,,,,,2026-09-19 02:35 UTC,2026-09-18T22:52:00Z
30,Ancient Spear,Spear,,Common,20,https://swordburst2.fandom.com/Special:Redirect/file/Ancient_Spear_In-game_Icon.png,https://swordburst2.fandom.com/wiki/Ancient_Spear,Intermediate Shop,70,98,,,TRUE,21%,,,,,,,2026-09-19 02:35 UTC,2026-09-18T22:52:00Z
31,Angel's Grace,Longsword,Angel's Grace 1 in a million,Tribute,1,https://swordburst2.fandom.com/Special:Redirect/file/Angel's_Grace.png,https://swordburst2.fandom.com/wiki/Angel's_Grace,Any Mobs,145000,,,,TRUE,80%,+60%,+70%,Untradeable,,tributes,Untradeable The Final Gift Untradeable Gift of Contribution,2026-09-19 02:35 UTC,2026-09-18T22:52:00Z
32,Anduril,Longsword,,Uncommon,38,https://swordburst2.fandom.com/Special:Redirect/file/Anduril.png,https://swordburst2.fandom.com/wiki/Anduril,Wattlechin Crocodile,260,364,,,TRUE,12%,,,,,,,2026-09-19 02:35 UTC,2026-09-18T22:52:00Z
33,Andalusite Blade,Katana,,Uncommon,62,https://swordburst2.fandom.com/Special:Redirect/file/Andalusite_Blade.png,https://swordburst2.fandom.com/wiki/Andalusite_Blade,Frogazoid,617,864,,,TRUE,15%,,,,,,,2026-09-19 02:35 UTC,2026-09-18T22:52:00Z
34,Angelic Rebellion,Longsword,1H,Tribute,280,https://swordburst2.fandom.com/Special:Redirect/file/Angelic_Rebellion.png,https://swordburst2.fandom.com/wiki/Angelic_Rebellion,"Saurus, the All-Seeing",10800,,,,TRUE,36%,,,?,?,tributes,Floor 11,2026-09-19 02:35 UTC,2026-09-18T22:52:00Z
35,Angel's Tears,Rapier,,Rare,96,https://swordburst2.fandom.com/Special:Redirect/file/Angel's_Tears.png,https://swordburst2.fandom.com/wiki/Angel's_Tears,Shady Villager,1188,1900,,,TRUE,11%,+1%,+1%,,,,,2026-09-19 02:35 UTC,2026-09-18T22:52:00Z
36,Aoi-tachi,Katana,,Legendary,285,https://swordburst2.fandom.com/Special:Redirect/file/Aoi-tachi.png,https://swordburst2.fandom.com/wiki/Aoi-tachi,Warlord,9763,19526,,,TRUE,15%,+11%,+11%,1,1,clean_legendaries,Floor 12,2026-09-19 02:35 UTC,2026-09-18T22:52:00Z
37,Apotheosis,Accessory,Shield,Burst,300,https://swordburst2.fandom.com/Special:Redirect/file/Apotheosis.png,https://swordburst2.fandom.com/wiki/Apotheosis,Crystal Forge,,,34670,,TRUE,,+40%,+40%,,,,,2026-09-19 02:35 UTC,2026-09-18T22:52:00Z
38,Aphrodite's Sting,Rapier,Limited,Rare,100,https://swordburst2.fandom.com/Special:Redirect/file/Aphrodite's_Sting.png,https://swordburst2.fandom.com/wiki/Aphrodite's_Sting,Broken Bearus,Level Based +14 per level,,,,FALSE,10%,+8%,+8%,,,,,2026-09-19 02:35 UTC,2026-09-18T22:52:00Z
39,Aquaburst,Longsword,SBO (Limited,Rare,150,https://swordburst2.fandom.com/Special:Redirect/file/Aquaburst.png,https://swordburst2.fandom.com/wiki/Aquaburst,Helmfirth Exclusive Shop,1685,2696,,,TRUE,8%,+5%,+5%,1-2,1,misc,Fifth Edition,2026-09-19 02:35 UTC,2026-09-18T22:52:00Z
40,Aqualis Guardian,Armor,,Legendary,435,https://swordburst2.fandom.com/Special:Redirect/file/Aqualis_Guardian.png,https://swordburst2.fandom.com/wiki/Aqualis_Guardian,Leviathan,,,482000,674800,TRUE,,+35%,+35%,2,2-3,clean_legendaries,- Rotational Floors -,2026-09-19 02:35 UTC,2026-09-18T22:52:00Z
41,Aquatic Burst,Rapier,,Uncommon,390,https://swordburst2.fandom.com/Special:Redirect/file/Aquatic_Burst.png,https://swordburst2.fandom.com/wiki/Aquatic_Burst,Cobalt Darkray,29812,41737,,,TRUE,11%,15%,15%,,,,,2026-09-19 02:35 UTC,2026-09-18T22:52:00Z
42,Arctic Ignition,Greatsword,Limited <small>(Axe)</small,Legendary,290,https://swordburst2.fandom.com/Special:Redirect/file/Arctic_Ignition.png,https://swordburst2.fandom.com/wiki/Arctic_Ignition,"Vyroth, The Frostflame",22750,,,,TRUE,18%,10%,10%,1-2,,clean_legendaries,Easter Realm (2023),2026-09-19 02:35 UTC,2026-09-18T22:52:00Z
43,Ars Seraph Shield,Accessory,Shield,Legendary,200,https://swordburst2.fandom.com/Special:Redirect/file/Ars_Seraph_Shield.png,https://swordburst2.fandom.com/wiki/Ars_Seraph_Shield,Gift of Life,,,12750,,TRUE,,+4%,+4%,30-35,,clean_legendaries,Gift of Life,2026-09-19 02:35 UTC,2026-09-18T22:52:00Z
44,Artic Reaper,Longsword,Limited Frozen Wonders Collection,Legendary,300,https://swordburst2.fandom.com/Special:Redirect/file/Artic_Reaper.webp,https://swordburst2.fandom.com/wiki/Artic_Reaper,Helmfirth Exclusive Shop,12215,24430,,,TRUE,25%,+21%,+21%,7-10,7-10,clean_legendaries,Fourteenth Edition,2026-09-19 02:35 UTC,2026-09-18T22:52:00Z
45,Artic Reptide,Longsword,,Legendary,435,https://swordburst2.fandom.com/Special:Redirect/file/Artic_Reptide.png,https://swordburst2.fandom.com/wiki/Artic_Reptide,Leviathan,34970,69940,,,TRUE,15%,30%,30%,1,0.5,clean_legendaries,- Rotational Floors -,2026-09-19 02:35 UTC,2026-09-18T22:52:00Z
46,Ascendant Insignia,Accessory,Angelic Theme <small>(/Shield)</small,Tribute,425,https://swordburst2.fandom.com/Special:Redirect/file/Ascendant_Insignia.webp,https://swordburst2.fandom.com/wiki/Ascendant_Insignia,Helmfirth Exclusive Shop,,,160000,,TRUE,,+45%,+45%,500+,,tributes,Fifteenth Edition,2026-09-19 02:35 UTC,2026-09-18T22:52:00Z
47,Ashfall,Scythe,Ash's Tribute <small>()</small,Tribute,125,https://swordburst2.fandom.com/Special:Redirect/file/Ashfall.png,https://swordburst2.fandom.com/wiki/Ashfall,Entoloma Gloomlands,2500,5000,,,TRUE,36%,6%,3%,10-14,7-8,tributes,Floor 7,2026-09-19 02:35 UTC,2026-09-18T22:52:00Z
48,Aristera,Longsword,Limited,Uncommon,150,https://swordburst2.fandom.com/Special:Redirect/file/Aristera.png,https://swordburst2.fandom.com/wiki/Aristera,Gift of Mimics,2400,,,,TRUE,12%,+3%,,,100-150,misc,Gift Items,2026-09-19 02:35 UTC,2026-09-18T22:52:00Z
49,Artist's Glory,Spear,Drawing Event,Legendary,1,https://swordburst2.fandom.com/Special:Redirect/file/ArtistGloryIconReal.png,https://swordburst2.fandom.com/wiki/Artist's_Glory,Win a Drawing Event,500,,,,TRUE,10%,10%,10%,,,,,2026-09-19 02:35 UTC,2026-09-18T22:52:00Z
50,Armageddon,Spear,Limited Merchant,Legendary,360,https://swordburst2.fandom.com/Special:Redirect/file/Armageddon.png,https://swordburst2.fandom.com/wiki/Armageddon,Helmfirth Exclusive Shop,19720,39440,,,TRUE,25%,+20%,+20%,15,,clean_legendaries,Seventh Edition,2026-09-19 02:35 UTC,2026-09-18T22:52:00Z
51,Ashrune Shield,Accessory,Shield,Rare,80,https://swordburst2.fandom.com/Special:Redirect/file/Ashrune_Shield.png,https://swordburst2.fandom.com/wiki/Ashrune_Shield,Undead Berserker,,,1350,,TRUE,,+2%,-1%,,,,,2026-09-19 02:35 UTC,2026-09-18T22:52:00Z
52,Aspiration,Katana,,Uncommon,70,https://swordburst2.fandom.com/Special:Redirect/file/Aspiration.png,https://swordburst2.fandom.com/wiki/Aspiration,Sky Raven,715,1001,,,TRUE,15%,,,,,,,2026-09-19 02:35 UTC,2026-09-18T22:52:00Z
53,Astral Abyss,Scythe,,Tribute,1,https://swordburst2.fandom.com/Special:Redirect/file/Astral_Abyss.png,https://swordburst2.fandom.com/wiki/Astral_Abyss,Awarded to Testers,5000,5000,,,TRUE,10%,10%,10%,,,,,2026-09-19 02:35 UTC,2026-09-18T22:52:00Z
54,Arcana Robe,Armor,,Rare,65,https://swordburst2.fandom.com/Special:Redirect/file/Arcana_Robe.png,https://swordburst2.fandom.com/wiki/Arcana_Robe,Smashroom the Mushroom Behemoth,,,4834,6767,TRUE,,+5%,,,,,,2026-09-19 02:35 UTC,2026-09-18T22:52:00Z
55,Ashrune Blade,Katana,,Uncommon,78,https://swordburst2.fandom.com/Special:Redirect/file/Ashrune_Blade.png,https://swordburst2.fandom.com/wiki/Ashrune_Blade,*Lingerer *Enraged Lingerer,864,1209,,,TRUE,15%,,,,,,,2026-09-19 02:35 UTC,2026-09-18T22:52:00Z
56,Astra Guidant,Accessory,Shield,Rare,250,https://swordburst2.fandom.com/Special:Redirect/file/Astra_Guidant.png,https://swordburst2.fandom.com/wiki/Astra_Guidant,Newborn Abomination,,,22167,,TRUE,,+3%,+4%,,,,,2026-09-19 02:35 UTC,2026-09-18T22:52:00Z
57,Astral Crescent,Scythe,Limited HSR,Tribute,400,https://swordburst2.fandom.com/Special:Redirect/file/Astral_Crescent.png,https://swordburst2.fandom.com/wiki/Astral_Crescent,Helmfirth Exclusive Shop,30000,60000,,,TRUE,40%,+50%,+50%,5-6,5-6,tributes,Tenth Edition,2026-09-19 02:35 UTC,2026-09-18T22:52:00Z
58,Astral Scholar's,Armor,,Legendary,130,https://swordburst2.fandom.com/Special:Redirect/file/Astral_Scholar's.png,https://swordburst2.fandom.com/wiki/Astral_Scholar's,"Za, the Eldest",,,13920,19488,TRUE,,+5%,+5%,1,1,clean_legendaries,Floor 11,2026-09-19 02:35 UTC,2026-09-18T22:52:00Z
59,Astronomic Syzygy,Spear,Limited Light Dark Sword <small>()</small,Legendary,375,https://swordburst2.fandom.com/Special:Redirect/file/Astronomic_Syzygy.png,https://swordburst2.fandom.com/wiki/Astronomic_Syzygy,Helmfirth Exclusive Shop,24500,49000,,,TRUE,18%,+20%,+30%,30+,20+,clean_legendaries,Thirteenth Edition,2026-09-19 02:35 UTC,2026-09-18T22:52:00Z
60,Atlantis's Pride,Greatsword,Limited Merchant (Limited Axe,Legendary,200,https://swordburst2.fandom.com/Special:Redirect/file/Atlantis's_Pride.png,https://swordburst2.fandom.com/wiki/Atlantis's_Pride,*Helmfirth Exclusive Shop,4000,8000,,,TRUE,18%,+6%,+6%,15-20,15-20,clean_legendaries,Second Edition,2026-09-19 02:35 UTC,2026-09-18T22:52:00Z
61,Astral Annihilator,Longsword,Limited Merchant <small>()</small,Legendary,150,https://swordburst2.fandom.com/Special:Redirect/file/Astral_Annihilator.png,https://swordburst2.fandom.com/wiki/Astral_Annihilator,*Arcadia Exclusive Shop *Helmfirth Exclusive Shop,2250,4500,,,TRUE,12%,+5%,+5%,1,0.5,clean_legendaries,First Edition,2026-09-19 02:35 UTC,2026-09-18T22:52:00Z
62,Aurelite Vanguard,Armor,,Rare,415,https://swordburst2.fandom.com/Special:Redirect/file/Aurelite_Vanguard.png,https://swordburst2.fandom.com/wiki/Aurelite_Vanguard,Shark,,,417015,583821,TRUE,,+27%,+27%,,,,,2026-09-19 02:35 UTC,2026-09-18T22:52:00Z
63,Aurum Claw,Scythe,,Uncommon,48,https://swordburst2.fandom.com/Special:Redirect/file/Aurum_Claw_Icon.png,https://swordburst2.fandom.com/wiki/Aurum_Claw,Desert Vulture,389,544,,,TRUE,18%,,,,,,,2026-09-19 02:35 UTC,2026-09-18T22:52:00Z
64,Aurora Pyreblade,Rapier,Limited,Legendary,290,https://swordburst2.fandom.com/Special:Redirect/file/Aurora_Pyreblade.png,https://swordburst2.fandom.com/wiki/Aurora_Pyreblade,"Vyroth, The Frostflame",22750,,,,TRUE,11%,9%,9%,1-2,,clean_legendaries,Easter Realm (2023),2026-09-19 02:35 UTC,2026-09-18T22:52:00Z
65,Atomizer,Greatsword,Limited,Legendary,225,https://swordburst2.fandom.com/Special:Redirect/file/Atomizer.png,https://swordburst2.fandom.com/wiki/Atomizer,"Kloff, Marauder of the Frost",9503,,,,TRUE,18%,+10%,+10%,0.5 - 1,,clean_legendaries,Easter Realm (2023),2026-09-19 02:35 UTC,2026-09-18T22:52:00Z
66,Autumn Bulk,Katana,,Rare,24,https://swordburst2.fandom.com/Special:Redirect/file/Autumn_Bulk.png,https://swordburst2.fandom.com/wiki/Autumn_Bulk,Redthorn Tortoise,145,232,,,TRUE,15%,,,,,,,2026-09-19 02:35 UTC,2026-09-18T22:52:00Z
67,Autumn Fright,Greatsword,,Legendary,225,https://swordburst2.fandom.com/Special:Redirect/file/Autumn_Fright.png,https://swordburst2.fandom.com/wiki/Autumn_Fright,*Pumpkin Reaper *The Cucurbita,4569,9138,,,TRUE,18%,+17%,,10,5-7,clean_legendaries,30-40 Prismatic Apex 2 Floria's Gift,2026-09-19 02:35 UTC,2026-09-18T22:52:00Z
68,Augustus,Spear,,Legendary,285,https://swordburst2.fandom.com/Special:Redirect/file/Augustus.png,https://swordburst2.fandom.com/wiki/Augustus,Suspended Unborn,9763,19526,,,TRUE,21%,+18%,+18%,0.5,0.5,clean_legendaries,Floor 12,2026-09-19 02:35 UTC,2026-09-18T22:52:00Z
69,Aurora's Reach,Spear,Limited,Uncommon,250,https://swordburst2.fandom.com/Special:Redirect/file/Aurora's_Reach.png,https://swordburst2.fandom.com/wiki/Aurora's_Reach,Rekindled Unborn,9500,13300,,,TRUE,20%,+18%,+18%,,,,,2026-09-19 02:35 UTC,2026-09-18T22:52:00Z
70,Azure Tide,Rapier,,Legendary,,https://swordburst2.fandom.com/Special:Redirect/file/AzureTide.webp,https://swordburst2.fandom.com/wiki/Azure_Tide,"Aeganatos, The Sunken Sovereign",34970,69940,,,TRUE,14%,+25%,+25%,1,1,clean_legendaries,- Rotational Floors -,2026-09-19 02:35 UTC,2026-09-18T22:52:00Z
71,Azure Chillbreaker,Greatsword,Limited,Legendary,200,https://swordburst2.fandom.com/Special:Redirect/file/Azure_Chillbreaker.png,https://swordburst2.fandom.com/wiki/Azure_Chillbreaker,Ghost of the Present,7750,,,,TRUE,12%,+8%,+8%,1,,clean_legendaries,Easter Realm (2023),2026-09-19 02:35 UTC,2026-09-18T22:52:00Z
72,Azured Bastion Shield,Accessory,Shield,Legendary,150,https://swordburst2.fandom.com/Special:Redirect/file/Azured_Bastion_Shield.png,https://swordburst2.fandom.com/wiki/Azured_Bastion_Shield,Duality Reaper,,,8500,,TRUE,,+4%,+4%,1-2,,clean_legendaries,Floor 11,2026-09-19 02:35 UTC,2026-09-18T22:52:00Z
73,Azureveil Strikeblade,Longsword,,Legendary,175,https://swordburst2.fandom.com/Special:Redirect/file/Azureveil_Strikeblade.png,https://swordburst2.fandom.com/wiki/Azureveil_Strikeblade,"Za, the Eldest",2879,,,,FALSE,12%,+3%,+8%,,,,,2026-09-19 02:35 UTC,2026-09-18T22:52:00Z
74,Azure Starlight,Katana,Vieny's [[Tributes|Tribute]] <small>()</small,Tribute,175,https://swordburst2.fandom.com/Special:Redirect/file/Azure_Star.png,https://swordburst2.fandom.com/wiki/Azure_Starlight,Blooming Plateau,3500,7000,,,TRUE,45%,1%,2%,5,4,tributes,Floor 8,2026-09-19 02:35 UTC,2026-09-18T22:52:00Z
75,Azure Fang,Longsword,Limited,Legendary,100,https://swordburst2.fandom.com/Special:Redirect/file/Azure_Fang.png,https://swordburst2.fandom.com/wiki/Azure_Fang,Ghost of the Present,2700,,,,TRUE,15%,+16%,+11%,1,,clean_legendaries,Easter Realm (2023),2026-09-19 02:35 UTC,2026-09-18T22:52:00Z
76,Balanced Regen Necklace,Accessory,Necklace,Uncommon,62,https://swordburst2.fandom.com/Special:Redirect/file/Balanced_Regen_Necklace.png,https://swordburst2.fandom.com/wiki/Balanced_Regen_Necklace,Frogazoid,,,250,,TRUE,,+8%,+8%,,,,,2026-09-19 02:35 UTC,2026-09-18T22:52:00Z
77,Azure Strike,Spear,,Legendary,150,https://swordburst2.fandom.com/Special:Redirect/file/Azure_Strike_In-game_Icon.png,https://swordburst2.fandom.com/wiki/Azure_Strike,"Ra, the Enlightener",2168,4336,,,TRUE,21%,+5%,+4%,1,1,clean_legendaries,Floor 11,2026-09-19 02:35 UTC,2026-09-18T22:52:00Z
78,Azurite Apparation,Longsword,small>(Axe)</small,Rare,100,https://swordburst2.fandom.com/Special:Redirect/file/Azurite_Apparation.png,https://swordburst2.fandom.com/wiki/Azurite_Apparation,Cursed Giant,2400,,,,TRUE,12%,2%,11%,,,,,2026-09-19 02:35 UTC,2026-09-18T22:52:00Z
79,Azurite Longsword,Longsword,,Rare,65,https://swordburst2.fandom.com/Special:Redirect/file/Azurite_Longsword.png,https://swordburst2.fandom.com/wiki/Azurite_Longsword,Smashroom the Mushroom Behemoth,652,1043,,,TRUE,12%,,,,,,,2026-09-19 02:35 UTC,2026-09-18T22:52:00Z
80,Banananana,Longsword,,Tribute,320,https://swordburst2.fandom.com/Special:Redirect/file/Banananana.png,https://swordburst2.fandom.com/wiki/Banananana,Gorilla Berserker,Level Based +100 per level,,,,FALSE,40%,+28%,+30%,,,,,2026-09-19 02:35 UTC,2026-09-18T22:52:00Z
81,Bat Wing,Rapier,,Legendary,200,https://swordburst2.fandom.com/Special:Redirect/file/Bat_Wing.png,https://swordburst2.fandom.com/wiki/Bat_Wing,"*Count Dracula, Vlad Tepes(formerly) *Terror Incarnate",7324,,,,TRUE,11%,8%,5%,1,1-2,clean_legendaries,Easter Realm (2023),2026-09-19 02:35 UTC,2026-09-18T22:52:00Z
82,Berserker Armor,Armor,Category,Common,21,https://swordburst2.fandom.com/Special:Redirect/file/Berserker_Armor.png,https://swordburst2.fandom.com/wiki/Berserker_Armor,Intermediate Shop,,,339,474,TRUE,,,,,,,,2026-09-19 02:35 UTC,2026-09-18T22:52:00Z
83,Binary Encoder,Rapier,,Legendary,200,https://swordburst2.fandom.com/Special:Redirect/file/Binary_Encoder.png,https://swordburst2.fandom.com/wiki/Binary_Encoder,"Za, the Eldest",3662,7324,,,TRUE,11%,+4%,+8%,1,1,clean_legendaries,Floor 11,2026-09-19 02:35 UTC,2026-09-18T22:52:00Z
84,Bianyuan,Greatsword,Axe,Uncommon,10,https://swordburst2.fandom.com/Special:Redirect/file/Bianyuan_Icon.png,https://swordburst2.fandom.com/wiki/Bianyuan,*Guardian's Vessel *Eternal Domain Dungeon,+4 per level,,,,FALSE,5%,+3%,+3%,0.2 - 0.5,,misc,Easter Event,2026-09-19 02:35 UTC,2026-09-18T22:52:00Z
85,Black Crafter's Outfit,Armor,Attire <small>()</small,Tribute,275,https://swordburst2.fandom.com/Special:Redirect/file/Blackcrafter.png,https://swordburst2.fandom.com/wiki/Black_Crafter's_Outfit,Sector-235,,,167597,234635,TRUE,,35%,35%,12-14,10-12,tributes,Floor 12,2026-09-19 02:35 UTC,2026-09-18T22:52:00Z
86,Blackout,Greatsword,Hammer <small>()</small,Uncommon,120,https://swordburst2.fandom.com/Special:Redirect/file/Blackout.png,https://swordburst2.fandom.com/wiki/Blackout,???????,1586,2220,,,TRUE,18%,,,,,,,2026-09-19 02:35 UTC,2026-09-18T22:52:00Z
87,Black Scarf,Accessory,Scarf,Rare,1,https://swordburst2.fandom.com/Special:Redirect/file/Black_Scarf.png,https://swordburst2.fandom.com/wiki/Black_Scarf,Burst Store,,,,,FALSE,,+15%,,,,,,2026-09-19 02:35 UTC,2026-09-18T22:52:00Z
88,Black Omen,Katana,,Rare,200,https://swordburst2.fandom.com/Special:Redirect/file/Black_Omen.png,https://swordburst2.fandom.com/wiki/Black_Omen,Small Candy Bag,Level Based<br>+80 per level,,,,FALSE,5%,5%,5%,,,,,2026-09-19 02:35 UTC,2026-09-18T22:52:00Z
89,Blackwake Raider,Armor,,Common,370,https://swordburst2.fandom.com/Special:Redirect/file/Blackwake_Raider.png,https://swordburst2.fandom.com/wiki/Blackwake_Raider,Plasma Slug,,,295829,414160,TRUE,,+18%,+18%,,,,,2026-09-19 02:35 UTC,2026-09-18T22:52:00Z
90,Blade of Equinox,Katana,Limited Dark Sword,Legendary,340,https://swordburst2.fandom.com/Special:Redirect/file/Blade_of_Equinox.png,https://swordburst2.fandom.com/wiki/Blade_of_Equinox,Helmfirth Exclusive Shop,16580,33160,,,TRUE,20%,+25%,+15%,15+,4-5,clean_legendaries,Thirteenth Edition,2026-09-19 02:35 UTC,2026-09-18T22:52:00Z
91,Blade Of The Canopy,Katana,,Tribute,80,https://swordburst2.fandom.com/Special:Redirect/file/Blade_Of_The_Canopy.png,https://swordburst2.fandom.com/wiki/Blade_Of_The_Canopy,Gorilla Berserker,Level Based +16 per level,,,,FALSE,35%,+20%,+25%,,,,,2026-09-19 02:35 UTC,2026-09-18T22:52:00Z
92,Blade of Hallowing Night,Katana,Limited,Rare,325,https://swordburst2.fandom.com/Special:Redirect/file/Blade_of_Hallowing_Night.png,https://swordburst2.fandom.com/wiki/Blade_of_Hallowing_Night,Helmfirth Exclusive Shop,10500,16800,,,TRUE,12%,+12%,+12%,2,1-2,misc,Nineth Edition,2026-09-19 02:35 UTC,2026-09-18T22:52:00Z
93,Blazing Desire,Katana,Demon Slayer <small>()<small,Legendary,150,https://swordburst2.fandom.com/Special:Redirect/file/Blazing_Desire.png,https://swordburst2.fandom.com/wiki/Blazing_Desire,*Helmfirth Exclusive Shop,2250,4500,,,TRUE,15%,+10%,+10%,1-2,1,clean_legendaries,Fourth Edition,2026-09-19 02:35 UTC,2026-09-18T22:52:00Z
94,Blood Sabre,Katana,,Legendary,400,https://swordburst2.fandom.com/Special:Redirect/file/Blood_Sabre.png,https://swordburst2.fandom.com/wiki/Blood_Sabre,Gift of Rats,58000,,,,TRUE,24%,+6%,+35%,,,,,2026-09-19 02:35 UTC,2026-09-18T22:52:00Z
95,Blade of Glass,Greatsword,Glass Blade,Rare,170,https://swordburst2.fandom.com/Special:Redirect/file/Blade_of_Glass.png,https://swordburst2.fandom.com/wiki/Blade_of_Glass,Watcher,2720,4352,,,TRUE,18%,,+6%,,,,,2026-09-19 02:35 UTC,2026-09-18T22:52:00Z
96,Blood Diamond,Longsword,,Rare,98,https://swordburst2.fandom.com/Special:Redirect/file/Blood_Diamond.png,https://swordburst2.fandom.com/wiki/Blood_Diamond,Clay Giant,1212,,,,FALSE,12%,,,,,,,2026-09-19 02:35 UTC,2026-09-18T22:52:00Z
97,Blood's Influence,Longsword,,Legendary,275,https://swordburst2.fandom.com/Special:Redirect/file/Blood_Influence_Icon.png,https://swordburst2.fandom.com/wiki/Blood's_Influence,"C-618 Uriotol, The Forgotten Hunter",9052,18104,,,TRUE,12%,+11%,,1,1,clean_legendaries,Floor 12,2026-09-19 02:35 UTC,2026-09-18T22:52:00Z
98,Bloodrender,Longsword,,Uncommon,210,https://swordburst2.fandom.com/Special:Redirect/file/Bloodrender.png,https://swordburst2.fandom.com/wiki/Bloodrender,Radio Slug,3989,5584,,,TRUE,12%,+3%,+1%,,,,,2026-09-19 02:35 UTC,2026-09-18T22:52:00Z
99,Blood Terror,Scythe,,Legendary,250,https://swordburst2.fandom.com/Special:Redirect/file/Blood_Terror.png,https://swordburst2.fandom.com/wiki/Blood_Terror,Headless Horseman,11112,,,,TRUE,18%,17%,-5%,7-10,6-8,clean_legendaries,Easter Realm (2023),2026-09-19 02:35 UTC,2026-09-18T22:52:00Z
100,Blitzvollmond,Spear,,Tribute,175,https://swordburst2.fandom.com/Special:Redirect/file/Blitzvollmond_Icon.png,https://swordburst2.fandom.com/wiki/Blitzvollmond,Blooming Plateau,3500,7000,,,TRUE,63%,13%,8%,5,4,tributes,Floor 8,2026-09-19 02:35 UTC,2026-09-18T22:52:00Z
101,Blazeguard,Rapier,,Uncommon,62,https://swordburst2.fandom.com/Special:Redirect/file/Blazeguard.png,https://swordburst2.fandom.com/wiki/Blazeguard,Horned Sailfin Iguana,617,863,,,TRUE,11%,,,,,,,2026-09-19 02:35 UTC,2026-09-18T22:52:00Z
102,Blessed Onimaru,Greatsword,Limited,Rare,145,https://swordburst2.fandom.com/Special:Redirect/file/Blessed_Onimaru.png,https://swordburst2.fandom.com/wiki/Blessed_Onimaru,Ghost of the Present,3360,,,,TRUE,18%,+3%,+3%,0.5,,misc,Winter Event,2026-09-19 02:35 UTC,2026-09-18T22:52:00Z
103,Bloodstained,Rapier,Limited,Uncommon,40,https://swordburst2.fandom.com/Special:Redirect/file/Bloodstained.png,https://swordburst2.fandom.com/wiki/Bloodstained,Arcadia Exclusive Shop,320,448,,,TRUE,4%,+8%,,1,1,misc,Nineth Edition,2026-09-19 02:35 UTC,2026-09-18T22:52:00Z
104,Blood Quench,Katana,,Legendary,200,https://swordburst2.fandom.com/Special:Redirect/file/Blood_Quench.png,https://swordburst2.fandom.com/wiki/Blood_Quench,"Count Dracula, Vlad Tepes",7324,7324,,,TRUE,15%,5%,5%,1-2,0.5-1,clean_legendaries,Easter Realm (2023),2026-09-19 02:35 UTC,2026-09-18T22:52:00Z
105,Blade of Grass,Longsword,Balanced Blade<br,Common,3,https://swordburst2.fandom.com/Special:Redirect/file/Blade_of_Grass.png,https://swordburst2.fandom.com/wiki/Blade_of_Grass,Wolf,8,11,,,TRUE,12%,,,,,,,2026-09-19 02:35 UTC,2026-09-18T22:52:00Z
106,Bloodshard,Rapier,Limited,Rare,55,https://swordburst2.fandom.com/Special:Redirect/file/Bloodshard.png,https://swordburst2.fandom.com/wiki/Bloodshard,Egg Mimic,555,888,,,TRUE,11%,+5%,,1-2,0.5 - 1,misc,Easter Event,2026-09-19 02:35 UTC,2026-09-18T22:52:00Z
107,Bloodsail Marauder,Armor,,Tribute,450,https://swordburst2.fandom.com/Special:Redirect/file/Bloodsail_Marauder.png,https://swordburst2.fandom.com/wiki/Bloodsail_Marauder,"Aeganatos, The Sunken Sovereign",,,715000,1001000,TRUE,,+45%,+45%,50-60,50,tributes,- ROTATIONAL FLOOR TRIBUTES -,2026-09-19 02:35 UTC,2026-09-18T22:52:00Z
108,Bloodtome,Longsword,,Legendary,225,https://swordburst2.fandom.com/Special:Redirect/file/Bloodtome.png,https://swordburst2.fandom.com/wiki/Bloodtome,Alpha Werewolf,4569,9138,,,TRUE,12%,+10%,,25,15,clean_legendaries,30-40 Prismatic Apex 2 Floria's Gift,2026-09-19 02:35 UTC,2026-09-18T22:52:00Z
109,Bloodsteel Titan,Armor,,Tribute,400,https://swordburst2.fandom.com/Special:Redirect/file/Bloodsteel_Titan.webp,https://swordburst2.fandom.com/wiki/Bloodsteel_Titan,Egg Hunt,,,534000,747600,TRUE,,+45%,+65%,12-14,10,tributes,Egg Realm (2026),2026-09-19 02:35 UTC,2026-09-18T22:52:00Z
110,Bloodwing,Longsword,,Uncommon,50,https://swordburst2.fandom.com/Special:Redirect/file/Bloodwing1.png,https://swordburst2.fandom.com/wiki/Bloodwing,Ghost,+8 per level,,,,FALSE,15%,+10%,+10%,,,,,2026-09-19 02:35 UTC,2026-09-18T22:52:00Z
111,Blossem TwinBlade,Spear,Limited Merchant (Limited,Rare,40,https://swordburst2.fandom.com/Special:Redirect/file/Blossem_TwinBlade.png,https://swordburst2.fandom.com/wiki/Blossem_TwinBlade,*Arcadia Exclusive Shop,425,680,,,TRUE,27%,+11%,+11%,,,,,2026-09-19 02:35 UTC,2026-09-18T22:52:00Z
112,Blossom Piercer,Rapier,,Rare,350,https://swordburst2.fandom.com/Special:Redirect/file/Blossom_Piercer.png,https://swordburst2.fandom.com/wiki/Blossom_Piercer,"Tworz, The Ancient",11915,,,,FALSE,11%,+16%,+16%,,,,,2026-09-19 02:35 UTC,2026-09-18T22:52:00Z
113,Blossom Slicer,Katana,,Legendary,375,https://swordburst2.fandom.com/Special:Redirect/file/Blossom_Slicer.png,https://swordburst2.fandom.com/wiki/Blossom_Slicer,"Tworz, The Ancient",22450,,,,FALSE,15%,+20%,+20%,0.5,0.5,clean_legendaries,- Rotational Floors -,2026-09-19 02:35 UTC,2026-09-18T22:52:00Z
114,Blue Cat Ears,Accessory,,Rare,1,https://swordburst2.fandom.com/Special:Redirect/file/Blue_Cat_Ears.png,https://swordburst2.fandom.com/wiki/Blue_Cat_Ears,Burst Store,,,,,FALSE,,,,2,,accessories,Head Gears N/A Untradeable,2026-09-19 02:35 UTC,2026-09-18T22:52:00Z
115,Bluesteel Edge,Katana,,Common,200,https://swordburst2.fandom.com/Special:Redirect/file/Bluesteel_Edge.png,https://swordburst2.fandom.com/wiki/Bluesteel_Edge,Blue Failed Experiment,3662,5126,,,TRUE,15%,,,,,,,2026-09-19 02:35 UTC,2026-09-18T22:52:00Z
116,Bone Picker,Rapier,Category,Common,5,https://swordburst2.fandom.com/Special:Redirect/file/Bone_Picker.png,https://swordburst2.fandom.com/wiki/Bone_Picker,Novice Shop,9,12,,,TRUE,11%,,,,,,,2026-09-19 02:35 UTC,2026-09-18T22:52:00Z
117,Blossom's Guardian,Rapier,Limited Merchant (Limited,Legendary,250,https://swordburst2.fandom.com/Special:Redirect/file/Blossom's_Guardian.png,https://swordburst2.fandom.com/wiki/Blossom's_Guardian,*Helmfirth Exclusive Shop,5824,11648,,,TRUE,15%,15%,15%,5,5,clean_legendaries,Third Edition,2026-09-19 02:35 UTC,2026-09-18T22:52:00Z
118,Bone Reaper,Scythe,,Uncommon,92,https://swordburst2.fandom.com/Special:Redirect/file/Bone_Reaper.png,https://swordburst2.fandom.com/wiki/Bone_Reaper,Shady Villager,1036,1450,,,TRUE,18%,,,,,,,2026-09-19 02:35 UTC,2026-09-18T22:52:00Z
119,Boneplated Shield,Accessory,Shield,Uncommon,160,https://swordburst2.fandom.com/Special:Redirect/file/Boneplated_Shield.png,https://swordburst2.fandom.com/wiki/Boneplated_Shield,Cursed Skeleton,,,3250,,TRUE,,+4%,-2%,,,,,2026-09-19 02:35 UTC,2026-09-18T22:52:00Z
120,Boomshock Shield,Accessory,Shield,Legendary,200,https://swordburst2.fandom.com/Special:Redirect/file/Boomshock_Shield.png,https://swordburst2.fandom.com/wiki/Boomshock_Shield,"Saurus, the All-Seeing",,,12650,,TRUE,,,+5%,1,,clean_legendaries,Floor 11,2026-09-19 02:35 UTC,2026-09-18T22:52:00Z
121,Boreal Edge,Katana,,Common,55,https://swordburst2.fandom.com/Special:Redirect/file/Boreal_Edge.png,https://swordburst2.fandom.com/wiki/Boreal_Edge,Helmfirth Weapon Shop,524,733,,,TRUE,15%,,,,,,,2026-09-19 02:35 UTC,2026-09-18T22:52:00Z
122,Boreal Mail,Armor,,Common,100,https://swordburst2.fandom.com/Special:Redirect/file/Boreal_Mail.png,https://swordburst2.fandom.com/wiki/Boreal_Mail,Gift of Hidden Gems,,,10000,,TRUE,,+5%,+5%,,,,,2026-09-19 02:35 UTC,2026-09-18T22:52:00Z
123,Brimlash,Katana,,Burst,250,https://swordburst2.fandom.com/Special:Redirect/file/Brimlash.png,https://swordburst2.fandom.com/wiki/Brimlash,Crystal Forge,5556,13890,,,TRUE,15%,17%,8%,,,,,2026-09-19 02:35 UTC,2026-09-18T22:52:00Z
124,Borik's Mask,Accessory,Mask,Rare,24,https://swordburst2.fandom.com/Special:Redirect/file/Borik's_Mask.png,https://swordburst2.fandom.com/wiki/Borik's_Mask,Borik the BeeKeeper,,,,,FALSE,,+6%,+6%,,,,,2026-09-19 02:35 UTC,2026-09-18T22:52:00Z
125,Breeze,Longsword,Fan <small>()</small,Rare,72,https://swordburst2.fandom.com/Special:Redirect/file/Breeze.png,https://swordburst2.fandom.com/wiki/Breeze,Sky Raven,779,1246,,,TRUE,12%,,+3%,,,,,2026-09-19 02:35 UTC,2026-09-18T22:52:00Z
126,Broken Greatsword,Longsword,,Uncommon,94,https://swordburst2.fandom.com/Special:Redirect/file/Broken_Greatsword.png,https://swordburst2.fandom.com/wiki/Broken_Greatsword,Guard Hound,1148,,,,FALSE,12%,,,,,,,2026-09-19 02:35 UTC,2026-09-18T22:52:00Z
127,Brownthorn,Rapier,,Rare,350,https://swordburst2.fandom.com/Special:Redirect/file/Brownthorn.png,https://swordburst2.fandom.com/wiki/Brownthorn,Ancient Blossom Knight,11915,19064,,,TRUE,11%,+16%,+16%,,,,,2026-09-19 02:35 UTC,2026-09-18T22:52:00Z
128,Bunny's Bane,Greatsword,Bunny Tribute ( (Battle Axe,Tribute,400,https://swordburst2.fandom.com/Special:Redirect/file/BunnyBane.webp,https://swordburst2.fandom.com/wiki/Bunny's_Bane,Alpha Killer Bunny,+160 per level,,,,FALSE,35%,+30%,+30%,75,,tributes,Egg Realm (2026),2026-09-19 02:35 UTC,2026-09-18T22:52:00Z
129,Bunny Blessing,Accessory,Shield,Legendary,415,https://swordburst2.fandom.com/Special:Redirect/file/Bunny_Blessing.webp,https://swordburst2.fandom.com/wiki/Bunny_Blessing,Alpha Killer Bunny,,,115000,,TRUE,,35%,35%,2-3,,clean_legendaries,Egg Realm (2026),2026-09-19 02:35 UTC,2026-09-18T22:52:00Z
130,Brass Heavyweight,Greatsword,Category,Common,3,https://swordburst2.fandom.com/Special:Redirect/file/Brass_Heavyweight.png,https://swordburst2.fandom.com/wiki/Brass_Heavyweight,Bear,15,21,,,TRUE,18%,,,,,,,2026-09-19 02:35 UTC,2026-09-18T22:52:00Z
131,Brutal Chopper,Longsword,,Legendary,250,https://swordburst2.fandom.com/Special:Redirect/file/Brutal_Chopper.png,https://swordburst2.fandom.com/wiki/Brutal_Chopper,Headless Horseman,11112,,,,TRUE,12%,15%,-4%,15-18,,clean_legendaries,Easter Realm (2023),2026-09-19 02:35 UTC,2026-09-18T22:52:00Z
132,Broken Promise,Greatsword,,Tribute,1,https://swordburst2.fandom.com/Special:Redirect/file/Broken_Promise_Whiteoutline_(2H).png,https://swordburst2.fandom.com/wiki/Broken_Promise,Win BGM's Broken Promise event,1000,2000,,,TRUE,8%,1%,1%,400-450+,200-250,tributes,BGM Exclusive Events,2026-09-19 02:35 UTC,2026-09-18T22:52:00Z
133,Bunny Bonker,Greatsword,Limited FL Hammer <small>()</small,Tribute,250,https://swordburst2.fandom.com/Special:Redirect/file/Bunny_Bonker_Icon2.png,https://swordburst2.fandom.com/wiki/Bunny_Bonker,*Guardian's Vessel *Eternal Domain Dungeon,+60 per level,,,,FALSE,25%,+24%,+24%,,3-5,tributes,Egg Realm (2026),2026-09-19 02:35 UTC,2026-09-18T22:52:00Z
134,Bunny Dagger,Longsword,Bunny Tribute,Tribute,415,https://swordburst2.fandom.com/Special:Redirect/file/BunnyDagger.webp,https://swordburst2.fandom.com/wiki/Bunny_Dagger,Egg Hunt 2026,Level Based +178 per level,,,,FALSE,40%,+35%,+35%,30,,tributes,Egg Realm (2026),2026-09-19 02:35 UTC,2026-09-18T22:52:00Z
135,Bunny Mask,Accessory,Mask,Rare,1,https://swordburst2.fandom.com/Special:Redirect/file/Bunny_Mask.png,https://swordburst2.fandom.com/wiki/Bunny_Mask,Burst Store,,,,,FALSE,,6%,6%,,,,,2026-09-19 02:35 UTC,2026-09-18T22:52:00Z
136,Butterfly Shield,Accessory,Limited (Shield,Tribute,300,https://swordburst2.fandom.com/Special:Redirect/file/Butterfly_Shield.png,https://swordburst2.fandom.com/wiki/Butterfly_Shield,*Arcadia Exclusive Shop *Helmfirth Exclusive Shop,,,37000,,TRUE,,+25%,+25%,5,,tributes,First Edition,2026-09-19 02:35 UTC,2026-09-18T22:52:00Z
137,BushBack Blade,Katana,,Common,15,https://swordburst2.fandom.com/Special:Redirect/file/BushBack_Blade.png,https://swordburst2.fandom.com/wiki/BushBack_Blade,Intermediate Shop,38,53,,,TRUE,15%,,,,,,,2026-09-19 02:35 UTC,2026-09-18T22:52:00Z
138,Candy Cane Slasher,Rapier,Limited,Legendary,100,https://swordburst2.fandom.com/Special:Redirect/file/Candy_Cane_Slasher.png,https://swordburst2.fandom.com/wiki/Candy_Cane_Slasher,Krampus,2602,,,,TRUE,11%,+60%,,0.5,,clean_legendaries,Easter Realm (2023),2026-09-19 02:35 UTC,2026-09-18T22:52:00Z
139,Butcher's Bane,Greatsword,,Uncommon,325,https://swordburst2.fandom.com/Special:Redirect/file/Butcher's_Bane.png,https://swordburst2.fandom.com/wiki/Butcher's_Bane,Rapapouillie,10640,14896,,,TRUE,18%,+12%,+12%,,,,,2026-09-19 02:35 UTC,2026-09-18T22:52:00Z
140,Caelum,Longsword,Dagger <small>()</small,Rare,350,https://swordburst2.fandom.com/Special:Redirect/file/Caelum.png,https://swordburst2.fandom.com/wiki/Caelum,Ancient Blossom Knight,11915,19064,,,TRUE,12%,+16%,+16%,,,,,2026-09-19 02:35 UTC,2026-09-18T22:52:00Z
141,Candy Spear,Spear,SBO (Limited,Rare,92,https://swordburst2.fandom.com/Special:Redirect/file/Candy_Spear.png,https://swordburst2.fandom.com/wiki/Candy_Spear,Arcadia Exclusive Shop,1112,1779,,,TRUE,10%,+8%,+8%,1,1,misc,Fifth Edition,2026-09-19 02:35 UTC,2026-09-18T22:52:00Z
142,Cataclysm,Scythe,,Legendary,85,https://swordburst2.fandom.com/Special:Redirect/file/Cataclysm.png,https://swordburst2.fandom.com/wiki/Cataclysm,Gargoyle Reaper,1086,2172,,,TRUE,18%,,+10%,0.5,1,clean_legendaries,Floor 9,2026-09-19 02:35 UTC,2026-09-18T22:52:00Z
143,Cardinal Slayer,Greatsword,Limited,Legendary,240,https://swordburst2.fandom.com/Special:Redirect/file/Cardinal_Slayer.png,https://swordburst2.fandom.com/wiki/Cardinal_Slayer,Frosty Fields,5200,10400,,,TRUE,20%,+15%,+15%,3-4,2-3,clean_legendaries,Fifteenth Edition,2026-09-19 02:35 UTC,2026-09-18T22:52:00Z
144,Carrot Cartridge Belt,Accessory,,Legendary,270,https://swordburst2.fandom.com/Special:Redirect/file/Carrot_Cartridge_Belt.webp,https://swordburst2.fandom.com/wiki/Carrot_Cartridge_Belt,Alpha Killer Bunny,,,32000,,TRUE,,+50%,+50%,5-6,,clean_legendaries,Egg Realm (2026),2026-09-19 02:35 UTC,2026-09-18T22:52:00Z
145,Carrot Claw Gauntlet,Accessory,,Legendary,200,https://swordburst2.fandom.com/Special:Redirect/file/Carrot_Claw_Gauntlet.webp,https://swordburst2.fandom.com/wiki/Carrot_Claw_Gauntlet,Killer Bunny,,,12000,,TRUE,,+42%,+42%,4,,clean_legendaries,Egg Realm (2026),2026-09-19 02:35 UTC,2026-09-18T22:52:00Z
146,Carrot Carver,Greatsword,Limited,Legendary,400,https://swordburst2.fandom.com/Special:Redirect/file/Carrot_Carver.webp,https://swordburst2.fandom.com/wiki/Carrot_Carver,Alpha Killer Bunny,33400,66800,,,TRUE,20%,25%,25%,2-3,1,clean_legendaries,Egg Realm (2026),2026-09-19 02:35 UTC,2026-09-18T22:52:00Z
147,Cataclysmic Bone Sword,Greatsword,Limited,Legendary,100,https://swordburst2.fandom.com/Special:Redirect/file/Cataclysmic_Bone_Sword.png,https://swordburst2.fandom.com/wiki/Cataclysmic_Bone_Sword,Arcadia Exclusive Shop,1400,2800,,,TRUE,20%,+20%,+20%,10-12,4-6,clean_legendaries,Eighth Edition,2026-09-19 02:35 UTC,2026-09-18T22:52:00Z
148,Celestial Quasar,Spear,Event,Tribute,1,https://swordburst2.fandom.com/Special:Redirect/file/Celestial_Quasar.png,https://swordburst2.fandom.com/wiki/Celestial_Quasar,Special Event,15000,30000,,,TRUE,20%,+20%,+10%,Untradeable,Untradeable,tributes,BGM Exclusive Events,2026-09-19 02:35 UTC,2026-09-18T22:52:00Z
149,Cellebore,Rapier,,Common,67,https://swordburst2.fandom.com/Special:Redirect/file/Cellebore.png,https://swordburst2.fandom.com/wiki/Cellebore,Helmfirth Weapon Shop,677,947,,,TRUE,11%,,,,,,,2026-09-19 02:35 UTC,2026-09-18T22:52:00Z
150,Celeste,Greatsword,Category,Rare,35,https://swordburst2.fandom.com/Special:Redirect/file/Celeste.png,https://swordburst2.fandom.com/wiki/Celeste,Qerach The Forgotten Golem,210,336,,,TRUE,18%,,,,,,,2026-09-19 02:35 UTC,2026-09-18T22:52:00Z
151,Cerulean Gilded Blade,Rapier,Limited,Legendary,250,https://swordburst2.fandom.com/Special:Redirect/file/Cerulean_Gilded_Blade.png,https://swordburst2.fandom.com/wiki/Cerulean_Gilded_Blade,Ghost of the Future,11600,,,,TRUE,11%,15%,10%,1,,clean_legendaries,Easter Realm (2023),2026-09-19 02:35 UTC,2026-09-18T22:52:00Z
152,Cetosar,Longsword,Limited,Legendary,100,https://swordburst2.fandom.com/Special:Redirect/file/Cetosar_Icon.png,https://swordburst2.fandom.com/wiki/Cetosar,Rat,2602,,,,TRUE,12%,+20%,,5-8,,clean_legendaries,Easter Realm (2023),2026-09-19 02:35 UTC,2026-09-18T22:52:00Z
153,Cerberus,Katana,Category,Rare,35,https://swordburst2.fandom.com/Special:Redirect/file/Cerberus.png,https://swordburst2.fandom.com/wiki/Cerberus,Alpha Icewhal,210,336,,,TRUE,15%,,,,,,,2026-09-19 02:35 UTC,2026-09-18T22:52:00Z
154,Cereal Killer,Greatsword,,Rare,350,https://swordburst2.fandom.com/Special:Redirect/file/Cereal_Killer.png,https://swordburst2.fandom.com/wiki/Cereal_Killer,Cheese-Dip Slime,11915,,,,FALSE,18%,+16%,+16%,,,,,2026-09-19 02:35 UTC,2026-09-18T22:52:00Z
155,Chaos Platemail,Armor,,Legendary,85,https://swordburst2.fandom.com/Special:Redirect/file/Chaos_Platemail.png,https://swordburst2.fandom.com/wiki/Chaos_Platemail,Mortis the Flaming Sear,,,8976,12566,TRUE,,+8%,,0.5,0.5,clean_legendaries,Floor 9,2026-09-19 02:35 UTC,2026-09-18T22:52:00Z
156,Chaos Bringer,Accessory,Sakura Shield,Tribute,400,https://swordburst2.fandom.com/Special:Redirect/file/Chaos_Bringer.png,https://swordburst2.fandom.com/wiki/Chaos_Bringer,Eternal Garden,,,200000,,TRUE,,+25%,+25%,80-90,,tributes,- ROTATIONAL FLOOR TRIBUTES -,2026-09-19 02:35 UTC,2026-09-18T22:52:00Z
157,Chef's Tool,Rapier,,Uncommon,325,https://swordburst2.fandom.com/Special:Redirect/file/Chef's_Tool.png,https://swordburst2.fandom.com/wiki/Chef's_Tool,Cheese-Dip Slime,10640,14896,,,TRUE,11%,+12%,+12%,,,,,2026-09-19 02:35 UTC,2026-09-18T22:52:00Z
158,Chaos Blade,Longsword,,Rare,80,https://swordburst2.fandom.com/Special:Redirect/file/Chaos_Blade.png,https://swordburst2.fandom.com/wiki/Chaos_Blade,Undead Warrior,938,1500,,,TRUE,12%,,,,,,,2026-09-19 02:35 UTC,2026-09-18T22:52:00Z
159,Cerussite Greatsword,Greatsword,,Common,55,https://swordburst2.fandom.com/Special:Redirect/file/Cerussite_Greatsword.png,https://swordburst2.fandom.com/wiki/Cerussite_Greatsword,Helmfirth Weapon Shop,524,733,,,TRUE,18%,,,,,,,2026-09-19 02:35 UTC,2026-09-18T22:52:00Z
160,Chilling Edge,Katana,Category,Common,29,https://swordburst2.fandom.com/Special:Redirect/file/Chilling_Edge.png,https://swordburst2.fandom.com/wiki/Chilling_Edge,Icewhal,136,190,,,TRUE,15%,,,,,,,2026-09-19 02:35 UTC,2026-09-18T22:52:00Z
161,Chroma Carver,Greatsword,Category: | Limited Greatword,Legendary,275,https://swordburst2.fandom.com/Special:Redirect/file/Chroma_Craver.png,https://swordburst2.fandom.com/wiki/Chroma_Carver,Killer Bunny,9500,19000,,,TRUE,18%,+16%,+16%,2-3,1-2,clean_legendaries,Egg Realm (2025),2026-09-19 02:35 UTC,2026-09-18T22:52:00Z
162,Cinder Crust,Armor,,Legendary,75,https://swordburst2.fandom.com/Special:Redirect/file/Cinder_Crust.png,https://swordburst2.fandom.com/wiki/Cinder_Crust,Gift of Meadows,,,15000,,TRUE,,+8%,+8%,,,,,2026-09-19 02:35 UTC,2026-09-18T22:52:00Z
163,Chronolyx,Accessory,Shield,Legendary,275,https://swordburst2.fandom.com/Special:Redirect/file/F12_Shield8.png,https://swordburst2.fandom.com/wiki/Chronolyx,"C-618 Uriotol, The Forgotten Hunter",,,30750,,TRUE,,+2%,+8%,3-4,,clean_legendaries,Floor 12,2026-09-19 02:35 UTC,2026-09-18T22:52:00Z
164,Christmas Wish,Longsword,Limited,Rare,92,https://swordburst2.fandom.com/Special:Redirect/file/Christmas_Wish.png,https://swordburst2.fandom.com/wiki/Christmas_Wish,Dark Frost Goblin,1550,,,,TRUE,12%,+5%,+5%,1,,misc,Winter Event,2026-09-19 02:35 UTC,2026-09-18T22:52:00Z
165,Chromatic Spirit,Scythe,Soul Eater (Limited,Rare,65,https://swordburst2.fandom.com/Special:Redirect/file/Chromatic_Spirit.png,https://swordburst2.fandom.com/wiki/Chromatic_Spirit,*Arcadia Exclusive Shop,681,1089,,,TRUE,9%,+6%,+6%,0.5-1,0.5-1,misc,Fourth Edition,2026-09-19 02:35 UTC,2026-09-18T22:52:00Z
166,Cinder Plated Armor,Armor,,Rare,350,https://swordburst2.fandom.com/Special:Redirect/file/Cinder_Plated_Armor.webp,https://swordburst2.fandom.com/wiki/Cinder_Plated_Armor,Corrupted Atheon,,,291560,408184,TRUE,,+35%,+20%,,,,,2026-09-19 02:35 UTC,2026-09-18T22:52:00Z
167,Clover Shield,Accessory,Shield,Uncommon,40,https://swordburst2.fandom.com/Special:Redirect/file/Clover_Shield.png,https://swordburst2.fandom.com/wiki/Clover_Shield,Lion Protector,,,500,,TRUE,,,+3%,,,,,2026-09-19 02:35 UTC,2026-09-18T22:52:00Z
168,Coal Miner Clothes,Armor,,Common,5,https://swordburst2.fandom.com/Special:Redirect/file/Coal_Miner_Clothes.png,https://swordburst2.fandom.com/wiki/Coal_Miner_Clothes,Novice Shop,,,36,50,TRUE,,,,,,,,2026-09-19 02:35 UTC,2026-09-18T22:52:00Z
169,Coat of Twilight,Armor,,Uncommon,12,https://swordburst2.fandom.com/Special:Redirect/file/Coat_of_Twilight.png,https://swordburst2.fandom.com/wiki/Coat_of_Twilight,Rahjin the Thief King,,,124,173,TRUE,,,,,,,,2026-09-19 02:35 UTC,2026-09-18T22:52:00Z
170,Cloak of Night,Accessory,Cape,Uncommon,1,https://swordburst2.fandom.com/Special:Redirect/file/Cloak_of_Night.png,https://swordburst2.fandom.com/wiki/Cloak_of_Night,Burst Store,,,,,FALSE,,+9%,+9%,,,,,2026-09-19 02:35 UTC,2026-09-18T22:52:00Z
171,Cold Harvest,Scythe,,Tribute,250,https://swordburst2.fandom.com/Special:Redirect/file/Cold_Harvest.png,https://swordburst2.fandom.com/wiki/Cold_Harvest,Gift of Glitches,20000,,,,TRUE,30%,+5%,+15%,Untradeable,,tributes,Gift Hunt 2026,2026-09-19 02:35 UTC,2026-09-18T22:52:00Z
172,Cobalt Titan,Armor,,Legendary,70,https://swordburst2.fandom.com/Special:Redirect/file/Cobalt_Titan.png,https://swordburst2.fandom.com/wiki/Cobalt_Titan,Hippogriff,,,6840,,FALSE,,+4%,+3%,0.5-1,0.5,clean_legendaries,Floor 8,2026-09-19 02:35 UTC,2026-09-18T22:52:00Z
173,Coffin,Accessory,Shield,Rare,82,https://swordburst2.fandom.com/Special:Redirect/file/Coffin.png,https://swordburst2.fandom.com/wiki/Coffin,Gargoyle Reaper,,,675,,TRUE,,+20%,-7%,,,,,2026-09-19 02:35 UTC,2026-09-18T22:52:00Z
174,Coleak Operate,Spear,Limited,Uncommon,40,https://swordburst2.fandom.com/Special:Redirect/file/Coleak_Operate.png,https://swordburst2.fandom.com/wiki/Coleak_Operate,Arcadia Exclusive Shop,324,453,,,TRUE,5%,+4%,+4%,2,2,misc,Eighth Edition,2026-09-19 02:35 UTC,2026-09-18T22:52:00Z
175,Cold Soul Blade,Longsword,Limited,Legendary,65,https://swordburst2.fandom.com/Special:Redirect/file/Cold_Soul_Blade.png,https://swordburst2.fandom.com/wiki/Cold_Soul_Blade,Rat,1364,,,,TRUE,12%,+25%,+25%,8,,clean_legendaries,Easter Realm (2023),2026-09-19 02:35 UTC,2026-09-18T22:52:00Z
176,Conqueror's Wish,Armor,,Burst,350,https://swordburst2.fandom.com/Special:Redirect/file/Conquerer's_wish.png,https://swordburst2.fandom.com/wiki/Conqueror's_Wish,Crystal Forge,,,394496,,FALSE,,+25%,+25%,,,,,2026-09-19 02:35 UTC,2026-09-18T22:52:00Z
177,Conqueror,Rapier,,Rare,75,https://swordburst2.fandom.com/Special:Redirect/file/Conqueror.png,https://swordburst2.fandom.com/wiki/Conqueror,Hippogriff,824,1318,,,TRUE,11%,,,,,,,2026-09-19 02:35 UTC,2026-09-18T22:52:00Z
178,Contrivance,Katana,,Rare,185,https://swordburst2.fandom.com/Special:Redirect/file/Contrivance.png,https://swordburst2.fandom.com/wiki/Contrivance,Meta Figure,3194,5110,,,TRUE,15%,,,,,,,2026-09-19 02:35 UTC,2026-09-18T22:52:00Z
179,Coral Strike,Rapier,,Rare,405,https://swordburst2.fandom.com/Special:Redirect/file/Coral_Strike.png,https://swordburst2.fandom.com/wiki/Coral_Strike,Shark,31215,49944,,,TRUE,11%,+18%,+18%,,,,,2026-09-19 02:35 UTC,2026-09-18T22:52:00Z
180,Contrition,Greatsword,,Common,15,https://swordburst2.fandom.com/Special:Redirect/file/Contrition.png,https://swordburst2.fandom.com/wiki/Contrition,Intermediate Shop,38,53,,,TRUE,18%,,,,,,,2026-09-19 02:35 UTC,2026-09-18T22:52:00Z
181,Coral Crusader,Armor,,Uncommon,380,https://swordburst2.fandom.com/Special:Redirect/file/Coral_Crusader.png,https://swordburst2.fandom.com/wiki/Coral_Crusader,Wither Fish,,,318651,446111,TRUE,,+22%,+22%,,,,,2026-09-19 02:35 UTC,2026-09-18T22:52:00Z
182,Corrupted Sky,Longsword,I can see Spirits <small>()</small,Tribute,400,https://swordburst2.fandom.com/Special:Redirect/file/Corrupted_Sky.jpg,https://swordburst2.fandom.com/wiki/Corrupted_Sky,Event,30000,60000,,,TRUE,30%,40%,40%,,,,,2026-09-19 02:35 UTC,2026-09-18T22:52:00Z
183,Cosmic Burst,Greatsword,Limited Merchant <small>()</small,Legendary,200,https://swordburst2.fandom.com/Special:Redirect/file/Cosmic_Burst.png,https://swordburst2.fandom.com/wiki/Cosmic_Burst,*Arcadia Exclusive Shop *Helmfirth Exclusive Shop,3800,7600,,,TRUE,18%,+6%,+6%,3,1-2,clean_legendaries,First Edition,2026-09-19 02:35 UTC,2026-09-18T22:52:00Z
184,Coral Slicer,Longsword,,Common,375,https://swordburst2.fandom.com/Special:Redirect/file/Coral_Slicer.png,https://swordburst2.fandom.com/wiki/Coral_Slicer,Plasma Slug,27514,38520,,,TRUE,12%,15%,15%,,,,,2026-09-19 02:35 UTC,2026-09-18T22:52:00Z
185,Corrupted Wings,Accessory,Wings,Tribute,400,https://swordburst2.fandom.com/Special:Redirect/file/CAWING.webp,https://swordburst2.fandom.com/wiki/Corrupted_Wings,Corrupted Atheon,,,172000,,TRUE,,+50%,+35%,Untradeable,,tributes,Atheon's Realm,2026-09-19 02:35 UTC,2026-09-18T22:52:00Z
186,Cosmos Annihilation,Katana,,Tribute,1,https://swordburst2.fandom.com/Special:Redirect/file/Broken_Wish_(Weapon)_Icon_Temporary.png,https://swordburst2.fandom.com/wiki/Cosmos_Annihilation,Win BGM's Broken Wish or Cosmos Annihilation event,1000,2000,,,TRUE,15%,+1%,+1%,200-250,200-250,tributes,BGM Exclusive Events,2026-09-19 02:35 UTC,2026-09-18T22:52:00Z
187,Council,Longsword,,Rare,75,https://swordburst2.fandom.com/Special:Redirect/file/Council.png,https://swordburst2.fandom.com/wiki/Council,Dungeon Crusader,824,1318,,,TRUE,12%,,,,,,,2026-09-19 02:35 UTC,2026-09-18T22:52:00Z
188,Cosmic Fragment,Greatsword,Great Axe <small>()</small,Tribute,1,https://swordburst2.fandom.com/Special:Redirect/file/Cosmic_Fragment.png,https://swordburst2.fandom.com/wiki/Cosmic_Fragment,Special Event,15000,30000,,,TRUE,18%,1%,1%,Untradeable,Untradeable,tributes,BGM Exclusive Events,2026-09-19 02:35 UTC,2026-09-18T22:52:00Z
189,Crafter's Outfit,Armor,Attire <small>()</small,Common,15,https://swordburst2.fandom.com/Special:Redirect/file/Crafter's_Outfit.png,https://swordburst2.fandom.com/wiki/Crafter's_Outfit,Item Crystal (formerly),,,175,245,TRUE,,+6%,+4%,80+,25-30,misc,Item Crystal,2026-09-19 02:35 UTC,2026-09-18T22:52:00Z
190,Crimson Aegis,Accessory,Shield,Rare,1,https://swordburst2.fandom.com/Special:Redirect/file/Crimson_Aegis.png,https://swordburst2.fandom.com/wiki/Crimson_Aegis,Crimson Bundle,,,250,,TRUE,,,,50+,,accessories,Crimson Bundle,2026-09-19 02:35 UTC,2026-09-18T22:52:00Z
191,Crimson Conflict,Katana,Bleach (Limited,Rare,50,https://swordburst2.fandom.com/Special:Redirect/file/Crimson_Conflict.png,https://swordburst2.fandom.com/wiki/Crimson_Conflict,*Arcadia Exclusive Shop,450,720,,,TRUE,12%,+3%,+3%,1-2,1-2,misc,Fourth Edition,2026-09-19 02:35 UTC,2026-09-18T22:52:00Z
192,Crimson's Judgement,Greatsword,Limited FL,Legendary,1,https://swordburst2.fandom.com/Special:Redirect/file/Crimson's_Judgement.png,https://swordburst2.fandom.com/wiki/Crimson's_Judgement,Crimson Bundle,+145 per level.,,,,FALSE,20%,+20%,+20%,Untradeable,,clean_legendaries,Crimson Bundle,2026-09-19 02:35 UTC,2026-09-18T22:52:00Z
193,Crimson Catastrophe,Katana,Limited,Uncommon,15,https://swordburst2.fandom.com/Special:Redirect/file/Crimson_Catastrophe.png,https://swordburst2.fandom.com/wiki/Crimson_Catastrophe,*Arcadia Exclusive Shop *Helmfirth Exclusive Shop,31,43,,,TRUE,4%,+3%,+3%,300k vels,300k vels,misc,Sixth Edition,2026-09-19 02:35 UTC,2026-09-18T22:52:00Z
194,Crimson Current,Armor,,Legendary,425,https://swordburst2.fandom.com/Special:Redirect/file/Crimson_Current.png,https://swordburst2.fandom.com/wiki/Crimson_Current,Leviathan,,,460000,644000,TRUE,,+30%,+30%,0.5-1,0.5,clean_legendaries,- Rotational Floors -,2026-09-19 02:35 UTC,2026-09-18T22:52:00Z
195,Crimson Havoc,Rapier,Kill la Kill (Limited,Uncommon,15,https://swordburst2.fandom.com/Special:Redirect/file/Crimson_Havoc.png,https://swordburst2.fandom.com/wiki/Crimson_Havoc,*Arcadia Exclusive Shop,31,43,,,TRUE,5%,+4%,+4%,1.2 - 2,1.2 - 2,misc,Fourth Edition,2026-09-19 02:35 UTC,2026-09-18T22:52:00Z
196,Crimson Blaze,Katana,Limited,Tribute,400,https://swordburst2.fandom.com/Special:Redirect/file/Crimson_Blaze.png,https://swordburst2.fandom.com/wiki/Crimson_Blaze,Frosty Fields,28700,57400,,,TRUE,42%,+65%,+65%,25,20,tributes,Winter Edition,2026-09-19 02:35 UTC,2026-09-18T22:52:00Z
197,Crimson Wings,Accessory,Wings,Rare,1,https://swordburst2.fandom.com/Special:Redirect/file/Crimson_Wings.png,https://swordburst2.fandom.com/wiki/Crimson_Wings,Burst Store,,,,,FALSE,,+21%,,2-3,,accessories,Waist / Back,2026-09-19 02:35 UTC,2026-09-18T22:52:00Z
198,Crimson Rapier,Rapier,Category,Common,15,https://swordburst2.fandom.com/Special:Redirect/file/Crimson_Rapier.png,https://swordburst2.fandom.com/wiki/Crimson_Rapier,Intermediate Shop,38,53,,,TRUE,11%,,,,,,,2026-09-19 02:35 UTC,2026-09-18T22:52:00Z
199,Crimson Field Cape,Accessory,Cape,Legendary,1,https://swordburst2.fandom.com/Special:Redirect/file/Crimson_Field_Cape.png,https://swordburst2.fandom.com/wiki/Crimson_Field_Cape,Burst Store,,,,,FALSE,,+19%,,,,,,2026-09-19 02:35 UTC,2026-09-18T22:52:00Z
200,Crimson Talon,Spear,Limited,Tribute,415,https://swordburst2.fandom.com/Special:Redirect/file/Crimson_Talon.png,https://swordburst2.fandom.com/wiki/Crimson_Talon,,<br>+161 per level,,,,FALSE,35%,50%,38%,6-8,,tributes,Egg Realm (2026),2026-09-19 02:35 UTC,2026-09-18T22:52:00Z
201,Crimson Tide,Katana,,Legendary,435,https://swordburst2.fandom.com/Special:Redirect/file/Crimson_Tide.png,https://swordburst2.fandom.com/wiki/Crimson_Tide,Kraken,34970,69940,,,TRUE,18%,+25%,+25%,1-2,1-2,clean_legendaries,- Rotational Floors -,2026-09-19 02:35 UTC,2026-09-18T22:52:00Z
202,Crecent Silver,Rapier,Limited,Tribute,405,https://swordburst2.fandom.com/Special:Redirect/file/Crecent_Silver.png,https://swordburst2.fandom.com/wiki/Crecent_Silver,Helmfirth Exclusive Shop,32000,64000,,,TRUE,40%,+50%,+50%,35-40,30,tributes,Eleventh Edition,2026-09-19 02:35 UTC,2026-09-18T22:52:00Z
203,Crimson Lust,Scythe,Limited,Uncommon,18,https://swordburst2.fandom.com/Special:Redirect/file/Crimson_Lust.png,https://swordburst2.fandom.com/wiki/Crimson_Lust,Arcadia Exclusive Shop,80,112,,,TRUE,2%,+2%,+2%,0.3 - 0.5,0.3 - 0.5,misc,Nineth Edition,2026-09-19 02:35 UTC,2026-09-18T22:52:00Z
204,Crystal Cleaver,Rapier,Limited,Rare,75,https://swordburst2.fandom.com/Special:Redirect/file/Crystal_Cleaver.png,https://swordburst2.fandom.com/wiki/Crystal_Cleaver,Glacius Howler,1350,,,,TRUE,12%,+12%,+12%,1,,misc,Winter Event,2026-09-19 02:35 UTC,2026-09-18T22:52:00Z
205,Crystal Espada,Rapier,Category,Common,29,https://swordburst2.fandom.com/Special:Redirect/file/Crystal_Espada.png,https://swordburst2.fandom.com/wiki/Crystal_Espada,Icewhal,136,190,,,TRUE,11%,,,,,,,2026-09-19 02:35 UTC,2026-09-18T22:52:00Z
206,Crown of Thorns,Accessory,,Rare,92,https://swordburst2.fandom.com/Special:Redirect/file/Crown_of_Thorns.png,https://swordburst2.fandom.com/wiki/Crown_of_Thorns,"Baal, The Tormentor",,,375,,TRUE,,+23%,+5%,,,,,2026-09-19 02:35 UTC,2026-09-18T22:52:00Z
207,Crystalerium Blade,Greatsword,,Common,52,https://swordburst2.fandom.com/Special:Redirect/file/Crystalerium_Blade.png,https://swordburst2.fandom.com/wiki/Crystalerium_Blade,Helmfirth Weapon Shop,445,623,,,TRUE,18%,,,,,,,2026-09-19 02:35 UTC,2026-09-18T22:52:00Z
208,Crownsguard Fatigues,Armor,,Legendary,275,https://swordburst2.fandom.com/Special:Redirect/file/Crownsguard_Fatigues.png,https://swordburst2.fandom.com/wiki/Crownsguard_Fatigues,Limor the Devourer,,,151894,212,TRUE,,+6%,+12%,,,,,2026-09-19 02:35 UTC,2026-09-18T22:52:00Z
209,Crystal Shard,Longsword,Limited Frozen Wonders Collection,Legendary,200,https://swordburst2.fandom.com/Special:Redirect/file/Crystal_Shard.webp,https://swordburst2.fandom.com/wiki/Crystal_Shard,Helmfirth Exclusive Shop,5100,10200,,,TRUE,18%,+18%,18%,1,1,clean_legendaries,Fourteenth Edition,2026-09-19 02:35 UTC,2026-09-18T22:52:00Z
210,Crystalized Spear,Spear,,Legendary,75,https://swordburst2.fandom.com/Special:Redirect/file/Crystalized_Spear.png,https://swordburst2.fandom.com/wiki/Crystalized_Spear,Formaug the Jungle Giant,902,1804,,,TRUE,21%,+4%,+4%,0.5,0.5,clean_legendaries,Floor 8,2026-09-19 02:35 UTC,2026-09-18T22:52:00Z
211,Crystalized Flower,Rapier,,Rare,170,https://swordburst2.fandom.com/Special:Redirect/file/Crystalized_Flower.png,https://swordburst2.fandom.com/wiki/Crystalized_Flower,Helmfirth Exclusive Shop,2850,4560,,,TRUE,15%,+4%,+4%,,,,,2026-09-19 02:35 UTC,2026-09-18T22:52:00Z
212,Cuisine Slicer,Longsword,,Uncommon,300,https://swordburst2.fandom.com/Special:Redirect/file/Cuisine_Slicer.png,https://swordburst2.fandom.com/wiki/Cuisine_Slicer,Burger Mimic,7212,10096,,,TRUE,12%,+11%,+11%,,,,,2026-09-19 02:35 UTC,2026-09-18T22:52:00Z
213,Cultist Robes of Evil,Armor,,Legendary,150,https://swordburst2.fandom.com/Special:Redirect/file/Cultist_Robes_of_Evil.png,https://swordburst2.fandom.com/wiki/Cultist_Robes_of_Evil,"Da, the Demeanor",,,17336,24270,TRUE,,+9%,,1,1,clean_legendaries,Floor 11,2026-09-19 02:35 UTC,2026-09-18T22:52:00Z
214,Crystalized Parasol,Spear,Limited Frozen Wonders Collection,Tribute,415,https://swordburst2.fandom.com/Special:Redirect/file/Crystalized_Parasol.webp,https://swordburst2.fandom.com/wiki/Crystalized_Parasol,Helmfirth Exclusive Shop,33918,67836,,,TRUE,40%,+46%,+46%,25-30,20-25,tributes,Fourteenth Edition,2026-09-19 02:35 UTC,2026-09-18T22:52:00Z
215,Crystalline,Longsword,Limited,Uncommon,1,https://swordburst2.fandom.com/Special:Redirect/file/Crystalline.png,https://swordburst2.fandom.com/wiki/Crystalline,Icy Imp,105,147,,,TRUE,12%,+1%,+1%,4-5,2-3,misc,Winter Event,2026-09-19 02:35 UTC,2026-09-18T22:52:00Z
216,Cultist Robes Of Light,Armor,,Legendary,150,https://swordburst2.fandom.com/Special:Redirect/file/Cultist_Robes_of_Light.png,https://swordburst2.fandom.com/wiki/Cultist_Robes_Of_Light,"Ka, the Mischief",,,17336,24270,TRUE,,,+11%,1,1,clean_legendaries,Floor 11,2026-09-19 02:35 UTC,2026-09-18T22:52:00Z
217,Cursed Cleaver,Katana,,Rare,96,https://swordburst2.fandom.com/Special:Redirect/file/Cursed_Cleaver.png,https://swordburst2.fandom.com/wiki/Cursed_Cleaver,Clay Giant,1188,1900,,,TRUE,15%,+2%,,,,,,2026-09-19 02:35 UTC,2026-09-18T22:52:00Z
218,Cupid's Heartbreak,Scythe,Limited,Tribute,275,https://swordburst2.fandom.com/Special:Redirect/file/Cupid's_Heartbreak.png,https://swordburst2.fandom.com/wiki/Cupid's_Heartbreak,Broken Bearus,Level Based +80 per level,,,,FALSE,35%,+20%,+20%,,,,,2026-09-19 02:35 UTC,2026-09-18T22:52:00Z
219,Curse Atlantis,Greatsword,Curse of Atlantis ( (Axe,Tribute,445,https://swordburst2.fandom.com/Special:Redirect/file/Curse_Atlantis.png,https://swordburst2.fandom.com/wiki/Curse_Atlantis,Atlantis,38000,76000,,,TRUE,35%,29%,29%,15,12-15,tributes,- ROTATIONAL FLOOR TRIBUTES -,2026-09-19 02:35 UTC,2026-09-18T22:52:00Z
220,Current's Divide,Greatsword,,Legendary,435,https://swordburst2.fandom.com/Special:Redirect/file/Current's_Divide.png,https://swordburst2.fandom.com/wiki/Current's_Divide,"Aeganatos, The Sunken Sovereign",34970,69940,,,TRUE,18%,+29%,+29%,1,1,clean_legendaries,- Rotational Floors -,2026-09-19 02:35 UTC,2026-09-18T22:52:00Z
221,Cybermilitary,Armor,,Uncommon,110,https://swordburst2.fandom.com/Special:Redirect/file/Cybermilitary.png,https://swordburst2.fandom.com/wiki/Cybermilitary,Soul Eater,,,8554,11975,TRUE,,,,,,,,2026-09-19 02:35 UTC,2026-09-18T22:52:00Z
222,Cybertana,Katana,,Rare,170,https://swordburst2.fandom.com/Special:Redirect/file/Cybertana.png,https://swordburst2.fandom.com/wiki/Cybertana,Soul Eater,2720,4352,,,TRUE,15%,+2%,+2%,,,,,2026-09-19 02:35 UTC,2026-09-18T22:52:00Z
223,Cyclone Blade,Longsword,,Uncommon,24,https://swordburst2.fandom.com/Special:Redirect/file/Cyclone_Blade.png,https://swordburst2.fandom.com/wiki/Cyclone_Blade,*Giant Ruins Hornet *Hidden Chest (formerly),95,133,,,TRUE,12%,,,,,,,2026-09-19 02:35 UTC,2026-09-18T22:52:00Z
224,Cyclone Katana,Katana,,Common,12,https://swordburst2.fandom.com/Special:Redirect/file/Cyclone_Katana.png,https://swordburst2.fandom.com/wiki/Cyclone_Katana,Novice Shop,25,35,,,TRUE,15%,,,,,,,2026-09-19 02:35 UTC,2026-09-18T22:52:00Z
225,Cypher Mage,Armor,,Rare,280,https://swordburst2.fandom.com/Special:Redirect/file/Cypher_Mage.png,https://swordburst2.fandom.com/wiki/Cypher_Mage,Limor the Devourer,,,132260,185164,TRUE,,+8%,+8%,,,,,2026-09-19 02:35 UTC,2026-09-18T22:52:00Z
226,Cyronid,Spear,Limited,Common,200,https://swordburst2.fandom.com/Special:Redirect/file/Cyronid.png,https://swordburst2.fandom.com/wiki/Cyronid,Frostgre,5126,,,,TRUE,21%,,,0.5,,misc,Winter Event,2026-09-19 02:35 UTC,2026-09-18T22:52:00Z
227,DG-59,Greatsword,,Rare,250,https://swordburst2.fandom.com/Special:Redirect/file/DG-59.png,https://swordburst2.fandom.com/wiki/DG-59,Newborn Abomination,5556,8889,,,TRUE,18%,+12%,-3%,,,,,2026-09-19 02:35 UTC,2026-09-18T22:52:00Z
228,Dark Iris,Greatsword,Limited,Rare,15,https://swordburst2.fandom.com/Special:Redirect/file/Dark_Iris.png,https://swordburst2.fandom.com/wiki/Dark_Iris,*Arcadia Exclusive Shop *Helmfirth Exclusive Shop,70,112,,,TRUE,4%,+2%,+2%,1,1,misc,Sixth Edition,2026-09-19 02:35 UTC,2026-09-18T22:52:00Z
229,Dark Fang,Longsword,,Rare,115,https://swordburst2.fandom.com/Special:Redirect/file/Dark_Fang.png,https://swordburst2.fandom.com/wiki/Dark_Fang,Gift of Shade,2528,,,,TRUE,12%,+9%,+3%,,,,,2026-09-19 02:35 UTC,2026-09-18T22:52:00Z
230,Dark Paladin Shield,Accessory,Shield,Common,88,https://swordburst2.fandom.com/Special:Redirect/file/Dark_Paladin_Shield.png,https://swordburst2.fandom.com/wiki/Dark_Paladin_Shield,Transylvania Shop,,,1475,,TRUE,,+2%,,,,,,2026-09-19 02:35 UTC,2026-09-18T22:52:00Z
231,Dark Harvest,Scythe,,Common,21,https://swordburst2.fandom.com/Special:Redirect/file/Dark_Harvest.png,https://swordburst2.fandom.com/wiki/Dark_Harvest,Spooky Hollow Shop,152,212,,,TRUE,18%,,,,,,,2026-09-19 02:35 UTC,2026-09-18T22:52:00Z
232,Dark Purifier,Longsword,,Legendary,100,https://swordburst2.fandom.com/Special:Redirect/file/Dark_Purifier.png,https://swordburst2.fandom.com/wiki/Dark_Purifier,"Baal, The Tormentor",1301,2602,,,TRUE,12%,4%,1%,0.5,0.5,clean_legendaries,Floor 10,2026-09-19 02:35 UTC,2026-09-18T22:52:00Z
233,Dark Null,Greatsword,,Burst,300,https://swordburst2.fandom.com/Special:Redirect/file/Dark_Null.png,https://swordburst2.fandom.com/wiki/Dark_Null,Crystal Forge,9958,24895,,,TRUE,18%,80%,,,,,,2026-09-19 02:35 UTC,2026-09-18T22:52:00Z
234,Darkwrath,Longsword,DIAA Limited 1H,Legendary,200,https://swordburst2.fandom.com/Special:Redirect/file/Darkwrath.png,https://swordburst2.fandom.com/wiki/Darkwrath,Helmfirth Exclusive Shop,3450,6900,,,TRUE,15%,+18%,+18%,0.3,0.3,clean_legendaries,Tenth Edition,2026-09-19 02:35 UTC,2026-09-18T22:52:00Z
235,Darkflame,Longsword,Origin's [[Tributes|Tribute]] <small>()</small,Tribute,225,https://swordburst2.fandom.com/Special:Redirect/file/Darkflame.png,https://swordburst2.fandom.com/wiki/Darkflame,Transylvania,5250,10500,,,TRUE,36%,+2%,+1%,20-25,12-15,tributes,Floor 10,2026-09-19 02:35 UTC,2026-09-18T22:52:00Z
236,Dawnbreaker,Longsword,,Uncommon,62,https://swordburst2.fandom.com/Special:Redirect/file/Dawnbreaker.png,https://swordburst2.fandom.com/wiki/Dawnbreaker,Blightmouth,617,863,,,TRUE,12%,,,,,,,2026-09-19 02:35 UTC,2026-09-18T22:52:00Z
237,Dark Voodo,Scythe,Limited,Legendary,200,https://swordburst2.fandom.com/Special:Redirect/file/Dark_Voodo.png,https://swordburst2.fandom.com/wiki/Dark_Voodo,Terror Incarnate,7600,15200,,,TRUE,16%,+10%,+10%,2-3,3-4,clean_legendaries,Easter Realm (2023),2026-09-19 02:35 UTC,2026-09-18T22:52:00Z
238,Darkash,Greatsword,,Legendary,200,https://swordburst2.fandom.com/Special:Redirect/file/Darkash.png,https://swordburst2.fandom.com/wiki/Darkash,Big Candy Bag,Level Based<br>+100 per level,,,,FALSE,10%,10%,10%,0.2 - 0.5,,clean_legendaries,- MISCELLANEOUS -,2026-09-19 02:35 UTC,2026-09-18T22:52:00Z
239,Data Shard,Spear,,Legendary,135,https://swordburst2.fandom.com/Special:Redirect/file/Data_Shard_Icon_In-game.png,https://swordburst2.fandom.com/wiki/Data_Shard,"Ka, the Mischief",1735,3470,,,TRUE,21%,+4%,+5%,1,1,clean_legendaries,Floor 11,2026-09-19 02:35 UTC,2026-09-18T22:52:00Z
240,Dark Star,Greatsword,,Rare,96,https://swordburst2.fandom.com/Special:Redirect/file/Dark_Star.png,https://swordburst2.fandom.com/wiki/Dark_Star,Shady Villager,1188,1900,,,TRUE,18%,,+2%,,,,,2026-09-19 02:35 UTC,2026-09-18T22:52:00Z
241,Daunted Dark Disc,Longsword,Disc <small>()</small,Tribute,290,https://swordburst2.fandom.com/Special:Redirect/file/Daunted_Dark_Disc.png,https://swordburst2.fandom.com/wiki/Daunted_Dark_Disc,Sector-235,11375,22750,,,TRUE,75%,17%,,3-4,2-3,tributes,Floor 12,2026-09-19 02:35 UTC,2026-09-18T22:52:00Z
242,Darken Scholar,Armor,,Legendary,250,https://swordburst2.fandom.com/Special:Redirect/file/Darken_Scholar.png,https://swordburst2.fandom.com/wiki/Darken_Scholar,Radioactive Experiment,,,91560,128184,TRUE,,+18%,+18%,1,1-2,clean_legendaries,Floor 12,2026-09-19 02:35 UTC,2026-09-18T22:52:00Z
243,Deadlock,Spear,,Rare,350,https://swordburst2.fandom.com/Special:Redirect/file/Deadlock.png,https://swordburst2.fandom.com/wiki/Deadlock,"Tworz, The Ancient",11915,,,,FALSE,21%,+16%,+16%,,,,,2026-09-19 02:35 UTC,2026-09-18T22:52:00Z
244,Dawning Light,Greatsword,Battle Axe <small>()</small,Legendary,40,https://swordburst2.fandom.com/Special:Redirect/file/Dawning_Light.png,https://swordburst2.fandom.com/wiki/Dawning_Light,Irath The Lion,315,,,,FALSE,18%,1%,1%,1,0.5-1,clean_legendaries,Floor 4,2026-09-19 02:35 UTC,2026-09-18T22:52:00Z
245,Darkheart,Rapier,Category,Uncommon,12,https://swordburst2.fandom.com/Special:Redirect/file/Darkheart.png,https://swordburst2.fandom.com/wiki/Darkheart,Ruin Knight,25,35,,,TRUE,11%,,,,,,,2026-09-19 02:35 UTC,2026-09-18T22:52:00Z
246,Death Gale,Rapier,,Rare,200,https://swordburst2.fandom.com/Special:Redirect/file/Death_Gale.png,https://swordburst2.fandom.com/wiki/Death_Gale,Small Candy Bag,Level Based<br>+80 per level,,,,FALSE,5%,5%,5%,,,,,2026-09-19 02:35 UTC,2026-09-18T22:52:00Z
247,Death's Maelstrom,Spear,,Legendary,200,https://swordburst2.fandom.com/Special:Redirect/file/Death's_Maelstorm.png,https://swordburst2.fandom.com/wiki/Death's_Maelstrom,Enraged Wendigo,7324,,,,TRUE,21%,8%,8%,0.5-1,1-2,clean_legendaries,Easter Realm (2023),2026-09-19 02:35 UTC,2026-09-18T22:52:00Z
248,Death Sealer,Scythe,Corrupted,Tribute,350,https://swordburst2.fandom.com/Special:Redirect/file/Death_Sealer.webp,https://swordburst2.fandom.com/wiki/Death_Sealer,Corrupted Atheon,24725,49450,,,TRUE,38%,+38%,+60%,15,10,tributes,Atheon's Realm,2026-09-19 02:35 UTC,2026-09-18T22:52:00Z
249,Death Grim,Longsword,,Rare,200,https://swordburst2.fandom.com/Special:Redirect/file/Death_Grim.png,https://swordburst2.fandom.com/wiki/Death_Grim,Small Candy Bag,Level Based<br>+80 per level,,,,FALSE,5%,+5%,+5%,,,,,2026-09-19 02:35 UTC,2026-09-18T22:52:00Z
250,Death Spike,Rapier,,Legendary,225,https://swordburst2.fandom.com/Special:Redirect/file/Death_Spike.png,https://swordburst2.fandom.com/wiki/Death_Spike,"Egnor, the Undead King",4569,9138,,,TRUE,11%,+16%,,3-4,1-2,clean_legendaries,30-40 Prismatic Apex 2 Floria's Gift,2026-09-19 02:35 UTC,2026-09-18T22:52:00Z
251,Declaration,Longsword,Limited,Rare,24,https://swordburst2.fandom.com/Special:Redirect/file/Declaration.png,https://swordburst2.fandom.com/wiki/Declaration,Mega Present,2024,,,,TRUE,12%,,,,,,,2026-09-19 02:35 UTC,2026-09-18T22:52:00Z
252,Deep Freeze,Longsword,,Uncommon,32,https://swordburst2.fandom.com/Special:Redirect/file/Deep_Freeze.png,https://swordburst2.fandom.com/wiki/Deep_Freeze,Ice Elemental,181,253,,,TRUE,12%,,,,,,,2026-09-19 02:35 UTC,2026-09-18T22:52:00Z
253,Decaying Shroud,Armor,,Uncommon,11,https://swordburst2.fandom.com/Special:Redirect/file/Decaying_Shroud.png,https://swordburst2.fandom.com/wiki/Decaying_Shroud,Ruin Kobold Knight,,,104,146,TRUE,,,,,,,,2026-09-19 02:35 UTC,2026-09-18T22:52:00Z
254,Deathplate,Armor,,Rare,96,https://swordburst2.fandom.com/Special:Redirect/file/Deathplate_Armor.png,https://swordburst2.fandom.com/wiki/Deathplate,Wendigo,,,8328,11659,TRUE,,+2%,+5%,,,,,2026-09-19 02:35 UTC,2026-09-18T22:52:00Z
255,Defender Armor,Armor,,Common,29,https://swordburst2.fandom.com/Special:Redirect/file/Defender_Armor.png,https://swordburst2.fandom.com/wiki/Defender_Armor,*Alpha Icewhal,,,871,1219,TRUE,,,,,,,,2026-09-19 02:35 UTC,2026-09-18T22:52:00Z
256,Deity's Might,Spear,,Rare,98,https://swordburst2.fandom.com/Special:Redirect/file/Deity's_Might.png,https://swordburst2.fandom.com/wiki/Deity's_Might,Wendigo,1212,,,,FALSE,21%,,+2%,,,,,2026-09-19 02:35 UTC,2026-09-18T22:52:00Z
257,Delicacy Crafter,Katana,,Rare,325,https://swordburst2.fandom.com/Special:Redirect/file/Delicacy_Crafter.png,https://swordburst2.fandom.com/wiki/Delicacy_Crafter,Rapapouillie,9135,14616,,,TRUE,15%,+15%,+15%,,,,,2026-09-19 02:35 UTC,2026-09-18T22:52:00Z
258,Demon's Fang,Scythe,,Tribute,450,https://swordburst2.fandom.com/Special:Redirect/file/DMFRemodel2yesBGMCOOL.png,https://swordburst2.fandom.com/wiki/Demon's_Fang,Rekindled Unborn,90000,,,,TRUE,35%,60%,60%,220-230,,tributes,Floor 6 / Undershroud,2026-09-19 02:35 UTC,2026-09-18T22:52:00Z
259,Demon's Darkness,Greatsword,Sulier's [[Tributes|Tribute]] <small>(Hammer/)</small,Tribute,225,https://swordburst2.fandom.com/Special:Redirect/file/Demon'sDarkness.png,https://swordburst2.fandom.com/wiki/Demon's_Darkness,Transylvania,5250,10500,,,TRUE,54%,+5%,,7-8,6-7,tributes,Floor 10,2026-09-19 02:35 UTC,2026-09-18T22:52:00Z
260,Demon's Light,Greatsword,Sulier's [[Tributes|Tribute]] <small>(Hammer/)</small,Tribute,280,https://swordburst2.fandom.com/Special:Redirect/file/Demons_Light.png,https://swordburst2.fandom.com/wiki/Demon's_Light,Sector-235,10750,21500,,,TRUE,40%,+20%,+20%,6-8,4-5,tributes,Floor 12,2026-09-19 02:35 UTC,2026-09-18T22:52:00Z
261,Demon Shield,Accessory,Shield,Legendary,85,https://swordburst2.fandom.com/Special:Redirect/file/Demon_Shield.png,https://swordburst2.fandom.com/wiki/Demon_Shield,Mortis the Flaming Sear,,,1875,,TRUE,,+3%,+3%,0.5,,clean_legendaries,Floor 9,2026-09-19 02:35 UTC,2026-09-18T22:52:00Z
262,Demonic Pelt Armor,Armor,,Common,55,https://swordburst2.fandom.com/Special:Redirect/file/Demonic_Pelt_Armor.png,https://swordburst2.fandom.com/wiki/Demonic_Pelt_Armor,Helmfirth Armor Shop,,,3904,5465,TRUE,,,,,,,,2026-09-19 02:35 UTC,2026-09-18T22:52:00Z
263,Derezzed Dark Disc,Longsword,Disc <small>()</small,Tribute,290,https://swordburst2.fandom.com/Special:Redirect/file/Derezzed_Dark_Disc.png,https://swordburst2.fandom.com/wiki/Derezzed_Dark_Disc,Sector-235,11375,22750,,,TRUE,75%,,18%,3-4,2-3,tributes,Floor 12,2026-09-19 02:35 UTC,2026-09-18T22:52:00Z
264,Desenorator,Armor,Exclusive,Tribute,410,https://swordburst2.fandom.com/Special:Redirect/file/Desenorator.png,https://swordburst2.fandom.com/wiki/Desenorator,"Ramseis, Chef of Souls",,,535715,750001,TRUE,,+35%,+50%,50,50,tributes,- ROTATIONAL FLOOR TRIBUTES -,2026-09-19 02:35 UTC,2026-09-18T22:52:00Z
265,Desert Needle,Rapier,,Common,43,https://swordburst2.fandom.com/Special:Redirect/file/Desert_Needle.png,https://swordburst2.fandom.com/wiki/Desert_Needle,Advanced Shop,324,453,,,TRUE,11%,,,,,,,2026-09-19 02:35 UTC,2026-09-18T22:52:00Z
266,Demon Pride,Greatsword,Axe,Legendary,350,https://swordburst2.fandom.com/Special:Redirect/file/Demon_Pride.png,https://swordburst2.fandom.com/wiki/Demon_Pride,Skeletal Mage,+109 per level,,,,FALSE,28%,20%,25%,1,,clean_legendaries,Egg Realm (2025),2026-09-19 02:35 UTC,2026-09-18T22:52:00Z
267,Desert Storm,Longsword,,Legendary,50,https://swordburst2.fandom.com/Special:Redirect/file/Desert_Storm.png,https://swordburst2.fandom.com/wiki/Desert_Storm,Fire Scorpion,419,838,,,TRUE,12%,+3%,+2%,4,2-3,clean_legendaries,Floor 5,2026-09-19 02:35 UTC,2026-09-18T22:52:00Z
268,Demoncull,Spear,Limited FL Limited,Tribute,410,https://swordburst2.fandom.com/Special:Redirect/file/Demoncull.png,https://swordburst2.fandom.com/wiki/Demoncull,Eternal Domain Dungeon,72000,,,,TRUE,35%,+30%,+30%,,6-8,tributes,Egg Realm (2026),2026-09-19 02:35 UTC,2026-09-18T22:52:00Z
269,Destined Dark Disc,Longsword,Disc <small>()</small,Tribute,290,https://swordburst2.fandom.com/Special:Redirect/file/Greendisc.png,https://swordburst2.fandom.com/wiki/Destined_Dark_Disc,Sector-235,11375,22750,,,TRUE,75%,6%,12%,3-4,2-3,tributes,Floor 12,2026-09-19 02:35 UTC,2026-09-18T22:52:00Z
270,Desert Shroud,Armor,,Uncommon,48,https://swordburst2.fandom.com/Special:Redirect/file/Desert_Shroud.png,https://swordburst2.fandom.com/wiki/Desert_Shroud,Sand Scorpion,,,2634,3687,TRUE,,,,,,,,2026-09-19 02:35 UTC,2026-09-18T22:52:00Z
271,Destiny Rewriter,Katana,Angelic Theme,Legendary,300,https://swordburst2.fandom.com/Special:Redirect/file/Destiny_Rewriter.webp,https://swordburst2.fandom.com/wiki/Destiny_Rewriter,*Helmfirth Exclusive Shop,14000,28000,,,TRUE,35%,24%,24%,20,20,clean_legendaries,Fifteenth Edition,2026-09-19 02:35 UTC,2026-09-18T22:52:00Z
272,Destiny's Song,Rapier,,Legendary,100,https://swordburst2.fandom.com/Special:Redirect/file/Destiny's_Song.png,https://swordburst2.fandom.com/wiki/Destiny's_Song,Grim the Overseer,1301,2602,,,TRUE,11%,+3%,+4%,0.5,0.5,clean_legendaries,Floor 10,2026-09-19 02:35 UTC,2026-09-18T22:52:00Z
273,Despair,Katana,Limited,Uncommon,20,https://swordburst2.fandom.com/Special:Redirect/file/Despair.png,https://swordburst2.fandom.com/wiki/Despair,Arcadia Exclusive Shop,100,140,,,TRUE,4%,+2%,+2%,1,1,misc,Eighth Edition,2026-09-19 02:35 UTC,2026-09-18T22:52:00Z
274,Devastation,Katana,Corrupted,Legendary,400,https://swordburst2.fandom.com/Special:Redirect/file/Devastation.webp,https://swordburst2.fandom.com/wiki/Devastation,Corrupted Atheon,31200,62400,,,TRUE,35%,+30%,+50%,1,0.5,clean_legendaries,Atheon's Realm,2026-09-19 02:35 UTC,2026-09-18T22:52:00Z
275,Devil's Apocalypse,Greatsword,Corrupted Atheon,Legendary,350,https://swordburst2.fandom.com/Special:Redirect/file/Devil's_Apocalypse.webp,https://swordburst2.fandom.com/wiki/Devil's_Apocalypse,Corrupted Atheon,25542,56084,,,TRUE,30%,+20%,+50%,1,0.5,clean_legendaries,Atheon's Realm,2026-09-19 02:35 UTC,2026-09-18T22:52:00Z
276,Devil's Advocate,Rapier,,Legendary,250,https://swordburst2.fandom.com/Special:Redirect/file/Devil's_Advocate.png,https://swordburst2.fandom.com/wiki/Devil's_Advocate,Headless Horseman,11112,,,,TRUE,11%,3%,22%,4-6,,clean_legendaries,Easter Realm (2023),2026-09-19 02:35 UTC,2026-09-18T22:52:00Z
277,Devil's Ember,Longsword,Solo Leveling (Limited (Dagger,Tribute,400,https://swordburst2.fandom.com/Special:Redirect/file/Devil's_Ember.png,https://swordburst2.fandom.com/wiki/Devil's_Ember,*Helmfirth Exclusive Shop,25000,50000,,,TRUE,20%,+25%,+25%,6,6,tributes,Fourth Edition,2026-09-19 02:35 UTC,2026-09-18T22:52:00Z
278,Devils Gambit,Greatsword,Limited Merchant (Limited,Legendary,230,https://swordburst2.fandom.com/Special:Redirect/file/Devils_Gambit.png,https://swordburst2.fandom.com/wiki/Devils_Gambit,*Helmfirth Exclusive Shop,5279,10558,,,TRUE,20%,+10%,+10%,4-5,2-3,clean_legendaries,Second Edition,2026-09-19 02:35 UTC,2026-09-18T22:52:00Z
279,Digitalizer,Greatsword,Battle Axe <small>()</small,Legendary,200,https://swordburst2.fandom.com/Special:Redirect/file/Digitalizer.png,https://swordburst2.fandom.com/wiki/Digitalizer,Duality Reaper,3662,7324,,,TRUE,18%,+9%,+4%,3-4,3-4,clean_legendaries,Floor 11,2026-09-19 02:35 UTC,2026-09-18T22:52:00Z
280,Dimensional Core,Katana,Limited,Tribute,400,https://swordburst2.fandom.com/Special:Redirect/file/Dimensional_Core.png,https://swordburst2.fandom.com/wiki/Dimensional_Core,Helmfirth Exclusive Shop,30000,60000,,,TRUE,35%,+40%,+40%,10,8,tributes,Sixth Edition,2026-09-19 02:35 UTC,2026-09-18T22:52:00Z
281,Dexi,Longsword,Limited,Uncommon,150,https://swordburst2.fandom.com/Special:Redirect/file/Dexi.png,https://swordburst2.fandom.com/wiki/Dexi,Gift of Mimics,2400,,,,TRUE,12%,,+3%,,50-100,misc,Gift Items,2026-09-19 02:35 UTC,2026-09-18T22:52:00Z
282,Divine Decree,Greatsword,Da Hamma (Hammer,Legendary,375,https://swordburst2.fandom.com/Special:Redirect/file/Divine_Decree.png,https://swordburst2.fandom.com/wiki/Divine_Decree,Rekindled Unborn,22000,44000,,,TRUE,25%,20%,20%,0.2 - 0.5,,clean_legendaries,Floor 6 / Undershroud,2026-09-19 02:35 UTC,2026-09-18T22:52:00Z
283,Dismay,Katana,,Rare,180,https://swordburst2.fandom.com/Special:Redirect/file/Dismay.png,https://swordburst2.fandom.com/wiki/Dismay,Stone Gargoyle,3038,4860,,,TRUE,15%,+8%,,15,15,misc,2-3 Hallow Merchant 2-3 Knight Claymore,2026-09-19 02:35 UTC,2026-09-18T22:52:00Z
284,Disintegrator,Spear,,Rare,250,https://swordburst2.fandom.com/Special:Redirect/file/Disintegrator_Icon.png,https://swordburst2.fandom.com/wiki/Disintegrator,Scav,5556,8889,,,TRUE,21%,+15%,+3%,,,,,2026-09-19 02:35 UTC,2026-09-18T22:52:00Z
285,Devouring Spirit,Longsword,,Rare,85,https://swordburst2.fandom.com/Special:Redirect/file/Devouring_Spirit.png,https://swordburst2.fandom.com/wiki/Devouring_Spirit,Crumbling Gargoyle,2000,,,,TRUE,12%,5%,5%,,,,,2026-09-19 02:35 UTC,2026-09-18T22:52:00Z
286,Divine Gladiator,Greatsword,Limited,Tribute,400,https://swordburst2.fandom.com/Special:Redirect/file/Divine_Gladiator.png,https://swordburst2.fandom.com/wiki/Divine_Gladiator,Frosty Fields,27450,54900,,,TRUE,36%,33%,33%,25,22,tributes,Winter Edition,2026-09-19 02:35 UTC,2026-09-18T22:52:00Z
287,Divine Inferno,Longsword,,Rare,82,https://swordburst2.fandom.com/Special:Redirect/file/Divine_Inferno.png,https://swordburst2.fandom.com/wiki/Divine_Inferno,Undead Berserker,938,1598,,,TRUE,12%,,,,,,,2026-09-19 02:35 UTC,2026-09-18T22:52:00Z
288,Divine Kaleido,Greatsword,Limited,Legendary,75,https://swordburst2.fandom.com/Special:Redirect/file/Divine_Kaleido.png,https://swordburst2.fandom.com/wiki/Divine_Kaleido,Easterian Knight,902,1804,,,TRUE,18%,+4%,+3%,1-2,0.5,clean_legendaries,Easter Realm (2023),2026-09-19 02:35 UTC,2026-09-18T22:52:00Z
289,Divine Judgement,Greatsword,Angelic Theme (Hammer,Tribute,440,https://swordburst2.fandom.com/Special:Redirect/file/Divine_Judgement_ico.webp,https://swordburst2.fandom.com/wiki/Divine_Judgement,Helmfirth Exclusive Shop,40000,80000,,,TRUE,51%,+42%,+42%,75-80,75-80,tributes,Fifteenth Edition,2026-09-19 02:35 UTC,2026-09-18T22:52:00Z
290,Divulged Dark Disc,Longsword,Disc <small>()</small,Tribute,290,https://swordburst2.fandom.com/Special:Redirect/file/Divulged_Dark_Disk.png,https://swordburst2.fandom.com/wiki/Divulged_Dark_Disc,Sector-235,11375,22750,,,TRUE,75%,9%,9%,3-4,2-3,tributes,Floor 12,2026-09-19 02:35 UTC,2026-09-18T22:52:00Z
291,Doomsday Clock,Longsword,,Common,25,https://swordburst2.fandom.com/Special:Redirect/file/Doomsday_Clock.png,https://swordburst2.fandom.com/wiki/Doomsday_Clock,Abyssal Spider,441,,,,TRUE,12%,,,,,,,2026-09-19 02:35 UTC,2026-09-18T22:52:00Z
292,Divine Platemail,Armor,,Legendary,100,https://swordburst2.fandom.com/Special:Redirect/file/Divine_Platemail.png,https://swordburst2.fandom.com/wiki/Divine_Platemail,Grim the Overseer,,,10914,15279,TRUE,,+4%,+5%,0.5,0.5,clean_legendaries,Floor 10,2026-09-19 02:35 UTC,2026-09-18T22:52:00Z
293,Dragon's Bane,Greatsword,,Uncommon,78,https://swordburst2.fandom.com/Special:Redirect/file/Dragon's_Bane.png,https://swordburst2.fandom.com/wiki/Dragon's_Bane,*Lingerer *Enraged Lingerer,864,1209,,,TRUE,18%,,,,,,,2026-09-19 02:35 UTC,2026-09-18T22:52:00Z
294,Doom Albaxross,Scythe,Limited,Legendary,50,https://swordburst2.fandom.com/Special:Redirect/file/Doom_Albaxross.png,https://swordburst2.fandom.com/wiki/Doom_Albaxross,*Arcadia Exclusive Shop *Helmfirth Exclusive Shop,450,900,,,TRUE,20%,+5%,+5%,0.5,0.5,clean_legendaries,Sixth Edition,2026-09-19 02:35 UTC,2026-09-18T22:52:00Z
295,Dracula's Cape,Accessory,Cape,Legendary,100,https://swordburst2.fandom.com/Special:Redirect/file/Dracula's_Cape.png,https://swordburst2.fandom.com/wiki/Dracula's_Cape,Vampiric Bat,,,,,FALSE,,50%,30%,2-3,,clean_legendaries,Easter Realm (2023),2026-09-19 02:35 UTC,2026-09-18T22:52:00Z
296,DragonFang Scythe,Scythe,,Legendary,85,https://swordburst2.fandom.com/Special:Redirect/file/DragonFang_Scythe.png,https://swordburst2.fandom.com/wiki/DragonFang_Scythe,Mortis the Flaming Sear,1086,,,,FALSE,18%,+8%,-2%,0.5,0.5,clean_legendaries,Floor 9,2026-09-19 02:35 UTC,2026-09-18T22:52:00Z
297,Doomslayer,Greatsword,,Common,110,https://swordburst2.fandom.com/Special:Redirect/file/Doomslayer.png,https://swordburst2.fandom.com/wiki/Doomslayer,"* Reaper * Da, the Demeanor (formerly)",1368,1915,,,TRUE,18%,,,,,,,2026-09-19 02:35 UTC,2026-09-18T22:52:00Z
298,Divine Ruin,Longsword,Limited Light Dark Sword,Legendary,375,https://swordburst2.fandom.com/Special:Redirect/file/Divine_Ruin.png,https://swordburst2.fandom.com/wiki/Divine_Ruin,Helmfirth Exclusive Shop,22450,44900,,,TRUE,28%,+32%,+20%,20+,15,clean_legendaries,Thirteenth Edition,2026-09-19 02:35 UTC,2026-09-18T22:52:00Z
299,Dragonskull Robe,Armor,,Legendary,75,https://swordburst2.fandom.com/Special:Redirect/file/Dragonskull_Robe.png,https://swordburst2.fandom.com/wiki/Dragonskull_Robe,Formaug the Jungle Giant,,,7529,10540,TRUE,,+3%,+4%,,,,,2026-09-19 02:35 UTC,2026-09-18T22:52:00Z
300,Dragons Soul,Greatsword,Contributor <small>(Hammer / )</small,Tribute,420,https://swordburst2.fandom.com/Special:Redirect/file/Dragons_Soul.png,https://swordburst2.fandom.com/wiki/Dragons_Soul,Rekindled Unborn,70000,,,,TRUE,35%,50%,50%,20,,tributes,Floor 6 / Undershroud,2026-09-19 02:35 UTC,2026-09-18T22:52:00Z
301,Drakovir,Katana,Limited,Legendary,100,https://swordburst2.fandom.com/Special:Redirect/file/Drakovir_Icon.png,https://swordburst2.fandom.com/wiki/Drakovir,Rat,2602,,,,TRUE,15%,,+30%,1,,clean_legendaries,Easter Realm (2023),2026-09-19 02:35 UTC,2026-09-18T22:52:00Z
302,Dread,Greatsword,Limited,Rare,50,https://swordburst2.fandom.com/Special:Redirect/file/Dread.png,https://swordburst2.fandom.com/wiki/Dread,Arcadia Exclusive Shop,1000,1600,,,TRUE,14%,+6%,+6%,2-3,2-3,misc,Eighth Edition,2026-09-19 02:35 UTC,2026-09-18T22:52:00Z
303,Dreadnought,Spear,Stave <small>()</small,Legendary,100,https://swordburst2.fandom.com/Special:Redirect/file/Dreadnought.png,https://swordburst2.fandom.com/wiki/Dreadnought,Grim the Overseer,1301,2602,,,TRUE,21%,+4%,+8%,0.5,1,clean_legendaries,Floor 10,2026-09-19 02:35 UTC,2026-09-18T22:52:00Z
304,Durendal,Greatsword,,Legendary,65,https://swordburst2.fandom.com/Special:Redirect/file/Durendal.png,https://swordburst2.fandom.com/wiki/Durendal,Smashroom the Mushroom Behemoth,682,1364,,,TRUE,18%,+3%,+2%,0.5,0.5,clean_legendaries,Floor 7,2026-09-19 02:35 UTC,2026-09-18T22:52:00Z
305,Dreamweaver,Rapier,Limited,Legendary,100,https://swordburst2.fandom.com/Special:Redirect/file/Dreamweaver.png,https://swordburst2.fandom.com/wiki/Dreamweaver,Hollow Shopkeeper,1300,2600,,,TRUE,15%,+5%,+5%,6-7,5-6,clean_legendaries,Fifteenth Edition,2026-09-19 02:35 UTC,2026-09-18T22:52:00Z
306,Dusklight,Longsword,Limited Light Dark Sword,Legendary,340,https://swordburst2.fandom.com/Special:Redirect/file/Dusklight.png,https://swordburst2.fandom.com/wiki/Dusklight,Helmfirth Exclusive Shop,18000,36000,,,TRUE,10%,+15%,+29%,4-5,4-5,clean_legendaries,Thirteenth Edition,2026-09-19 02:35 UTC,2026-09-18T22:52:00Z
307,Dream Nail,Rapier,Limited dark,Tribute,405,https://swordburst2.fandom.com/Special:Redirect/file/Dream_Nail.png,https://swordburst2.fandom.com/wiki/Dream_Nail,Helmfirth Exclusive Shop,31500,63000,,,TRUE,35%,+58%,+20%,30,25,tributes,Thirteenth Edition,2026-09-19 02:35 UTC,2026-09-18T22:52:00Z
308,Dusty Robe,Armor,,Common,15,https://swordburst2.fandom.com/Special:Redirect/file/Dusty_Robe.png,https://swordburst2.fandom.com/wiki/Dusty_Robe,Wasp,,,233,326,TRUE,,,,,,,,2026-09-19 02:35 UTC,2026-09-18T22:52:00Z
309,Easterian Attire,Armor,,Tribute,325,https://swordburst2.fandom.com/Special:Redirect/file/Easterian_Attire.webp,https://swordburst2.fandom.com/wiki/Easterian_Attire,Killer Bunny,,,325000,455000,TRUE,,65%,45%,17-20,15,tributes,Egg Realm (2026),2026-09-19 02:35 UTC,2026-09-18T22:52:00Z
310,Easterian Partisan,Spear,Limited,Legendary,200,https://swordburst2.fandom.com/Special:Redirect/file/EasterSpear.png,https://swordburst2.fandom.com/wiki/Easterian_Partisan,Alpha Killer Bunny,3662,7324,,,TRUE,21%,+16%,+8%,1-2,0.5,clean_legendaries,Easter Realm (2023),2026-09-19 02:35 UTC,2026-09-18T22:52:00Z
311,Easterian Blade,Longsword,Limited,Legendary,200,https://swordburst2.fandom.com/Special:Redirect/file/EasterLongsword.png,https://swordburst2.fandom.com/wiki/Easterian_Blade,*Alpha Killer Bunny,3662,7324,,,TRUE,11%,6%,2%,1-2,0.5-1,clean_legendaries,Easter Realm (2023),2026-09-19 02:35 UTC,2026-09-18T22:52:00Z
312,Easterian Shield,Accessory,Shield,Legendary,200,https://swordburst2.fandom.com/Special:Redirect/file/EasterShield.png,https://swordburst2.fandom.com/wiki/Easterian_Shield,Killer Bunny,,,12750,,TRUE,,+4%,+2%,1-2,,clean_legendaries,Easter Realm (2023),2026-09-19 02:35 UTC,2026-09-18T22:52:00Z
313,Easters Shock,Greatsword,Limited,Rare,250,https://swordburst2.fandom.com/Special:Redirect/file/Easters_Shock.webp,https://swordburst2.fandom.com/wiki/Easters_Shock,Egg Mimic,7814,12502,,,TRUE,20%,+30%,+30%,1,1,misc,Easter Event,2026-09-19 02:35 UTC,2026-09-18T22:52:00Z
314,Easterian Cape,Accessory,Limited Cape,Rare,1,https://swordburst2.fandom.com/Special:Redirect/file/Easterian_Cape.png,https://swordburst2.fandom.com/wiki/Easterian_Cape,Easter Hunt Event,,,,,FALSE,,+30%,+30%,1,,misc,Easter Event,2026-09-19 02:35 UTC,2026-09-18T22:52:00Z
315,Easterian Tsurugi,Katana,Limited,Legendary,200,https://swordburst2.fandom.com/Special:Redirect/file/EasterianTsurugi.png,https://swordburst2.fandom.com/wiki/Easterian_Tsurugi,Killer Bunny,3662,7324,,,TRUE,15%,+15%,+8%,1-2,0.5,clean_legendaries,Easter Realm (2023),2026-09-19 02:35 UTC,2026-09-18T22:52:00Z
316,Dystopian Guardian,Armor,,Rare,250,https://swordburst2.fandom.com/Special:Redirect/file/Dystopian_Guardian.png,https://swordburst2.fandom.com/wiki/Dystopian_Guardian,Scav,,,86930,121702,TRUE,,+9%,+6%,,,,,2026-09-19 02:35 UTC,2026-09-18T22:52:00Z
317,Eclipse,Rapier,Category,Uncommon,24,https://swordburst2.fandom.com/Special:Redirect/file/Eclipse.png,https://swordburst2.fandom.com/wiki/Eclipse,Borik the BeeKeeper,95,133,,,TRUE,11%,,,,,,,2026-09-19 02:35 UTC,2026-09-18T22:52:00Z
318,Ecliptic Void Shield,Accessory,Shield <small>()</small,Tribute,375,https://swordburst2.fandom.com/Special:Redirect/file/Ecliptic_Void_Shield.webp,https://swordburst2.fandom.com/wiki/Ecliptic_Void_Shield,Helmfirth Exclusive Shop,,,127500,,TRUE,,+18%,+60%,10,,tributes,Seventh Edition,2026-09-19 02:35 UTC,2026-09-18T22:52:00Z
319,Egg of Brilliance,Accessory,Egg,Legendary,1,https://swordburst2.fandom.com/Special:Redirect/file/Egg_of_Brilliance.png,https://swordburst2.fandom.com/wiki/Egg_of_Brilliance,Egg of Brilliance,,,,,FALSE,,,,,,,,2026-09-19 02:35 UTC,2026-09-18T22:52:00Z
320,Egg Smasher,Greatsword,Limited,Rare,24,https://swordburst2.fandom.com/Special:Redirect/file/Egg_Smasher.png,https://swordburst2.fandom.com/wiki/Egg_Smasher,Egg Mimic,282,451,,,TRUE,18%,+3%,,1-2,0.5 - 1,misc,Easter Event,2026-09-19 02:35 UTC,2026-09-18T22:52:00Z
321,Egg of Beginnings,Accessory,Egg,Rare,1,https://swordburst2.fandom.com/Special:Redirect/file/Egg_of_Beginnings.png,https://swordburst2.fandom.com/wiki/Egg_of_Beginnings,Egg of Beginnings,,,,,FALSE,,,,1,,misc,Easter Event,2026-09-19 02:35 UTC,2026-09-18T22:52:00Z
322,Egg of Calamity,Accessory,Egg,Legendary,1,https://swordburst2.fandom.com/Special:Redirect/file/Egg_of_Calamity.png,https://swordburst2.fandom.com/wiki/Egg_of_Calamity,Egg of Calamity,,,,,FALSE,,,,1,,misc,Easter Event,2026-09-19 02:35 UTC,2026-09-18T22:52:00Z
323,Egg of Conflict,Accessory,Egg,Legendary,1,https://swordburst2.fandom.com/Special:Redirect/file/Egg_of_Conflict.png,https://swordburst2.fandom.com/wiki/Egg_of_Conflict,Egg of Conflict,,,,,FALSE,,,,1,,misc,Easter Event,2026-09-19 02:35 UTC,2026-09-18T22:52:00Z
324,Egg of Dunes,Accessory,Egg,Rare,1,https://swordburst2.fandom.com/Special:Redirect/file/Egg_of_Dunes.png,https://swordburst2.fandom.com/wiki/Egg_of_Dunes,Egg of Dunes,,,,,FALSE,,,,1,,misc,Easter Event,2026-09-19 02:35 UTC,2026-09-18T22:52:00Z
325,Egg of Everflowing Energy,Accessory,Egg,Rare,1,https://swordburst2.fandom.com/Special:Redirect/file/Egg_of_Everflowing_Energy.png,https://swordburst2.fandom.com/wiki/Egg_of_Everflowing_Energy,Egg of Everflowing Energy,,,,,FALSE,,,,,,,,2026-09-19 02:35 UTC,2026-09-18T22:52:00Z
326,Egg of Despair,Accessory,Egg,Legendary,1,https://swordburst2.fandom.com/Special:Redirect/file/Egg_of_Despair.png,https://swordburst2.fandom.com/wiki/Egg_of_Despair,Egg of Despair,,,,,FALSE,,,,1,,misc,Easter Event,2026-09-19 02:35 UTC,2026-09-18T22:52:00Z
327,Egg of Dawn,Accessory,Egg,Legendary,1,https://swordburst2.fandom.com/Special:Redirect/file/Egg_of_Dawn.png,https://swordburst2.fandom.com/wiki/Egg_of_Dawn,Egg of Dawn,,,,,FALSE,,,,1,,misc,Easter Event,2026-09-19 02:35 UTC,2026-09-18T22:52:00Z
328,Egg of Fortified Meadows,Accessory,Egg,Rare,1,https://swordburst2.fandom.com/Special:Redirect/file/Egg_of_Fortified_Meadows.png,https://swordburst2.fandom.com/wiki/Egg_of_Fortified_Meadows,Egg of Fortified Meadows,,,,,FALSE,,,,1,,misc,Easter Event,2026-09-19 02:35 UTC,2026-09-18T22:52:00Z
329,Egg of Eternal Torment,Accessory,Egg,Rare,1,https://swordburst2.fandom.com/Special:Redirect/file/Egg_of_Eternal_Torment.png,https://swordburst2.fandom.com/wiki/Egg_of_Eternal_Torment,Egg of Eternal Torment,,,,,FALSE,,,,,,,,2026-09-19 02:35 UTC,2026-09-18T22:52:00Z
330,Egg of Darkness,Accessory,Egg,Legendary,1,https://swordburst2.fandom.com/Special:Redirect/file/Egg_of_Darkness.png,https://swordburst2.fandom.com/wiki/Egg_of_Darkness,Egg of Darkess,,,,,FALSE,,,,1,,misc,Easter Event,2026-09-19 02:35 UTC,2026-09-18T22:52:00Z
331,Egg of Glacier,Accessory,Egg,Legendary,1,https://swordburst2.fandom.com/Special:Redirect/file/Egg_of_Glacier.png,https://swordburst2.fandom.com/wiki/Egg_of_Glacier,Egg of Glacier,,,,,FALSE,,,,1,,misc,Easter Event,2026-09-19 02:35 UTC,2026-09-18T22:52:00Z
332,Egg of Luminosity,Accessory,Egg,Rare,1,https://swordburst2.fandom.com/Special:Redirect/file/Egg_of_Luminosity.png,https://swordburst2.fandom.com/wiki/Egg_of_Luminosity,Egg of Luminosity,,,,,FALSE,,,,1,,misc,Easter Event,2026-09-19 02:35 UTC,2026-09-18T22:52:00Z
333,Egg of Glistening Light,Accessory,Egg,Rare,1,https://swordburst2.fandom.com/Special:Redirect/file/Egg_of_Glistening_Light.png,https://swordburst2.fandom.com/wiki/Egg_of_Glistening_Light,Egg of Glistening Light,,,,,FALSE,,,,1,,misc,Easter Event,2026-09-19 02:35 UTC,2026-09-18T22:52:00Z
334,Egg of Starlight,Accessory,Egg,Legendary,1,https://swordburst2.fandom.com/Special:Redirect/file/Egg_of_Starlight.png,https://swordburst2.fandom.com/wiki/Egg_of_Starlight,Egg of Starlight,,,,,FALSE,,,,1,,misc,Easter Event,2026-09-19 02:35 UTC,2026-09-18T22:52:00Z
335,Egg of Pastry,Accessory,Egg,Legendary,1,https://swordburst2.fandom.com/Special:Redirect/file/Egg_of_Pastry.png,https://swordburst2.fandom.com/wiki/Egg_of_Pastry,Egg of Pastry,,,,,FALSE,,,,1,,misc,Easter Event,2026-09-19 02:35 UTC,2026-09-18T22:52:00Z
336,Egg of Plasma,Accessory,Egg,Legendary,1,https://swordburst2.fandom.com/Special:Redirect/file/Egg_of_Plasma.png,https://swordburst2.fandom.com/wiki/Egg_of_Plasma,Egg of Plasma,,,,,FALSE,,,,1,,misc,Easter Event,2026-09-19 02:35 UTC,2026-09-18T22:52:00Z
337,Egg of Twisted Vines,Accessory,Egg,Rare,1,https://swordburst2.fandom.com/Special:Redirect/file/Egg_of_Twisted_Vines.png,https://swordburst2.fandom.com/wiki/Egg_of_Twisted_Vines,Egg of Twisted Vines,,,,,FALSE,,,,1,,misc,Easter Event,2026-09-19 02:35 UTC,2026-09-18T22:52:00Z
338,Egg of Unbreakable Ice,Accessory,Egg,Rare,1,https://swordburst2.fandom.com/Special:Redirect/file/Egg_of_Unbreakable_Ice.png,https://swordburst2.fandom.com/wiki/Egg_of_Unbreakable_Ice,Egg of Unbreakable Ice,,,,,FALSE,,,,1,,misc,Easter Event,2026-09-19 02:35 UTC,2026-09-18T22:52:00Z
339,Egg of Project 235,Accessory,Egg,Rare,1,https://swordburst2.fandom.com/Special:Redirect/file/Egg_of_Project_235.png,https://swordburst2.fandom.com/wiki/Egg_of_Project_235,Egg of Project 235,,,,,FALSE,,,,,,,,2026-09-19 02:35 UTC,2026-09-18T22:52:00Z
340,Egg of the Creeping Maze,Accessory,Egg,Rare,1,https://swordburst2.fandom.com/Special:Redirect/file/Egg_of_the_Creeping_Maze.png,https://swordburst2.fandom.com/wiki/Egg_of_the_Creeping_Maze,Egg of the Creeping Maze,,,,,FALSE,,,,1,,misc,Easter Event,2026-09-19 02:35 UTC,2026-09-18T22:52:00Z
341,Egg of the Underworld,Accessory,Egg,Rare,1,https://swordburst2.fandom.com/Special:Redirect/file/Egg_of_the_Underworld.png,https://swordburst2.fandom.com/wiki/Egg_of_the_Underworld,Egg of the Underworld,,,,,FALSE,,,,,,,,2026-09-19 02:35 UTC,2026-09-18T22:52:00Z
342,Elfie Greatsword,Greatsword,,Uncommon,38,https://swordburst2.fandom.com/Special:Redirect/file/Elfie_Greatsword.png,https://swordburst2.fandom.com/wiki/Elfie_Greatsword,Birchman,260,364,,,TRUE,18%,,,,,,,2026-09-19 02:35 UTC,2026-09-18T22:52:00Z
343,Elfie Blade,Longsword,,Uncommon,40,https://swordburst2.fandom.com/Special:Redirect/file/Elfie_Blade.png,https://swordburst2.fandom.com/wiki/Elfie_Blade,Bamboo Spider,290,406,,,TRUE,12%,,,,,,,2026-09-19 02:35 UTC,2026-09-18T22:52:00Z
344,Elite Swordsman Armor,Armor,,Common,52,https://swordburst2.fandom.com/Special:Redirect/file/Elite_Swordsman_Armor.png,https://swordburst2.fandom.com/wiki/Elite_Swordsman_Armor,Helmfirth Armor Shop,,,3300,4620,TRUE,,,,,,,,2026-09-19 02:35 UTC,2026-09-18T22:52:00Z
345,Elkwood Behemoth,Greatsword,,Rare,180,https://swordburst2.fandom.com/Special:Redirect/file/Elkwood_Behemoth.png,https://swordburst2.fandom.com/wiki/Elkwood_Behemoth,"Bulswick, the Elkwood Behemoth",3038,4860,,,TRUE,18%,3%,4%,,,,,2026-09-19 02:35 UTC,2026-09-18T22:52:00Z
346,Elysium,Longsword,Dagger <small>()</small,Uncommon,325,https://swordburst2.fandom.com/Special:Redirect/file/Elysium.png,https://swordburst2.fandom.com/wiki/Elysium,"Tworz, The Ancient",10640,14896,,,TRUE,12%,12%,12%,,,,,2026-09-19 02:35 UTC,2026-09-18T22:52:00Z
347,Elfie Rapier,Rapier,,Uncommon,38,https://swordburst2.fandom.com/Special:Redirect/file/Elfie_Rapier.png,https://swordburst2.fandom.com/wiki/Elfie_Rapier,Treeray,260,364,,,TRUE,11%,,,,,,,2026-09-19 02:35 UTC,2026-09-18T22:52:00Z
348,Emberlith,Longsword,Limited FL Limited,Tribute,310,https://swordburst2.fandom.com/Special:Redirect/file/Emberlith.png,https://swordburst2.fandom.com/wiki/Emberlith,Eternal Domain Dungeon,+105 per level,,,,FALSE,28%,+29%,+29%,,20,tributes,Egg Realm (2026),2026-09-19 02:35 UTC,2026-09-18T22:52:00Z
349,Emerald Bulwark,Accessory,Shield,Rare,230,https://swordburst2.fandom.com/Special:Redirect/file/Emerald_Bulwark.png,https://swordburst2.fandom.com/wiki/Emerald_Bulwark,Elite Scav,,,19238,,TRUE,,+2%,+5%,,,,,2026-09-19 02:35 UTC,2026-09-18T22:52:00Z
350,Enchanted Falls,Scythe,,Tribute,450,https://swordburst2.fandom.com/Special:Redirect/file/Enchanted_Falls.png,https://swordburst2.fandom.com/wiki/Enchanted_Falls,Rekindled Unborn,90000,,,,TRUE,35%,60%,60%,400-450,,tributes,Floor 6 / Undershroud,2026-09-19 02:35 UTC,2026-09-18T22:52:00Z
351,Empty Embrace,Katana,Limited,Legendary,200,https://swordburst2.fandom.com/Special:Redirect/file/Empty_Embrace.png,https://swordburst2.fandom.com/wiki/Empty_Embrace,Broken Bearus,Level Based +40 per level,,,,FALSE,15%,+10%,+10%,,,,,2026-09-19 02:35 UTC,2026-09-18T22:52:00Z
352,Emerald Strike,Greatsword,,Rare,40,https://swordburst2.fandom.com/Special:Redirect/file/Emerald_Strike.png,https://swordburst2.fandom.com/wiki/Emerald_Strike,Irath the Lion,315,504,,,TRUE,18%,,,,,,,2026-09-19 02:35 UTC,2026-09-18T22:52:00Z
353,Endarkener,Longsword,,Uncommon,70,https://swordburst2.fandom.com/Special:Redirect/file/Endarkener.png,https://swordburst2.fandom.com/wiki/Endarkener,Petal Knight,715,1001,,,TRUE,12%,,,,,,,2026-09-19 02:35 UTC,2026-09-18T22:52:00Z
354,Endless Light,Rapier,,Legendary,150,https://swordburst2.fandom.com/Special:Redirect/file/Endless_Light.png,https://swordburst2.fandom.com/wiki/Endless_Light,"Ra, the Enlightener",2168,4336,,,TRUE,11%,+4%,+4%,1,1,clean_legendaries,Floor 11,2026-09-19 02:35 UTC,2026-09-18T22:52:00Z
355,Empyrean Scythe,Scythe,Limited,Legendary,75,https://swordburst2.fandom.com/Special:Redirect/file/Empyrean_Scythe.png,https://swordburst2.fandom.com/wiki/Empyrean_Scythe,Krampus,1318,,,,TRUE,18%,-15%,+45%,0.5,,clean_legendaries,Easter Realm (2023),2026-09-19 02:35 UTC,2026-09-18T22:52:00Z
356,Endbringer,Longsword,Axe <small>()</small,Common,88,https://swordburst2.fandom.com/Special:Redirect/file/Endbringer.png,https://swordburst2.fandom.com/wiki/Endbringer,Transylvania Shop,948,1327,,,TRUE,12%,,,,,,,2026-09-19 02:35 UTC,2026-09-18T22:52:00Z
357,Enchanted Whisp,Greatsword,,Uncommon,160,https://swordburst2.fandom.com/Special:Redirect/file/Enchanted_Whisp.png,https://swordburst2.fandom.com/wiki/Enchanted_Whisp,Sorcerer,2440,3416,,,TRUE,18%,+2%,+2%,1,1,misc,2-3 Hallow Merchant 2-3 Knight Claymore,2026-09-19 02:35 UTC,2026-09-18T22:52:00Z
358,Endeavor,Spear,,Uncommon,32,https://swordburst2.fandom.com/Special:Redirect/file/Endeavor.png,https://swordburst2.fandom.com/wiki/Endeavor,Ice Elemental,181,253,,,TRUE,21%,,,,,,,2026-09-19 02:35 UTC,2026-09-18T22:52:00Z
359,Endless Whisker,Greatsword,,Common,300,https://swordburst2.fandom.com/Special:Redirect/file/Endless_Whisker.png,https://swordburst2.fandom.com/wiki/Endless_Whisker,Rapapouillie,6725,9415,,,TRUE,18%,+10%,+12%,,,,,2026-09-19 02:35 UTC,2026-09-18T22:52:00Z
360,Blue Energy Blade,Rapier,Phaseblade,Uncommon,120,https://swordburst2.fandom.com/Special:Redirect/file/Energy_Blade_(Blue).png,https://swordburst2.fandom.com/wiki/Blue_Energy_Blade,"*Soul Eater *Ka, the Mischief (formerly)",1586,2220,,,TRUE,11%,,,,,,,2026-09-19 02:35 UTC,2026-09-18T22:52:00Z
361,Energy Blade (Purple),Longsword,Phaseblade,Uncommon,120,https://swordburst2.fandom.com/Special:Redirect/file/Energy_Blade_(Purple).png,https://swordburst2.fandom.com/wiki/Energy_Blade_(Purple),Armageddon Eagle,1586,2220,,,TRUE,12%,,,,,,,2026-09-19 02:35 UTC,2026-09-18T22:52:00Z
362,Entangled Thorn,Rapier,Limited,Rare,400,https://swordburst2.fandom.com/Special:Redirect/file/Entangled_Thorn.png,https://swordburst2.fandom.com/wiki/Entangled_Thorn,Helmfirth Exclusive Shop,22500,36000,,,TRUE,20%,+18%,+20%,2,1-2,misc,Nineth Edition,2026-09-19 02:35 UTC,2026-09-18T22:52:00Z
363,Eterna,Longsword,,Rare,40,https://swordburst2.fandom.com/Special:Redirect/file/Eterna.png,https://swordburst2.fandom.com/wiki/Eterna,Rotling,315,504,,,TRUE,12%,,,,,,,2026-09-19 02:35 UTC,2026-09-18T22:52:00Z
364,Esperanza,Rapier,,Uncommon,70,https://swordburst2.fandom.com/Special:Redirect/file/Esperanza.png,https://swordburst2.fandom.com/wiki/Esperanza,Giant Praying Mantis,715,1001,,,TRUE,11%,,,,,,,2026-09-19 02:35 UTC,2026-09-18T22:52:00Z
365,Estranged Blade,Katana,Category,Common,18,https://swordburst2.fandom.com/Special:Redirect/file/Estranged_Blade.png,https://swordburst2.fandom.com/wiki/Estranged_Blade,Intermediate Shop (formerly) Leafray,57,79,,,TRUE,15%,,,,,,,2026-09-19 02:35 UTC,2026-09-18T22:52:00Z
366,Ethereal Edge,Longsword,,Common,25,https://swordburst2.fandom.com/Special:Redirect/file/Ethereal_Edge.png,https://swordburst2.fandom.com/wiki/Ethereal_Edge,Snowgre,102,141,,,TRUE,12%,,,,,,,2026-09-19 02:35 UTC,2026-09-18T22:52:00Z
367,Ethereum,Longsword,,Common,55,https://swordburst2.fandom.com/Special:Redirect/file/Ethereum.png,https://swordburst2.fandom.com/wiki/Ethereum,Helmfirth Weapon Shop,524,733,,,TRUE,12%,,,,,,,2026-09-19 02:35 UTC,2026-09-18T22:52:00Z
368,Ethereal Root,Katana,,Legendary,215,https://swordburst2.fandom.com/Special:Redirect/file/Ethereal_Root.webp,https://swordburst2.fandom.com/wiki/Ethereal_Root,Broken Bearus,<br>+51 per level,,,,FALSE,22%,15%,15%,,,,,2026-09-19 02:35 UTC,2026-09-18T22:52:00Z
369,Eternity,Katana,Everlasting Blade,Rare,75,https://swordburst2.fandom.com/Special:Redirect/file/Eternity.png,https://swordburst2.fandom.com/wiki/Eternity,Gift of Eternal Bloom,1400,,,,TRUE,20%,+1%,+2%,,8-10,misc,Gift Items,2026-09-19 02:35 UTC,2026-09-18T22:52:00Z
370,Everblade,Greatsword,,Tribute,375,https://swordburst2.fandom.com/Special:Redirect/file/???.png,https://swordburst2.fandom.com/wiki/Everblade,Corrupted Atheon,29450,58900,,,TRUE,48%,+36%,+50%,15,12,tributes,Atheon's Realm,2026-09-19 02:35 UTC,2026-09-18T22:52:00Z
371,Exiled Deathplate,Armor,,Legendary,285,https://swordburst2.fandom.com/Special:Redirect/file/F12_Armor8.png,https://swordburst2.fandom.com/wiki/Exiled_Deathplate,Suspended Unborn,,,171894,240651,TRUE,,+15%,+5%,1,1,clean_legendaries,Floor 12,2026-09-19 02:35 UTC,2026-09-18T22:52:00Z
372,Evergreen Lance,Spear,Limited,Legendary,200,https://swordburst2.fandom.com/Special:Redirect/file/Evergreen_Lance.png,https://swordburst2.fandom.com/wiki/Evergreen_Lance,Ghost of the Future,7616,,,,TRUE,21%,+9%,+6%,1,,clean_legendaries,Easter Realm (2023),2026-09-19 02:35 UTC,2026-09-18T22:52:00Z
373,Excomunicator,Greatsword,,Uncommon,58,https://swordburst2.fandom.com/Special:Redirect/file/Excomunicator.png,https://swordburst2.fandom.com/wiki/Excomunicator,Decayed Warrior,893,,,,TRUE,18%,5%,,,,,,2026-09-19 02:35 UTC,2026-09-18T22:52:00Z
374,Everlasting Vow,Spear,Limited,Common,10,https://swordburst2.fandom.com/Special:Redirect/file/Everlasting_Vow.png,https://swordburst2.fandom.com/wiki/Everlasting_Vow,Broken Bearus,Level Based +8 per level,,,,FALSE,10%,+4%,+4%,,,,,2026-09-19 02:35 UTC,2026-09-18T22:52:00Z
375,Exodus,Greatsword,,Legendary,325,https://swordburst2.fandom.com/Special:Redirect/file/Exodus.png,https://swordburst2.fandom.com/wiki/Exodus,Atheon,15621,31242,,,TRUE,18%,+5%,+25%,0.3-0.5,0.3-0.5,clean_legendaries,Atheon's Realm,2026-09-19 02:35 UTC,2026-09-18T22:52:00Z
376,Eyes Deep,Longsword,,Rare,400,https://swordburst2.fandom.com/Special:Redirect/file/Eyes_Deep.png,https://swordburst2.fandom.com/wiki/Eyes_Deep,Sea Da Fish,30493,48788,,,TRUE,12%,+18%,+18%,,,,,2026-09-19 02:35 UTC,2026-09-18T22:52:00Z
377,Fading Light,Katana,,Legendary,375,https://swordburst2.fandom.com/Special:Redirect/file/Fading_Light.png,https://swordburst2.fandom.com/wiki/Fading_Light,Helmfirth Exclusive Shop,25000,50000,,,TRUE,25%,+29%,+29%,50-60+,50-60+,clean_legendaries,Twelfth Edition,2026-09-19 02:35 UTC,2026-09-18T22:52:00Z
378,Faithkeeper,Greatsword,,Legendary,100,https://swordburst2.fandom.com/Special:Redirect/file/Faithkeeper.png,https://swordburst2.fandom.com/wiki/Faithkeeper,Grim the Overseer,1301,2602,,,TRUE,18%,+10%,-5%,0.5,0.5,clean_legendaries,Floor 10,2026-09-19 02:35 UTC,2026-09-18T22:52:00Z
379,Fallier,Longsword,Limited,Legendary,300,https://swordburst2.fandom.com/Special:Redirect/file/Fallier.png,https://swordburst2.fandom.com/wiki/Fallier,Helmfirth Exclusive Shop,11425,22850,,,TRUE,18%,10%,+10%,8-10,5-6,clean_legendaries,Seventh Edition,2026-09-19 02:35 UTC,2026-09-18T22:52:00Z
380,Falchion,Rapier,,Legendary,285,https://swordburst2.fandom.com/Special:Redirect/file/Falchion_Icon.png,https://swordburst2.fandom.com/wiki/Falchion,Warlord,9763,19526,,,TRUE,11%,+12%,+12%,1,1,clean_legendaries,Floor 12,2026-09-19 02:35 UTC,2026-09-18T22:52:00Z
381,Falz's Raiment,Armor,,Common,200,https://swordburst2.fandom.com/Special:Redirect/file/Falz's_Raiment.png,https://swordburst2.fandom.com/wiki/Falz's_Raiment,Crystal Lizard,,,46167,64633,TRUE,,+8%,,,,,,2026-09-19 02:35 UTC,2026-09-18T22:52:00Z
382,Fallen Water,Katana,Sin of Atlantis <small>()</small,Tribute,450,https://swordburst2.fandom.com/Special:Redirect/file/Fallen_Water.png,https://swordburst2.fandom.com/wiki/Fallen_Water,"Aeganatos, The Sunken Sovereign",40000,80000,,,TRUE,45%,40%,40%,70,40-45,tributes,- ROTATIONAL FLOOR TRIBUTES -,2026-09-19 02:35 UTC,2026-09-18T22:52:00Z
383,Festive Cape,Accessory,Cape,Rare,1,https://swordburst2.fandom.com/Special:Redirect/file/Festive_Cape.png,https://swordburst2.fandom.com/wiki/Festive_Cape,Festive Gifts,,,,,FALSE,,,+25%,,,,,2026-09-19 02:35 UTC,2026-09-18T22:52:00Z
384,Festive Pike,Spear,,Rare,100,https://swordburst2.fandom.com/Special:Redirect/file/Festive_Pike.png,https://swordburst2.fandom.com/wiki/Festive_Pike,Gift of Giving,2015,,,,TRUE,20%,+8%,+8%,,,,,2026-09-19 02:35 UTC,2026-09-18T22:52:00Z
385,Feathered Autumn Hat,Accessory,Hat,Common,15,https://swordburst2.fandom.com/Special:Redirect/file/Feathered_Autumn_Hat.png,https://swordburst2.fandom.com/wiki/Feathered_Autumn_Hat,Intermediate Shop,,,,,FALSE,,,8%,,,,,2026-09-19 02:35 UTC,2026-09-18T22:52:00Z
386,Fiery Sabre,Katana,,Rare,48,https://swordburst2.fandom.com/Special:Redirect/file/Fiery_Sabre.png,https://swordburst2.fandom.com/wiki/Fiery_Sabre,Centaurian Defender,389,622,,,TRUE,15%,,,,,,,2026-09-19 02:35 UTC,2026-09-18T22:52:00Z
387,Felthorn,Rapier,,Uncommon,220,https://swordburst2.fandom.com/Special:Redirect/file/Felthorn.png,https://swordburst2.fandom.com/wiki/Felthorn,Bat,4375,6125,,,TRUE,11%,,+8%,,,,,2026-09-19 02:35 UTC,2026-09-18T22:52:00Z
388,Festive Top Hat,Accessory,Hat,Common,29,https://swordburst2.fandom.com/Special:Redirect/file/Festive_Top_Hat.png,https://swordburst2.fandom.com/wiki/Festive_Top_Hat,Angry Snowman,,,,,FALSE,,,11%,,,,,2026-09-19 02:35 UTC,2026-09-18T22:52:00Z
389,Festive Scarf,Accessory,Scarf,Rare,1,https://swordburst2.fandom.com/Special:Redirect/file/Festive_Scarf.png,https://swordburst2.fandom.com/wiki/Festive_Scarf,Festive Gifts,,,,,FALSE,,+18%,,,,,,2026-09-19 02:35 UTC,2026-09-18T22:52:00Z
390,Fangtooth,Rapier,,Rare,180,https://swordburst2.fandom.com/Special:Redirect/file/Fangtooth.png,https://swordburst2.fandom.com/wiki/Fangtooth,Black Widow,3038,4860,,,TRUE,11%,+8%,,3-5,2-3,misc,2-3 Hallow Merchant 2-3 Knight Claymore,2026-09-19 02:35 UTC,2026-09-18T22:52:00Z
391,Final Star,Longsword,,Tribute,350,https://swordburst2.fandom.com/Special:Redirect/file/Final_Star.png,https://swordburst2.fandom.com/wiki/Final_Star,The Final Gift,<br>+150 per level,,,,FALSE,25%,15%,15%,1500-2000,,tributes,Gift Hunt 2023,2026-09-19 02:35 UTC,2026-09-18T22:52:00Z
392,Fire Seeker Shield,Accessory,Shield,Legendary,85,https://swordburst2.fandom.com/Special:Redirect/file/Fire_Seeker_Shield.png,https://swordburst2.fandom.com/wiki/Fire_Seeker_Shield,Polyserpant,,,1725,,TRUE,,+5%,+5%,,,,,2026-09-19 02:35 UTC,2026-09-18T22:52:00Z
393,Final wish,Longsword,,Uncommon,72,https://swordburst2.fandom.com/Special:Redirect/file/Final_Wish.png,https://swordburst2.fandom.com/wiki/Final_wish,Leaf Rhino,759,1062,,,TRUE,12%,,,,,,,2026-09-19 02:35 UTC,2026-09-18T22:52:00Z
394,Flame Hammer,Longsword,Hammer <small>()</small,Legendary,50,https://swordburst2.fandom.com/Special:Redirect/file/Flame_Hammer.png,https://swordburst2.fandom.com/wiki/Flame_Hammer,Sa'jun the Centurian Chieftain,420,840,,,TRUE,12%,,+2%,,,,,2026-09-19 02:35 UTC,2026-09-18T22:52:00Z
395,Fist,Longsword,Fist <small>()</small,Legendary,65,https://swordburst2.fandom.com/Special:Redirect/file/TheFistIcon.png,https://swordburst2.fandom.com/wiki/Fist,Smashroom the Mushroom Behemoth,888,1776,,,TRUE,25%,5%,5%,3,1-2,clean_legendaries,Floor 7,2026-09-19 02:35 UTC,2026-09-18T22:52:00Z
396,Flameborne,Spear,,Uncommon,210,https://swordburst2.fandom.com/Special:Redirect/file/Flameborne_Icon.png,https://swordburst2.fandom.com/wiki/Flameborne,Elite Scav,3989,5585,,,TRUE,21%,+8%,+3%,,,,,2026-09-19 02:35 UTC,2026-09-18T22:52:00Z
397,Fleshrender,Rapier,,Uncommon,92,https://swordburst2.fandom.com/Special:Redirect/file/Fleshrender.png,https://swordburst2.fandom.com/wiki/Fleshrender,Winged Minion,1036,1450,,,TRUE,11%,,,,,,,2026-09-19 02:35 UTC,2026-09-18T22:52:00Z
398,Flamemour,Longsword,,Legendary,275,https://swordburst2.fandom.com/Special:Redirect/file/Flamemour.png,https://swordburst2.fandom.com/wiki/Flamemour,Warlord,9052,,,,FALSE,12%,+8%,+4%,,,,,2026-09-19 02:35 UTC,2026-09-18T22:52:00Z
399,Flamvoiya,Katana,Limited HSR,Legendary,340,https://swordburst2.fandom.com/Special:Redirect/file/Flamvoiya.png,https://swordburst2.fandom.com/wiki/Flamvoiya,Helmfirth Exclusive Shop,16780,33560,,,TRUE,30%,+20%,+20%,,,,,2026-09-19 02:35 UTC,2026-09-18T22:52:00Z
400,Fire Loom Blade,Katana,,Uncommon,24,https://swordburst2.fandom.com/Special:Redirect/file/Fire_Loom_Blade.png,https://swordburst2.fandom.com/wiki/Fire_Loom_Blade,Bushback Tortoise,95,133,,,TRUE,15%,,,,,,,2026-09-19 02:35 UTC,2026-09-18T22:52:00Z
401,Floria's Gift,Longsword,Limited Dagger <small>()</small,Legendary,75,https://swordburst2.fandom.com/Special:Redirect/file/Floria’s_Gift.png,https://swordburst2.fandom.com/wiki/Floria's_Gift,Egg Mimic,994,1988,,,TRUE,12%,+3%,+6%,,,,,2026-09-19 02:35 UTC,2026-09-18T22:52:00Z
402,Floral Haze,Rapier,FL Limited,Rare,40,https://swordburst2.fandom.com/Special:Redirect/file/Floral_Haze_Icon.png,https://swordburst2.fandom.com/wiki/Floral_Haze,*Guardian's Vessel *Eternal Domain Dungeon,+13 per level.,,,,FALSE,6%,+10%,+10%,0.2 - 0.5,,misc,Easter Event,2026-09-19 02:35 UTC,2026-09-18T22:52:00Z
403,Floria Blade,Katana,,Common,67,https://swordburst2.fandom.com/Special:Redirect/file/Floria_Blade.png,https://swordburst2.fandom.com/wiki/Floria_Blade,Helmfirth Weapon Shop,677,947,,,TRUE,15%,,,,,,,2026-09-19 02:35 UTC,2026-09-18T22:52:00Z
404,Florance,Katana,,Uncommon,40,https://swordburst2.fandom.com/Special:Redirect/file/Florance.png,https://swordburst2.fandom.com/wiki/Florance,Dungeon Dweller,290,406,,,TRUE,15%,,,,,,,2026-09-19 02:35 UTC,2026-09-18T22:52:00Z
405,Flower Fly,Greatsword,Limited,Common,75,https://swordburst2.fandom.com/Special:Redirect/file/Flower_Fly.png,https://swordburst2.fandom.com/wiki/Flower_Fly,Broken Bearus,Level Based +10 per level,,,,FALSE,10%,+1%,+1%,,,,,2026-09-19 02:35 UTC,2026-09-18T22:52:00Z
406,Formaug's Demise,Longsword,Pillar <small>()</small,Legendary,75,https://swordburst2.fandom.com/Special:Redirect/file/Formaug's_Demise.png,https://swordburst2.fandom.com/wiki/Formaug's_Demise,Formaug the Jungle Giant,902,1804,,,TRUE,12%,+8%,-1%,0.5,0.5,clean_legendaries,Floor 8,2026-09-19 02:35 UTC,2026-09-18T22:52:00Z
407,Forgotten Waters,Armor,,Common,375,https://swordburst2.fandom.com/Special:Redirect/file/Forgotten_Waters.png,https://swordburst2.fandom.com/wiki/Forgotten_Waters,Xenoglow,,,302425,423395,TRUE,,+18%,+18%,,,,,2026-09-19 02:35 UTC,2026-09-18T22:52:00Z
408,Fractured Falls,Longsword,Lonely's Tribute (Permacore )<br><small>()</small,Tribute,345,https://swordburst2.fandom.com/Special:Redirect/file/Fractured_Falls.png,https://swordburst2.fandom.com/wiki/Fractured_Falls,"Vyroth, The Frostflame",<br>+150 per level,,,,FALSE,24%,33%,33%,,,,,2026-09-19 02:35 UTC,2026-09-18T22:52:00Z
409,Freezing Point,Katana,,Uncommon,32,https://swordburst2.fandom.com/Special:Redirect/file/Freezing_Point.png,https://swordburst2.fandom.com/wiki/Freezing_Point,Ice Elemental,181,253,,,TRUE,15%,,,,,,,2026-09-19 02:35 UTC,2026-09-18T22:52:00Z
410,Frigid Singularity,Katana,Limited Frozen Wonders Collection,Legendary,350,https://swordburst2.fandom.com/Special:Redirect/file/Frigid_Singularity.webp,https://swordburst2.fandom.com/wiki/Frigid_Singularity,Helmfirth Exclusive Shop,25000,50000,,,TRUE,35%,+38%,+38%,8-10,8-10,clean_legendaries,Fourteenth Edition,2026-09-19 02:35 UTC,2026-09-18T22:52:00Z
411,Frenzy,Rapier,,Uncommon,40,https://swordburst2.fandom.com/Special:Redirect/file/Frenzy.png,https://swordburst2.fandom.com/wiki/Frenzy,Rotling,290,406,,,TRUE,11%,,,,,,,2026-09-19 02:35 UTC,2026-09-18T22:52:00Z
412,Frost Bite,Longsword,Ice Blade,Rare,35,https://swordburst2.fandom.com/Special:Redirect/file/Frost_Bite.png,https://swordburst2.fandom.com/wiki/Frost_Bite,Qerach the Forgotten Golem,210,336,,,TRUE,12%,,,,,,,2026-09-19 02:35 UTC,2026-09-18T22:52:00Z
413,Formaug's Necklace,Accessory,Necklace,Rare,75,https://swordburst2.fandom.com/Special:Redirect/file/Formaug's_Necklace.png,https://swordburst2.fandom.com/wiki/Formaug's_Necklace,Formaug the Jungle Giant,,,,,FALSE,,,+21%,,,,,2026-09-19 02:35 UTC,2026-09-18T22:52:00Z
414,Frostbite Javelin,Spear,Limited,Uncommon,40,https://swordburst2.fandom.com/Special:Redirect/file/Frostbite_Javelin.png,https://swordburst2.fandom.com/wiki/Frostbite_Javelin,*Icy Imp,415,,,,TRUE,21%,+2%,+2%,2-4,,misc,Winter Event,2026-09-19 02:35 UTC,2026-09-18T22:52:00Z
415,Frostbite Reaper,Longsword,Limited,Tribute,340,https://swordburst2.fandom.com/Special:Redirect/file/Frostbite_Reaper.png,https://swordburst2.fandom.com/wiki/Frostbite_Reaper,Ghost of the Future,48000,,,,TRUE,35%,30%,30%,,,,,2026-09-19 02:35 UTC,2026-09-18T22:52:00Z
416,Frost Slayer,Katana,,Tribute,30,https://swordburst2.fandom.com/Special:Redirect/file/Frost_Slayer.png,https://swordburst2.fandom.com/wiki/Frost_Slayer,Gift of Sorrowful Solace,1500,,,,TRUE,10%,+20%,+15%,Untradeable,,tributes,Gift Hunt 2026,2026-09-19 02:35 UTC,2026-09-18T22:52:00Z
417,Frio,Rapier,,Uncommon,32,https://swordburst2.fandom.com/Special:Redirect/file/Frio.png,https://swordburst2.fandom.com/wiki/Frio,Ice Walker,181,253,,,TRUE,11%,,,,,,,2026-09-19 02:35 UTC,2026-09-18T22:52:00Z
418,Frost Dragon Scythe,Longsword,Limited <small>()</small,Legendary,38,https://swordburst2.fandom.com/Special:Redirect/file/FrozenDragonScythe.png,https://swordburst2.fandom.com/wiki/Frost_Dragon_Scythe,Withered Wintula,336,672,,,TRUE,24%,,3%,70-80,30-40,clean_legendaries,Winter Event (2022),2026-09-19 02:35 UTC,2026-09-18T22:52:00Z
419,Frostbite Reaver,Scythe,Limited,Legendary,200,https://swordburst2.fandom.com/Special:Redirect/file/Frostbite_Reaver.png,https://swordburst2.fandom.com/wiki/Frostbite_Reaver,Ghost of the Future,7850,,,,TRUE,18%,+8%,+8%,0.5,,clean_legendaries,Easter Realm (2023),2026-09-19 02:35 UTC,2026-09-18T22:52:00Z
420,Frostbound Doomblade,Greatsword,Limited,Legendary,100,https://swordburst2.fandom.com/Special:Redirect/file/Frostbound_Doomblade.png,https://swordburst2.fandom.com/wiki/Frostbound_Doomblade,Rat,2700,,,,TRUE,18%,+15%,+15%,,,,,2026-09-19 02:35 UTC,2026-09-18T22:52:00Z
421,Frostmourne,Greatsword,Limited,Rare,80,https://swordburst2.fandom.com/Special:Redirect/file/Frostmourne.png,https://swordburst2.fandom.com/wiki/Frostmourne,Arcadia Exclusive Shop,1115,1784,,,TRUE,8%,+8%,+8%,1,1,misc,Seventh Edition,2026-09-19 02:35 UTC,2026-09-18T22:52:00Z
422,Frostfire Twinblades,Spear,Limited,Legendary,290,https://swordburst2.fandom.com/Special:Redirect/file/Frostfire_Twinblades.png,https://swordburst2.fandom.com/wiki/Frostfire_Twinblades,"Vyroth, The Frostflame",22750,,,,TRUE,21%,10%,10%,,,,,2026-09-19 02:35 UTC,2026-09-18T22:52:00Z
423,Frostfang Rapier,Rapier,Limited,Uncommon,60,https://swordburst2.fandom.com/Special:Redirect/file/Frostfang_Rapier.png,https://swordburst2.fandom.com/wiki/Frostfang_Rapier,Arcadia Exclusive Shop,591,827,,,TRUE,8%,+6%,+6%,1-2,1-2,misc,Seventh Edition,2026-09-19 02:35 UTC,2026-09-18T22:52:00Z
424,Frozen Euphoria,Scythe,Blizzard Curse <small>()</small,Tribute,50,https://swordburst2.fandom.com/Special:Redirect/file/Frozen_Euphoria.png,https://swordburst2.fandom.com/wiki/Frozen_Euphoria,Avalanche Expanse,1000,2000,,,TRUE,20%,+15%,+15%,16-18,12-15,tributes,Arcadia,2026-09-19 02:35 UTC,2026-09-18T22:52:00Z
425,Frozen Shard,Spear,,Common,60,https://swordburst2.fandom.com/Special:Redirect/file/Frozen_Shard.png,https://swordburst2.fandom.com/wiki/Frozen_Shard,Helmfirth Weapon Shop,612,856,,,TRUE,21%,,,,,,,2026-09-19 02:35 UTC,2026-09-18T22:52:00Z
426,Frozen Borealis,Rapier,Limited Frozen Wonders Collection,Legendary,250,https://swordburst2.fandom.com/Special:Redirect/file/Frozen_Borealis.webp,https://swordburst2.fandom.com/wiki/Frozen_Borealis,Helmfirth Exclusive Shop,7200,14400,,,TRUE,22%,+15%,+21%,4-5,4-5,clean_legendaries,Fourteenth Edition,2026-09-19 02:35 UTC,2026-09-18T22:52:00Z
427,Frozen Edge Rapier,Rapier,Limited,Uncommon,27,https://swordburst2.fandom.com/Special:Redirect/file/FrozenRapier.png,https://swordburst2.fandom.com/wiki/Frozen_Edge_Rapier,Withered Wintula,238,333,,,TRUE,11%,,+2%,6-8,3-4,misc,Winter Event,2026-09-19 02:35 UTC,2026-09-18T22:52:00Z
428,Galaxia,Longsword,Century's [[Tributes|Tribute]] <small>()</small,Tribute,250,https://swordburst2.fandom.com/Special:Redirect/file/Galaxia.png,https://swordburst2.fandom.com/wiki/Galaxia,Hypersiddia,6125,12250,,,TRUE,36%,3%,,3-4,1-2,tributes,Floor 11,2026-09-19 02:35 UTC,2026-09-18T22:52:00Z
429,Galactic Demolisher,Longsword,,Burst,300,https://swordburst2.fandom.com/Special:Redirect/file/Galactic_Demolisher.png,https://swordburst2.fandom.com/wiki/Galactic_Demolisher,Crystal Forge,9958,24895,,,TRUE,12%,50%,50%,,,,,2026-09-19 02:35 UTC,2026-09-18T22:52:00Z
430,Garnette,Greatsword,,Uncommon,24,https://swordburst2.fandom.com/Special:Redirect/file/21Nov_Old_F3-3.png,https://swordburst2.fandom.com/wiki/Garnette,Pearl Guardian,95,133,,,TRUE,18%,,,,,,,2026-09-19 02:35 UTC,2026-09-18T22:52:00Z
431,Galerik,Greatsword,small>(Axe)</small,Legendary,200,https://swordburst2.fandom.com/Special:Redirect/file/Galerik.png,https://swordburst2.fandom.com/wiki/Galerik,Enraged Wendigo,7324,,,,TRUE,18%,8%,4%,,,,,2026-09-19 02:35 UTC,2026-09-18T22:52:00Z
432,Gear Axe,Longsword,Axe <small>()</small,Rare,15,https://swordburst2.fandom.com/Special:Redirect/file/Gear_Axe.png,https://swordburst2.fandom.com/wiki/Gear_Axe,Rahjin the Thief King,66,105,,,TRUE,12%,,,,,,,2026-09-19 02:35 UTC,2026-09-18T22:52:00Z
433,Gem Blade,Longsword,Category,Common,18,https://swordburst2.fandom.com/Special:Redirect/file/Gem_Blade.png,https://swordburst2.fandom.com/wiki/Gem_Blade,*Intermediate Shop (formerly) *Leaf Ogre,57,79,,,TRUE,12%,,,,,,,2026-09-19 02:35 UTC,2026-09-18T22:52:00Z
434,Geryon,Accessory,Shield,Legendary,325,https://swordburst2.fandom.com/Special:Redirect/file/Geryon.png,https://swordburst2.fandom.com/wiki/Geryon,Atheon,,,44250,,TRUE,,+6%,+4%,0.5,,clean_legendaries,Atheon's Realm,2026-09-19 02:35 UTC,2026-09-18T22:52:00Z
435,Fusion Spear,Spear,,Uncommon,220,https://swordburst2.fandom.com/Special:Redirect/file/Fusion_Spear.png,https://swordburst2.fandom.com/wiki/Fusion_Spear,Bat,4025,5635,,,TRUE,21%,+3%,+8%,,,,,2026-09-19 02:35 UTC,2026-09-18T22:52:00Z
436,Ghoul Eye,Rapier,Limited TG,Legendary,150,https://swordburst2.fandom.com/Special:Redirect/file/Ghoul_Eye.png,https://swordburst2.fandom.com/wiki/Ghoul_Eye,Helmfirth Exclusive Shop,2000,4000,,,TRUE,15%,+15%,+15%,0.1,0.1,clean_legendaries,Tenth Edition,2026-09-19 02:35 UTC,2026-09-18T22:52:00Z
437,Ghost Blade,Katana,,Uncommon,300,https://swordburst2.fandom.com/Special:Redirect/file/Ghost_Blade.png,https://swordburst2.fandom.com/wiki/Ghost_Blade,Gift of Community,11600,,,,TRUE,25%,+12%,+4%,,,,,2026-09-19 02:35 UTC,2026-09-18T22:52:00Z
438,Glacial Artifact,Greatsword,Limited,Legendary,65,https://swordburst2.fandom.com/Special:Redirect/file/Glacial_Artifact.png,https://swordburst2.fandom.com/wiki/Glacial_Artifact,Rat,1364,,,,TRUE,18%,56%,-5%,1,,clean_legendaries,Easter Realm (2023),2026-09-19 02:35 UTC,2026-09-18T22:52:00Z
439,Gilded Excalibur,Longsword,Limited,Common,10,https://swordburst2.fandom.com/Special:Redirect/file/Gilded_Excalibur.png,https://swordburst2.fandom.com/wiki/Gilded_Excalibur,Arcadia Exclusive Shop,26,36,,,TRUE,2%,+1%,+1%,1,1,misc,Seventh Edition,2026-09-19 02:35 UTC,2026-09-18T22:52:00Z
440,Gilden Reach,Spear,,Legendary,65,https://swordburst2.fandom.com/Special:Redirect/file/Gilden_Reach_In-game_Icon.png,https://swordburst2.fandom.com/wiki/Gilden_Reach,Smashroom the Mushroom Behemoth,685,1370,,,TRUE,21%,+3%,+3%,1,0.5-1,clean_legendaries,Floor 7,2026-09-19 02:35 UTC,2026-09-18T22:52:00Z
441,Glacier's Gift,Spear,Limited,Rare,150,https://swordburst2.fandom.com/Special:Redirect/file/Glacier's_Gift.png,https://swordburst2.fandom.com/wiki/Glacier's_Gift,Gift of Helmfirth,3350,,,,TRUE,21%,+2%,+2%,,,,,2026-09-19 02:35 UTC,2026-09-18T22:52:00Z
442,Glacial Insight,Spear,,Tribute,1,https://swordburst2.fandom.com/Special:Redirect/file/Glacial_Insight.png,https://swordburst2.fandom.com/wiki/Glacial_Insight,The Parting Gift,+224 per level.,,,,FALSE,60%,+35%,+35%,Untradeable,,tributes,Gift Hunt 2026,2026-09-19 02:35 UTC,2026-09-18T22:52:00Z
443,Glacial Fin,Katana,,Uncommon,385,https://swordburst2.fandom.com/Special:Redirect/file/Glacial_Fin.png,https://swordburst2.fandom.com/wiki/Glacial_Fin,Cryptic Coelacanth,29212,40897,,,TRUE,15%,15%,15%,,,,,2026-09-19 02:35 UTC,2026-09-18T22:52:00Z
444,Glacial Waveguard,Armor,,Rare,410,https://swordburst2.fandom.com/Special:Redirect/file/GlacialWaveguard.png,https://swordburst2.fandom.com/wiki/Glacial_Waveguard,Nautilus Arcwave,,,410560,574784,TRUE,,+26%,+26%,,,,,2026-09-19 02:35 UTC,2026-09-18T22:52:00Z
445,Glacier Cleaver,Greatsword,Limited (Great Axe,Legendary,290,https://swordburst2.fandom.com/Special:Redirect/file/Glacier_Cleaver.png,https://swordburst2.fandom.com/wiki/Glacier_Cleaver,"Vyroth, The Frostflame",23250,,,,TRUE,18%,+20%,+20%,,,,,2026-09-19 02:35 UTC,2026-09-18T22:52:00Z
446,Glacier Key,Greatsword,Limited <small>()</small,Tribute,425,https://swordburst2.fandom.com/Special:Redirect/file/Glacier_Key.png,https://swordburst2.fandom.com/wiki/Glacier_Key,Nightmares Forged,<br>+177 per level,,,,FALSE,45%,+30%,+60%,60-65,,tributes,Egg Realm (2026),2026-09-19 02:35 UTC,2026-09-18T22:52:00Z
447,GloomShroom Blade,Longsword,,Uncommon,59,https://swordburst2.fandom.com/Special:Redirect/file/GloomShroom_Blade.png,https://swordburst2.fandom.com/wiki/GloomShroom_Blade,Gloom Shroom,584,817,,,TRUE,12%,,,,,,,2026-09-19 02:35 UTC,2026-09-18T22:52:00Z
448,Gladius,Longsword,,Uncommon,78,https://swordburst2.fandom.com/Special:Redirect/file/Gladius.png,https://swordburst2.fandom.com/wiki/Gladius,Batting Eye,864,1209,,,TRUE,12%,,,,,,,2026-09-19 02:35 UTC,2026-09-18T22:52:00Z
449,Gold Guard,Greatsword,,Rare,25,https://swordburst2.fandom.com/Special:Redirect/file/Gold_Guard.png,https://swordburst2.fandom.com/wiki/Gold_Guard,Gift of the Seeker,387,,,,TRUE,6%,+5%,+20%,,,,,2026-09-19 02:35 UTC,2026-09-18T22:52:00Z
450,Glided Thorn,Rapier,JoJo's Bizarre Adventure (Limited,Uncommon,20,https://swordburst2.fandom.com/Special:Redirect/file/Glided_Thorn.png,https://swordburst2.fandom.com/wiki/Glided_Thorn,*Arcadia Exclusive Shop,99,138,,,TRUE,5%,+3%,+3%,2-3,2-3,misc,Fourth Edition,2026-09-19 02:35 UTC,2026-09-18T22:52:00Z
451,Godslayer's Fury,Spear,Angelic Theme,Tribute,445,https://swordburst2.fandom.com/Special:Redirect/file/Godslayer's_Fury_ico.webp,https://swordburst2.fandom.com/wiki/Godslayer's_Fury,Helmfirth Exclusive Shop,41250,,,,FALSE,45%,+46%,+52%,100,100,tributes,Fifteenth Edition,2026-09-19 02:35 UTC,2026-09-18T22:52:00Z
452,Golden Blade,Longsword,,Uncommon,46,https://swordburst2.fandom.com/Special:Redirect/file/Golden_Blade.png,https://swordburst2.fandom.com/wiki/Golden_Blade,Angry Cactus,362,506,,,TRUE,12%,,,,,,,2026-09-19 02:35 UTC,2026-09-18T22:52:00Z
453,God Module,Greatsword,,Rare,135,https://swordburst2.fandom.com/Special:Redirect/file/God_Module.png,https://swordburst2.fandom.com/wiki/God_Module,Command Falcon,1823,2916,,,TRUE,18%,,+4%,,,,,2026-09-19 02:35 UTC,2026-09-18T22:52:00Z
454,Golden Sacred Piercer,Rapier,Century's [[Tributes|Tribute]] <small>()</small,Tribute,250,https://swordburst2.fandom.com/Special:Redirect/file/GoldenSacredPiercer.png,https://swordburst2.fandom.com/wiki/Golden_Sacred_Piercer,Hypersiddia,6125,12250,,,TRUE,33%,3%,3%,3-4,1-2,tributes,Floor 11,2026-09-19 02:35 UTC,2026-09-18T22:52:00Z
455,Golem Shield,Accessory,Shield,Uncommon,48,https://swordburst2.fandom.com/Special:Redirect/file/Golem_Shield.png,https://swordburst2.fandom.com/wiki/Golem_Shield,Fire Scorpion,,,750,,TRUE,,+3%,-2%,,,,,2026-09-19 02:35 UTC,2026-09-18T22:52:00Z
456,Green Crafter's Outfit,Armor,Attire <small>()</small,Uncommon,33,https://swordburst2.fandom.com/Special:Redirect/file/GreenCrafterIcon.png,https://swordburst2.fandom.com/wiki/Green_Crafter's_Outfit,Evergreen Sentinel,,,790,1106,TRUE,,+8%,+12%,100-150+,50,misc,Winter Event,2026-09-19 02:35 UTC,2026-09-18T22:52:00Z
457,Graveborne Gentleman,Armor,,Legendary,440,https://swordburst2.fandom.com/Special:Redirect/file/Graveborne_Gentleman1.png,https://swordburst2.fandom.com/wiki/Graveborne_Gentleman,Skeletal Mage,,,487000,681800,TRUE,,+40%,+40%,1,1-2,clean_legendaries,Egg Realm (2025),2026-09-19 02:35 UTC,2026-09-18T22:52:00Z
458,Gourmet Guard,Armor,,Rare,315,https://swordburst2.fandom.com/Special:Redirect/file/Gourmet_Guard.png,https://swordburst2.fandom.com/wiki/Gourmet_Guard,Rapapouillie,,,271612,380256,TRUE,,+12%,+13%,,,,,2026-09-19 02:35 UTC,2026-09-18T22:52:00Z
459,Guardian's Divine Harbinger,Spear,GEA Limited,Tribute,420,https://swordburst2.fandom.com/Special:Redirect/file/Guardian's_Divine_Harbinger.png,https://swordburst2.fandom.com/wiki/Guardian's_Divine_Harbinger,Helmfirth Exclusive Shop,35000,70000,,,TRUE,30%,+50%,+50%,,,,,2026-09-19 02:35 UTC,2026-09-18T22:52:00Z
460,Guardian's Guard,Greatsword,,Rare,145,https://swordburst2.fandom.com/Special:Redirect/file/Guardian's_Guard.png,https://swordburst2.fandom.com/wiki/Guardian's_Guard,Watcher,2050,,,,FALSE,18%,,+4%,,,,,2026-09-19 02:35 UTC,2026-09-18T22:52:00Z
461,Guardian's Icy Fang,Scythe,Limited,Legendary,250,https://swordburst2.fandom.com/Special:Redirect/file/Guardian's_Icy_Fang.png,https://swordburst2.fandom.com/wiki/Guardian's_Icy_Fang,"Kloff, Marauder of the Frost",11800,,,,TRUE,18%,+16%,+16%,0.5,,clean_legendaries,Easter Realm (2023),2026-09-19 02:35 UTC,2026-09-18T22:52:00Z
462,Grim Crescent,Scythe,Limited RY,Legendary,275,https://swordburst2.fandom.com/Special:Redirect/file/Grim_Crescent.png,https://swordburst2.fandom.com/wiki/Grim_Crescent,Helmfirth Exclusive Shop,9450,18900,,,TRUE,20%,+24%,+50%,1.3,1.3,clean_legendaries,Tenth Edition,2026-09-19 02:35 UTC,2026-09-18T22:52:00Z
463,Guardian Angel,Accessory,Shield,Tribute,80,https://swordburst2.fandom.com/Special:Redirect/file/Guardian_Angel.png,https://swordburst2.fandom.com/wiki/Guardian_Angel,Formaug the Jungle Giant,,,6000,,TRUE,,+30%,+15%,?,,tributes,Floor 8,2026-09-19 02:35 UTC,2026-09-18T22:52:00Z
464,Gungnir,Spear,,Legendary,325,https://swordburst2.fandom.com/Special:Redirect/file/Gungnir.png,https://swordburst2.fandom.com/wiki/Gungnir,Atheon,15621,31242,,,TRUE,21%,+35%,+10%,0.3-0.5,0.3-0.5,clean_legendaries,Atheon's Realm,2026-09-19 02:35 UTC,2026-09-18T22:52:00Z
465,Hailstorm,Rapier,Limited,Tribute,340,https://swordburst2.fandom.com/Special:Redirect/file/Hailstorm.png,https://swordburst2.fandom.com/wiki/Hailstorm,Helmfirth Exclusive Shop,21000,42000,,,TRUE,30%,+25%,+25%,30-35,25,tributes,Eighth Edition,2026-09-19 02:35 UTC,2026-09-18T22:52:00Z
466,Hallow Christmas,Armor,,Tribute,425,https://swordburst2.fandom.com/Special:Redirect/file/Hallow_Christmas.png,https://swordburst2.fandom.com/wiki/Hallow_Christmas,Nightmares Forged,,,627000,877800,TRUE,,+56%,+56%,120-150,100-150,tributes,Egg Realm (2026),2026-09-19 02:35 UTC,2026-09-18T22:52:00Z
467,Hallow Merchant,Armor,,Common,21,https://swordburst2.fandom.com/Special:Redirect/file/Hallow_Merchant.png,https://swordburst2.fandom.com/wiki/Hallow_Merchant,Hostile Omen,,,416,582,TRUE,,2%,1%,,,,,2026-09-19 02:35 UTC,2026-09-18T22:52:00Z
468,Halloween's Vengeance,Greatsword,Limited,Legendary,250,https://swordburst2.fandom.com/Special:Redirect/file/Halloween's_Vengeance.png,https://swordburst2.fandom.com/wiki/Halloween's_Vengeance,Helmfirth Exclusive Shop,5800,11600,,,TRUE,15%,+12%,+12%,4-6,3-4,clean_legendaries,Eighth Edition,2026-09-19 02:35 UTC,2026-09-18T22:52:00Z
469,Hallow's Remnant,Greatsword,Limited Battle Axe <small>()</small,Rare,180,https://swordburst2.fandom.com/Special:Redirect/file/Hallow’s_Remnant.png,https://swordburst2.fandom.com/wiki/Hallow's_Remnant,"Egnor, the Undead King",3038,4861,,,TRUE,18%,6%,3%,,,,,2026-09-19 02:35 UTC,2026-09-18T22:52:00Z
470,Hallowing Eye,Scythe,Limited,Legendary,225,https://swordburst2.fandom.com/Special:Redirect/file/Hallowing_Eye.png,https://swordburst2.fandom.com/wiki/Hallowing_Eye,Headless Horseman,4569,9138,,,TRUE,18%,+9%,+11%,12-15,5-7,clean_legendaries,30-40 Prismatic Apex 2 Floria's Gift,2026-09-19 02:35 UTC,2026-09-18T22:52:00Z
471,Hallow’s Shield,Accessory,Shield,Rare,180,https://swordburst2.fandom.com/Special:Redirect/file/Hallow’s_Shield.png,https://swordburst2.fandom.com/wiki/Hallow’s_Shield,Mutated Pumpkin,,,4500,,TRUE,,+5%,-2%,,,,,2026-09-19 02:35 UTC,2026-09-18T22:52:00Z
472,Hand of Heaven,Longsword,Angelic Theme ( (Axe,Legendary,250,https://swordburst2.fandom.com/Special:Redirect/file/Hand_of_Heaven.png,https://swordburst2.fandom.com/wiki/Hand_of_Heaven,Helmfirth Exclusive Shop,7400,,,,FALSE,24%,+22%,+16%,12-14,12-14,clean_legendaries,Fifteenth Edition,2026-09-19 02:35 UTC,2026-09-18T22:52:00Z
473,Hanging Firefly Jar,Accessory,Lantern,Uncommon,59,https://swordburst2.fandom.com/Special:Redirect/file/Hanging_Firefly_Jar.png,https://swordburst2.fandom.com/wiki/Hanging_Firefly_Jar,Gloom Shroom,,,,,FALSE,,+8%,+4%,,,,,2026-09-19 02:35 UTC,2026-09-18T22:52:00Z
474,Halo,Accessory,,Rare,1,https://swordburst2.fandom.com/Special:Redirect/file/Halo.png,https://swordburst2.fandom.com/wiki/Halo,Burst Store,,,,,FALSE,,,+10%,,,,,2026-09-19 02:35 UTC,2026-09-18T22:52:00Z
475,Hanging Lantern,Accessory,Lantern,Common,92,https://swordburst2.fandom.com/Special:Redirect/file/Hanging_Lantern_Icon.png,https://swordburst2.fandom.com/wiki/Hanging_Lantern,Transylvania Shop,,,,,FALSE,,+12%,+6%,,,,,2026-09-19 02:35 UTC,2026-09-18T22:52:00Z
476,Hanging Jack O'lantern,Accessory,Lantern,Common,1,https://swordburst2.fandom.com/Special:Redirect/file/Hanging_Jack_O'Lantern.png,https://swordburst2.fandom.com/wiki/Hanging_Jack_O'lantern,Spooky Hollow Shop 2023 & 2024,,,,,FALSE,,+12%,+6%,,,,,2026-09-19 02:35 UTC,2026-09-18T22:52:00Z
477,Harvester,Rapier,Lance <small>()</small,Legendary,200,https://swordburst2.fandom.com/Special:Redirect/file/Harvester.png,https://swordburst2.fandom.com/wiki/Harvester,"Saurus, the All-Seeing",3662,7324,,,TRUE,11%,+9%,,0.5,0.5,clean_legendaries,Floor 11,2026-09-19 02:35 UTC,2026-09-18T22:52:00Z
478,Headband,Accessory,,Rare,1,https://swordburst2.fandom.com/Special:Redirect/file/Headband.png,https://swordburst2.fandom.com/wiki/Headband,Burst Store,,,,,FALSE,,+10%,,,,,,2026-09-19 02:35 UTC,2026-09-18T22:52:00Z
479,Heart of Catastrophe,Greatsword,Limited Dark Sword,Tribute,435,https://swordburst2.fandom.com/Special:Redirect/file/Heart_of_Catastrophe.png,https://swordburst2.fandom.com/wiki/Heart_of_Catastrophe,Helmfirth Exclusive Shop,36500,73000,,,TRUE,31%,+30%,+65%,35,30-35,tributes,Thirteenth Edition,2026-09-19 02:35 UTC,2026-09-18T22:52:00Z
480,Heart Slasher,Spear,Limited Merchant (Limited,Rare,200,https://swordburst2.fandom.com/Special:Redirect/file/Heart_Slasher.png,https://swordburst2.fandom.com/wiki/Heart_Slasher,*Helmfirth Exclusive Shop,3210,5136,,,TRUE,21%,+4%,+4%,1-2,1-2,misc,Third Edition,2026-09-19 02:35 UTC,2026-09-18T22:52:00Z
481,Hearpierced Rose,Rapier,,Tribute,300,https://swordburst2.fandom.com/Special:Redirect/file/Heartpierced_Rose.png,https://swordburst2.fandom.com/wiki/Hearpierced_Rose,Broken Bearus,<br>+88 per level,,,,FALSE,40%,25%,25%,,,,,2026-09-19 02:35 UTC,2026-09-18T22:52:00Z
482,Heavy Death-Metal,Greatsword,Limited Axe,Tribute,400,https://swordburst2.fandom.com/Special:Redirect/file/Heavy_Death-Metal.png,https://swordburst2.fandom.com/wiki/Heavy_Death-Metal,Hollow Shopkeeper,30000,60000,,,TRUE,35%,+40%,+40%,,,,,2026-09-19 02:35 UTC,2026-09-18T22:52:00Z
483,Health Regen Necklace,Accessory,Necklace,Uncommon,38,https://swordburst2.fandom.com/Special:Redirect/file/Health_Regen_Necklace.png,https://swordburst2.fandom.com/wiki/Health_Regen_Necklace,Lion Protector,,,,,FALSE,,+15%,,,,,,2026-09-19 02:35 UTC,2026-09-18T22:52:00Z
484,Heavenly Gale,Rapier,,Legendary,375,https://swordburst2.fandom.com/Special:Redirect/file/Heavenly_Gale.png,https://swordburst2.fandom.com/wiki/Heavenly_Gale,Helmfirth Exclusive Shop,23000,46000,,,TRUE,21%,+30%,+30%,75,70,clean_legendaries,Eleventh Edition,2026-09-19 02:35 UTC,2026-09-18T22:52:00Z
485,Hefty Coat,Armor,,Uncommon,32,https://swordburst2.fandom.com/Special:Redirect/file/Hefty_Coat.png,https://swordburst2.fandom.com/wiki/Hefty_Coat,Snowhorse,,,1053,,TRUE,,,,,,,,2026-09-19 02:35 UTC,2026-09-18T22:52:00Z
486,Hell's Server,Greatsword,,Rare,350,https://swordburst2.fandom.com/Special:Redirect/file/Hell's_Server.png,https://swordburst2.fandom.com/wiki/Hell's_Server,Burger Mimic,11915,19064,,,TRUE,18%,+16%,+16%,,,,,2026-09-19 02:35 UTC,2026-09-18T22:52:00Z
487,Hell's Embrace,Spear,Limited,Legendary,250,https://swordburst2.fandom.com/Special:Redirect/file/Hell's_Embrace.png,https://swordburst2.fandom.com/wiki/Hell's_Embrace,Helmfirth Exclusive Shop,5800,11600,,,TRUE,21%,+10%,+10%,3-4,2-3,clean_legendaries,First Edition,2026-09-19 02:35 UTC,2026-09-18T22:52:00Z
488,Hell Curve,Scythe,,Uncommon,210,https://swordburst2.fandom.com/Special:Redirect/file/Hell_Curve.png,https://swordburst2.fandom.com/wiki/Hell_Curve,Crystal Lizard,3989,5584,,,TRUE,18%,+5%,+4%,,,,,2026-09-19 02:35 UTC,2026-09-18T22:52:00Z
489,Hellscape,Spear,,Uncommon,78,https://swordburst2.fandom.com/Special:Redirect/file/Hellscape.png,https://swordburst2.fandom.com/wiki/Hellscape,*Fishrock Spider *Enraged Lingerer,864,1209,,,TRUE,21%,,,10-12,,auras,Purchasable in Burst Store 1-2 Orange Burst 1-2,2026-09-19 02:35 UTC,2026-09-18T22:52:00Z
490,Hellscape Twinblade,Spear,,Legendary,85,https://swordburst2.fandom.com/Special:Redirect/file/Hellscape_Twinblade.png,https://swordburst2.fandom.com/wiki/Hellscape_Twinblade,Mortis the Flaming Sear,1086,2172,,,TRUE,21%,+4%,+4%,0.5,0.5,clean_legendaries,Floor 9,2026-09-19 02:35 UTC,2026-09-18T22:52:00Z
491,Hellreaver,Greatsword,,Legendary,85,https://swordburst2.fandom.com/Special:Redirect/file/Hellreaver.png,https://swordburst2.fandom.com/wiki/Hellreaver,Mortis the Flaming Sear,1086,2172,,,TRUE,18%,+7%,-5%,0.5,1,clean_legendaries,Floor 9,2026-09-19 02:35 UTC,2026-09-18T22:52:00Z
492,Heremus,Rapier,,Uncommon,48,https://swordburst2.fandom.com/Special:Redirect/file/Heremus.png,https://swordburst2.fandom.com/wiki/Heremus,Fire Scorpion,389,544,,,TRUE,11%,,,,,,,2026-09-19 02:35 UTC,2026-09-18T22:52:00Z
493,Hiber Blade,Katana,,Common,5,https://swordburst2.fandom.com/Special:Redirect/file/Hiber_Blade.png,https://swordburst2.fandom.com/wiki/Hiber_Blade,Novice Shop,9,13,,,TRUE,15%,,,,,,,2026-09-19 02:35 UTC,2026-09-18T22:52:00Z
494,Hero's Triumph,Longsword,,Tribute,1,https://swordburst2.fandom.com/Special:Redirect/file/Hero's_Triumph_Outline.png,https://swordburst2.fandom.com/wiki/Hero's_Triumph,Get 1st place in an event,1000,2000,,,TRUE,8%,1%,1%,250-280,150-200,tributes,BGM Exclusive Events,2026-09-19 02:35 UTC,2026-09-18T22:52:00Z
495,Hero's Guardian (Weapon),Rapier,,Tribute,1,https://swordburst2.fandom.com/Special:Redirect/file/Hero's_Guardian_New_Icon.png,https://swordburst2.fandom.com/wiki/Hero's_Guardian_(Weapon),Win BGM's Hero's Guardian event,1000,2000,,,TRUE,11%,+1%,+1%,,,,,2026-09-19 02:35 UTC,2026-09-18T22:52:00Z
496,Hip Lantern,Accessory,Lantern,Common,92,https://swordburst2.fandom.com/Special:Redirect/file/Hip_Lantern.png,https://swordburst2.fandom.com/wiki/Hip_Lantern,Transylvania Shop,,,,,FALSE,,+6%,+12%,,,,,2026-09-19 02:35 UTC,2026-09-18T22:52:00Z
497,Hip Jack O'lantern,Accessory,Lantern,Common,1,https://swordburst2.fandom.com/Special:Redirect/file/Hip_Jack_O'Lantern.png,https://swordburst2.fandom.com/wiki/Hip_Jack_O'lantern,Spooky Hollow Shop 2023 & 2024,,,,,FALSE,,+6%,+12%,,,,,2026-09-19 02:35 UTC,2026-09-18T22:52:00Z
498,Hippolyta,Spear,,Legendary,375,https://swordburst2.fandom.com/Special:Redirect/file/Hippolyta.png,https://swordburst2.fandom.com/wiki/Hippolyta,"Tworz, The Ancient",22450,,,,FALSE,21%,+20%,+20%,0.5,0.5,clean_legendaries,- Rotational Floors -,2026-09-19 02:35 UTC,2026-09-18T22:52:00Z
499,Hip Firefly Jar,Accessory,Lantern,Uncommon,59,https://swordburst2.fandom.com/Special:Redirect/file/Hip_Firefly_Jar.png,https://swordburst2.fandom.com/wiki/Hip_Firefly_Jar,Firefly,,,,,FALSE,,+4%,+8%,,,,,2026-09-19 02:35 UTC,2026-09-18T22:52:00Z
500,Holiday Serpent's Crescent,Rapier,Limited,Rare,30,https://swordburst2.fandom.com/Special:Redirect/file/Holiday_Serpent's_Crescent.png,https://swordburst2.fandom.com/wiki/Holiday_Serpent's_Crescent,*Gemulite *Crystalite,490,,,,TRUE,12%,+2%,+2%,1,,misc,Winter Event,2026-09-19 02:35 UTC,2026-09-18T22:52:00Z
501,Hollow Curse,Greatsword,Corrupted,Tribute,415,https://swordburst2.fandom.com/Special:Redirect/file/Hollow_Curse.webp,https://swordburst2.fandom.com/wiki/Hollow_Curse,Corrupted Atheon,34000,68000,,,TRUE,40%,+36%,+40%,20-25,20,tributes,Atheon's Realm,2026-09-19 02:35 UTC,2026-09-18T22:52:00Z
502,Holy Ember,Armor,,Legendary,340,https://swordburst2.fandom.com/Special:Redirect/file/Holy_Ember.png,https://swordburst2.fandom.com/wiki/Holy_Ember,Atheon,,,335000,469000,TRUE,,+40%,+40%,1,1,clean_legendaries,Atheon's Realm,2026-09-19 02:35 UTC,2026-09-18T22:52:00Z
503,Holy Excaliber,Longsword,SAO (Limited,Legendary,150,https://swordburst2.fandom.com/Special:Redirect/file/Holy_Excaliber.png,https://swordburst2.fandom.com/wiki/Holy_Excaliber,Helmfirth Exclusive Shop,2250,4500,,,TRUE,10%,+8%,+8%,,,,,2026-09-19 02:35 UTC,2026-09-18T22:52:00Z
504,Hornit,Katana,,Common,21,https://swordburst2.fandom.com/Special:Redirect/file/Hornit.png,https://swordburst2.fandom.com/wiki/Hornit,Intermediate Shop,76,106,,,TRUE,15%,,,,,,,2026-09-19 02:35 UTC,2026-09-18T22:52:00Z
505,HopesEnd,Greatsword,Limited,Legendary,300,https://swordburst2.fandom.com/Special:Redirect/file/HopesEnd.png,https://swordburst2.fandom.com/wiki/HopesEnd,Frosty Fields,12500,25000,,,TRUE,18%,+22%,+22%,3-4,2-3,clean_legendaries,Fifteenth Edition,2026-09-19 02:35 UTC,2026-09-18T22:52:00Z
506,Holy Knight Shield,Accessory,Shield,Common,70,https://swordburst2.fandom.com/Special:Redirect/file/Holy_Knight_Shield.png,https://swordburst2.fandom.com/wiki/Holy_Knight_Shield,Hippogriff,,,950,,TRUE,,+2%,+2%,,,,,2026-09-19 02:35 UTC,2026-09-18T22:52:00Z
507,Horns,Accessory,,Uncommon,78,https://swordburst2.fandom.com/Special:Redirect/file/Horns.png,https://swordburst2.fandom.com/wiki/Horns,Gargoyle Reaper,,,,,FALSE,,+16%,,,,,,2026-09-19 02:35 UTC,2026-09-18T22:52:00Z
508,Holy Knight Armor,Armor,,Rare,82,https://swordburst2.fandom.com/Special:Redirect/file/Holy_Knight_Armor.png,https://swordburst2.fandom.com/wiki/Holy_Knight_Armor,Undead Warrior,,,7121,9969,TRUE,,,+6%,,,,,2026-09-19 02:35 UTC,2026-09-18T22:52:00Z
509,Horror Frost,Scythe,Limited,Legendary,1,https://swordburst2.fandom.com/Special:Redirect/file/Horror_Frost.png,https://swordburst2.fandom.com/wiki/Horror_Frost,Burst Store,<br>+100 per level,,,,FALSE,20%,+15%,+20%,45,,clean_legendaries,Frosty Bundle,2026-09-19 02:35 UTC,2026-09-18T22:52:00Z
510,HypoThermic Blade,Longsword,Category: Skills,Common,27,https://swordburst2.fandom.com/Special:Redirect/file/HypoThermic_Blade.png,https://swordburst2.fandom.com/wiki/HypoThermic_Blade,Angry Snowman,118,165,,,TRUE,12%,,,,,,,2026-09-19 02:35 UTC,2026-09-18T22:52:00Z
511,Hydrabane,Rapier,FL Limited,Legendary,160,https://swordburst2.fandom.com/Special:Redirect/file/Hydrabane.png,https://swordburst2.fandom.com/wiki/Hydrabane,Eternal Domain Dungeon,+33 per level,,,,FALSE,16%,+17%,+17%,1,1-2,clean_legendaries,Egg Realm (2025),2026-09-19 02:35 UTC,2026-09-18T22:52:00Z
512,Ice Dawn Blade,Katana,Limited,Legendary,85,https://swordburst2.fandom.com/Special:Redirect/file/Ice_Dawn_Blade_New.png,https://swordburst2.fandom.com/wiki/Ice_Dawn_Blade,Rat,2172,,,,TRUE,15%,,+30%,1-2,,clean_legendaries,Easter Realm (2023),2026-09-19 02:35 UTC,2026-09-18T22:52:00Z
513,Icebreaker,Longsword,Limited,Rare,32,https://swordburst2.fandom.com/Special:Redirect/file/Icebreaker.png,https://swordburst2.fandom.com/wiki/Icebreaker,Evergreen Sentinel (1%) Icy Imp,316,505,,,TRUE,12%,,+2%,,,,,2026-09-19 02:35 UTC,2026-09-18T22:52:00Z
514,Hyperslicer,Katana,,Uncommon,120,https://swordburst2.fandom.com/Special:Redirect/file/Hyperslicer.png,https://swordburst2.fandom.com/wiki/Hyperslicer,Elite Reaper,1586,2220,,,TRUE,15%,,,,,,,2026-09-19 02:35 UTC,2026-09-18T22:52:00Z
515,Icesword,Longsword,Limited,Uncommon,40,https://swordburst2.fandom.com/Special:Redirect/file/Icesword.png,https://swordburst2.fandom.com/wiki/Icesword,Frostgre,406,,,,TRUE,12%,2%,2%,1,,misc,Winter Event,2026-09-19 02:35 UTC,2026-09-18T22:52:00Z
516,Icy Dragon's Wrath,Katana,Limited,Legendary,200,https://swordburst2.fandom.com/Special:Redirect/file/Icy_Dragon's_Wrath.png,https://swordburst2.fandom.com/wiki/Icy_Dragon's_Wrath,Ghost of the Past,7650,,,,TRUE,15%,+6%,+6%,1,,clean_legendaries,Easter Realm (2023),2026-09-19 02:35 UTC,2026-09-18T22:52:00Z
517,Igalima,Spear,,Legendary,275,https://swordburst2.fandom.com/Special:Redirect/file/Igalima.png,https://swordburst2.fandom.com/wiki/Igalima,Limor the Devourer,9052,18104,,,TRUE,21%,+8%,+25%,5,5,clean_legendaries,Floor 12,2026-09-19 02:35 UTC,2026-09-18T22:52:00Z
518,Infernal Despair,Greatsword,Bleach (Limited,Legendary,230,https://swordburst2.fandom.com/Special:Redirect/file/Infernal_Despair.png,https://swordburst2.fandom.com/wiki/Infernal_Despair,*Helmfirth Exclusive Shop,3991,7982,,,TRUE,18%,+10%,+10%,0.5,0.5,clean_legendaries,Fourth Edition,2026-09-19 02:35 UTC,2026-09-18T22:52:00Z
519,Imperial Scouter,Armor,,Uncommon,210,https://swordburst2.fandom.com/Special:Redirect/file/Imperial_Scouter_Icon.png,https://swordburst2.fandom.com/wiki/Imperial_Scouter,Radio Slug,,,66550,93170,TRUE,,+11%,,,,,,2026-09-19 02:35 UTC,2026-09-18T22:52:00Z
520,Infernal Slasher,Longsword,,Common,35,https://swordburst2.fandom.com/Special:Redirect/file/Infernal_Slasher.png,https://swordburst2.fandom.com/wiki/Infernal_Slasher,Arcadia Exclusive Shop,160,224,,,TRUE,14%,2%,2%,1,1,misc,Second Edition,2026-09-19 02:35 UTC,2026-09-18T22:52:00Z
521,Impaler,Greatsword,,Rare,325,https://swordburst2.fandom.com/Special:Redirect/file/Impaler.png,https://swordburst2.fandom.com/wiki/Impaler,Rapapouillie,9135,14616,,,TRUE,18%,+15%,+15%,,,,,2026-09-19 02:35 UTC,2026-09-18T22:52:00Z
522,Infernarch,Spear,Limited,Legendary,325,https://swordburst2.fandom.com/Special:Redirect/file/Infernarch.png,https://swordburst2.fandom.com/wiki/Infernarch,Gift of Eternal Fire,32400,,,,TRUE,21%,+25%,+25%,,,,,2026-09-19 02:35 UTC,2026-09-18T22:52:00Z
523,Infinity,Greatsword,Angelic Theme,Legendary,200,https://swordburst2.fandom.com/Special:Redirect/file/Infinity_ico.webp,https://swordburst2.fandom.com/wiki/Infinity,Helmfirth Exclusive Shop,3,7600,,,TRUE,21%,+18%,+18%,8-10,8-10,clean_legendaries,Fifteenth Edition,2026-09-19 02:35 UTC,2026-09-18T22:52:00Z
524,Infernum Loricam,Armor,,Legendary,325,https://swordburst2.fandom.com/Special:Redirect/file/AtheonArmor.png,https://swordburst2.fandom.com/wiki/Infernum_Loricam,Atheon,,,315597,441835,TRUE,,+21%,+6%,,,,,2026-09-19 02:35 UTC,2026-09-18T22:52:00Z
525,Infernal Flame Armor,Armor,,Legendary,400,https://swordburst2.fandom.com/Special:Redirect/file/Infernal_Flame_Armor.webp,https://swordburst2.fandom.com/wiki/Infernal_Flame_Armor,Corrupted Atheon,,,416821,583549,TRUE,,+22%,+38%,1,1,clean_legendaries,Atheon's Realm,2026-09-19 02:35 UTC,2026-09-18T22:52:00Z
526,Insomnia,Katana,,Rare,92,https://swordburst2.fandom.com/Special:Redirect/file/Insomnia.png,https://swordburst2.fandom.com/wiki/Insomnia,Grunt,1112,1779,,,TRUE,15%,,,,,,,2026-09-19 02:35 UTC,2026-09-18T22:52:00Z
527,Interstellar Bone Sword,Greatsword,Limited,Legendary,275,https://swordburst2.fandom.com/Special:Redirect/file/Interstellar_Bone_Sword.png,https://swordburst2.fandom.com/wiki/Interstellar_Bone_Sword,Helmfirth Exclusive Shop,8750,17500,,,TRUE,20%,+18%,+18%,15,6-8,clean_legendaries,Eighth Edition,2026-09-19 02:35 UTC,2026-09-18T22:52:00Z
528,Interstellar Snowflake Katana,Katana,Limited,Tribute,405,https://swordburst2.fandom.com/Special:Redirect/file/Interstellar_Snowflake_Katana.png,https://swordburst2.fandom.com/wiki/Interstellar_Snowflake_Katana,Helmfirth Exclusive Shop,32000,64000,,,TRUE,40%,+45%,+45%,35,30,tributes,Eighth Edition,2026-09-19 02:35 UTC,2026-09-18T22:52:00Z
529,Invocation,Longsword,Limited,Legendary,350,https://swordburst2.fandom.com/Special:Redirect/file/Invocation.png,https://swordburst2.fandom.com/wiki/Invocation,Frosty Fields,20235,40470,,,TRUE,24%,+18%,+18%,8-10,5-6,clean_legendaries,Fifteenth Edition,2026-09-19 02:35 UTC,2026-09-18T22:52:00Z
530,Ionized Phaser,Greatsword,Phaseblade,Rare,185,https://swordburst2.fandom.com/Special:Redirect/file/Ionized_Phaser.png,https://swordburst2.fandom.com/wiki/Ionized_Phaser,"*Rogue Android *Wa, the Curious",3194,5110,,,TRUE,18%,,+6%,,,,,2026-09-19 02:35 UTC,2026-09-18T22:52:00Z
531,Iridescence,Longsword,,Rare,185,https://swordburst2.fandom.com/Special:Redirect/file/Iridescence.png,https://swordburst2.fandom.com/wiki/Iridescence,Meta Figure,3194,5110,,,TRUE,12%,,+5%,,,,,2026-09-19 02:35 UTC,2026-09-18T22:52:00Z
532,Iridescent Breeze,Rapier,Limited,Legendary,100,https://swordburst2.fandom.com/Special:Redirect/file/Iridescent_Breeze.png,https://swordburst2.fandom.com/wiki/Iridescent_Breeze,Egg Mimic,1350,2700,,,TRUE,11%,+5%,+5%,2-3,1-2,clean_legendaries,Egg Realm (2025),2026-09-19 02:35 UTC,2026-09-18T22:52:00Z
533,Jacko Redeemer,Longsword,,Uncommon,160,https://swordburst2.fandom.com/Special:Redirect/file/Jacko_Redeemer.png,https://swordburst2.fandom.com/wiki/Jacko_Redeemer,Mutated Pumpkin,2440,3416,,,TRUE,12%,+2%,,,,,,2026-09-19 02:35 UTC,2026-09-18T22:52:00Z
534,Jack'O Platemail,Armor,,Rare,100,https://swordburst2.fandom.com/Special:Redirect/file/Jack'O_Platemail.png,https://swordburst2.fandom.com/wiki/Jack'O_Platemail,Cursed Giant,,,12600,,TRUE,,15%,,,,,,2026-09-19 02:35 UTC,2026-09-18T22:52:00Z
535,Jaws Of Hell,Rapier,,Uncommon,210,https://swordburst2.fandom.com/Special:Redirect/file/Jaws_of_Hell_Icon.png,https://swordburst2.fandom.com/wiki/Jaws_Of_Hell,Radio Slug,3989,5584,,,TRUE,11%,8%,,,,,,2026-09-19 02:35 UTC,2026-09-18T22:52:00Z
536,Jade Blade,Greatsword,,Uncommon,70,https://swordburst2.fandom.com/Special:Redirect/file/Jade_Blade.png,https://swordburst2.fandom.com/wiki/Jade_Blade,Leaf Rhino,715,1001,,,TRUE,18%,,,,,,,2026-09-19 02:35 UTC,2026-09-18T22:52:00Z
537,Jacko Piercer,Spear,Limited,Rare,125,https://swordburst2.fandom.com/Special:Redirect/file/Jacko_Piercer1.png,https://swordburst2.fandom.com/wiki/Jacko_Piercer,Watcher,+16 per level,,,,FALSE,21%,+40%,-25%,,,,,2026-09-19 02:35 UTC,2026-09-18T22:52:00Z
538,Ivory Titan,Armor,,Legendary,350,https://swordburst2.fandom.com/Special:Redirect/file/Ivory_Titan.png,https://swordburst2.fandom.com/wiki/Ivory_Titan,"Tworz, The Ancient",,,340000,476000,TRUE,,+20%,+20%,0.5,1,clean_legendaries,- Rotational Floors -,2026-09-19 02:35 UTC,2026-09-18T22:52:00Z
539,Journey's Beginning,Rapier,Limited,Common,10,https://swordburst2.fandom.com/Special:Redirect/file/Journey's_Beginning.png,https://swordburst2.fandom.com/wiki/Journey's_Beginning,Gift of Beginnings,100,,,,TRUE,0%,,,,4-5,misc,Gift Items,2026-09-19 02:35 UTC,2026-09-18T22:52:00Z
540,Jotunfrost,Katana,Limited,Legendary,290,https://swordburst2.fandom.com/Special:Redirect/file/Jotunfrost.png,https://swordburst2.fandom.com/wiki/Jotunfrost,"Vyroth, The Frostflame",22750,,,,TRUE,15%,30%,10%,1-2,,clean_legendaries,Easter Realm (2023),2026-09-19 02:35 UTC,2026-09-18T22:52:00Z
541,Judgement,Katana,,Legendary,325,https://swordburst2.fandom.com/Special:Redirect/file/Judgement.png,https://swordburst2.fandom.com/wiki/Judgement,Atheon,15621,31242,,,TRUE,15%,+20%,+10%,,,,,2026-09-19 02:35 UTC,2026-09-18T22:52:00Z
542,Justice Halberd,Spear,,Legendary,285,https://swordburst2.fandom.com/Special:Redirect/file/Gae_Bolg.png,https://swordburst2.fandom.com/wiki/Justice_Halberd,Warlord,9763,19526,,,TRUE,21%,27%,9%,,,,,2026-09-19 02:35 UTC,2026-09-18T22:52:00Z
543,Jungle's Grace,Spear,,Legendary,40,https://swordburst2.fandom.com/Special:Redirect/file/Jungle's_Grace.png,https://swordburst2.fandom.com/wiki/Jungle's_Grace,Gorilla Berserker,Level Based +8 per level,,,,FALSE,20%,+6%,+14%,,,,,2026-09-19 02:35 UTC,2026-09-18T22:52:00Z
544,Kaego,Katana,Limited,Tribute,1,https://swordburst2.fandom.com/Special:Redirect/file/Kaegoicon.png,https://swordburst2.fandom.com/wiki/Kaego,Limited Code,<br>+42 per level,,,,FALSE,25%,+30%,+30%,,,,,2026-09-19 02:35 UTC,2026-09-18T22:52:00Z
545,Kelp Slash,Longsword,Limited Merchant (Limited,Rare,50,https://swordburst2.fandom.com/Special:Redirect/file/Kelp_Flash.png,https://swordburst2.fandom.com/wiki/Kelp_Slash,*Arcadia Exclusive Shop,415,664,,,TRUE,14%,3%,3%,,,,,2026-09-19 02:35 UTC,2026-09-18T22:52:00Z
546,Kensai's Shadow,Longsword,SAO (Limited,Rare,40,https://swordburst2.fandom.com/Special:Redirect/file/Kensai's_Shadow.png,https://swordburst2.fandom.com/wiki/Kensai's_Shadow,Arcadia Exclusive Shop,341,545,,,TRUE,6%,+4%,+4%,2-3,2-3,misc,Fifth Edition,2026-09-19 02:35 UTC,2026-09-18T22:52:00Z
547,Kaiun Omamori,Katana,Limited,Rare,100,https://swordburst2.fandom.com/Special:Redirect/file/Kaiun_Omamori.png,https://swordburst2.fandom.com/wiki/Kaiun_Omamori,Gift of Luck,2000,,,,TRUE,15%,,+2%,,1,misc,Gift Items,2026-09-19 02:35 UTC,2026-09-18T22:52:00Z
548,Kinoko Edge,Katana,,Uncommon,59,https://swordburst2.fandom.com/Special:Redirect/file/Kinoko_Edge.png,https://swordburst2.fandom.com/wiki/Kinoko_Edge,Jelly Wisp,584,817,,,TRUE,15%,,,,,,,2026-09-19 02:35 UTC,2026-09-18T22:52:00Z
549,King's Current,Longsword,Pride of Atlantis,Tribute,450,https://swordburst2.fandom.com/Special:Redirect/file/Kings_Current.png,https://swordburst2.fandom.com/wiki/King's_Current,Leviathan,44000,88000,,,TRUE,45%,+50%,+50%,30-40,30-40,tributes,- ROTATIONAL FLOOR TRIBUTES -,2026-09-19 02:35 UTC,2026-09-18T22:52:00Z
550,King's Legacy,Longsword,,Rare,135,https://swordburst2.fandom.com/Special:Redirect/file/King's_Legacy.png,https://swordburst2.fandom.com/wiki/King's_Legacy,"*Rogue Android *Wa, the Curious",1823,2916,,,TRUE,12%,+1%,+1%,,,,,2026-09-19 02:35 UTC,2026-09-18T22:52:00Z
551,Klinge,Katana,,Common,36,https://swordburst2.fandom.com/Special:Redirect/file/Klinge.png,https://swordburst2.fandom.com/wiki/Klinge,Advanced Shop,225,315,,,TRUE,15%,,,,,,,2026-09-19 02:35 UTC,2026-09-18T22:52:00Z
552,Kineto,Katana,,Rare,230,https://swordburst2.fandom.com/Special:Redirect/file/Kineto_Icon.png,https://swordburst2.fandom.com/wiki/Kineto,Scav,4763,7620,,,TRUE,15%,+5%,+5%,,,,,2026-09-19 02:35 UTC,2026-09-18T22:52:00Z
553,Killer's Cloak,Armor,,Uncommon,92,https://swordburst2.fandom.com/Special:Redirect/file/Killer's_Cloak.png,https://swordburst2.fandom.com/wiki/Killer's_Cloak,Shady Villager,,,7781,10893,TRUE,,,,,,,,2026-09-19 02:35 UTC,2026-09-18T22:52:00Z
554,Knight's Platemail,Armor,,Common,43,https://swordburst2.fandom.com/Special:Redirect/file/Knight's_Platemail.png,https://swordburst2.fandom.com/wiki/Knight's_Platemail,Advanced Shop,,,1968,2755,TRUE,,,,,,,,2026-09-19 02:35 UTC,2026-09-18T22:52:00Z
555,Knight Claymore,Longsword,,Common,21,https://swordburst2.fandom.com/Special:Redirect/file/Knight_Claymore.png,https://swordburst2.fandom.com/wiki/Knight_Claymore,Spooky Hollow Shop,152,212,,,TRUE,12%,,,,,,,2026-09-19 02:35 UTC,2026-09-18T22:52:00Z
556,Kite Blade,Longsword,,Common,15,https://swordburst2.fandom.com/Special:Redirect/file/Kite_Blade.png,https://swordburst2.fandom.com/wiki/Kite_Blade,Intermediate Shop,38,53,,,TRUE,12%,,,,,,,2026-09-19 02:35 UTC,2026-09-18T22:52:00Z
557,Kobold Spear,Spear,,Uncommon,12,https://swordburst2.fandom.com/Special:Redirect/file/Kobold_Spear.png,https://swordburst2.fandom.com/wiki/Kobold_Spear,*Ruin Kobold Knight *Ruined Kobold Knight,25,35,,,TRUE,21%,,,,,,,2026-09-19 02:35 UTC,2026-09-18T22:52:00Z
558,Kobold Helmet,Accessory,Helmet,Uncommon,9,https://swordburst2.fandom.com/Special:Redirect/file/Kobold_Helmet.png,https://swordburst2.fandom.com/wiki/Kobold_Helmet,Ruin Kobold Knight,,,,,FALSE,,+6%,,,,,,2026-09-19 02:35 UTC,2026-09-18T22:52:00Z
559,Kobold Iron Armor,Armor,Category,Common,12,https://swordburst2.fandom.com/Special:Redirect/file/Kobold_Iron_Armor.png,https://swordburst2.fandom.com/wiki/Kobold_Iron_Armor,Novice Shop,,,124,173,TRUE,,,,,,,,2026-09-19 02:35 UTC,2026-09-18T22:52:00Z
560,Kraydus,Longsword,Corrupted Atheon,Legendary,375,https://swordburst2.fandom.com/Special:Redirect/file/Kraydus.webp,https://swordburst2.fandom.com/wiki/Kraydus,Corrupted Atheon,27200,54400,,,TRUE,32%,+45%,+32%,1,0.5,clean_legendaries,Atheon's Realm,2026-09-19 02:35 UTC,2026-09-18T22:52:00Z
561,Kusanagi,Katana,,Legendary,100,https://swordburst2.fandom.com/Special:Redirect/file/Kusanagi---image.png,https://swordburst2.fandom.com/wiki/Kusanagi,"Baal, The Tormentor",1301,2602,,,TRUE,15%,+4%,,0.5,1,clean_legendaries,Floor 10,2026-09-19 02:35 UTC,2026-09-18T22:52:00Z
562,Kugachi Platemail,Armor,Limited Merchant (Limited,Legendary,375,https://swordburst2.fandom.com/Special:Redirect/file/Kugachi_Platemail.png,https://swordburst2.fandom.com/wiki/Kugachi_Platemail,*Helmfirth Exclusive Shop,,,370000,518000,TRUE,,30%,,5-10,5-10,clean_legendaries,Third Edition,2026-09-19 02:35 UTC,2026-09-18T22:52:00Z
563,Kurenai,Katana,,Legendary,200,https://swordburst2.fandom.com/Special:Redirect/file/Kurenai.png,https://swordburst2.fandom.com/wiki/Kurenai,"Saurus, the All-Seeing",3662,7324,,,TRUE,15%,+11%,,1,1,clean_legendaries,Floor 11,2026-09-19 02:35 UTC,2026-09-18T22:52:00Z
564,Krampus's Catastrophe,Greatsword,,Tribute,340,https://swordburst2.fandom.com/Special:Redirect/file/Krampus's_Catastrophe.png,https://swordburst2.fandom.com/wiki/Krampus's_Catastrophe,Krampus,<br>+125 per level,,,,FALSE,36%,50%,12%,,,,,2026-09-19 02:35 UTC,2026-09-18T22:52:00Z
565,Kythor's Soulrender,Greatsword,SBO (Limited,Uncommon,120,https://swordburst2.fandom.com/Special:Redirect/file/Kythor's_Soulrender.png,https://swordburst2.fandom.com/wiki/Kythor's_Soulrender,Helmfirth Exclusive Shop,1616,2262,,,TRUE,4%,+6%,+6%,2-3,1-2,misc,Fifth Edition,2026-09-19 02:35 UTC,2026-09-18T22:52:00Z
566,Laevateinn,Rapier,,Legendary,325,https://swordburst2.fandom.com/Special:Redirect/file/Laevateinn.png,https://swordburst2.fandom.com/wiki/Laevateinn,Atheon,15621,31242,,,TRUE,11%,+25%,+5%,0.3-0.5,0.3-0.5,clean_legendaries,Atheon's Realm,2026-09-19 02:35 UTC,2026-09-18T22:52:00Z
567,Lapis Wings,Accessory,Wings,Rare,1,https://swordburst2.fandom.com/Special:Redirect/file/Lapis_Wings.png,https://swordburst2.fandom.com/wiki/Lapis_Wings,Burst Store,,,,,FALSE,,,+21%,2-3,,accessories,Waist / Back,2026-09-19 02:35 UTC,2026-09-18T22:52:00Z
568,Laviosa,Spear,Limited Merchant (Limited,Uncommon,150,https://swordburst2.fandom.com/Special:Redirect/file/Laviosa.png,https://swordburst2.fandom.com/wiki/Laviosa,*Helmfirth Exclusive Shop,2425,3395,,,TRUE,23%,+5%,+5%,0.5-1,0.5-1,misc,Second Edition,2026-09-19 02:35 UTC,2026-09-18T22:52:00Z
569,Lazarus,Rapier,Category,Rare,35,https://swordburst2.fandom.com/Special:Redirect/file/Lazarus.png,https://swordburst2.fandom.com/wiki/Lazarus,Ra'thae the Ice King,210,336,,,TRUE,11%,,,,,,,2026-09-19 02:35 UTC,2026-09-18T22:52:00Z
570,Leaf Longsword,Longsword,,Rare,350,https://swordburst2.fandom.com/Special:Redirect/file/Leaf_Longsword.png,https://swordburst2.fandom.com/wiki/Leaf_Longsword,Eternal Blossom Knight,11915,,,,FALSE,12%,+16%,+16%,,,,,2026-09-19 02:35 UTC,2026-09-18T22:52:00Z
571,Leek,Longsword,Limited Leek,Legendary,1,https://swordburst2.fandom.com/Special:Redirect/file/Leek.png,https://swordburst2.fandom.com/wiki/Leek,Idol Star Bundle,+145 per Level.,,,,FALSE,30%,+25%,+25%,Untradeable,,clean_legendaries,Idol Star Bundle,2026-09-19 02:35 UTC,2026-09-18T22:52:00Z
572,Legendary Foxtail,Accessory,Tail,Rare,1,https://swordburst2.fandom.com/Special:Redirect/file/Legendary_Foxtail.png,https://swordburst2.fandom.com/wiki/Legendary_Foxtail,Burst Store,,,,,FALSE,,,,,,,,2026-09-19 02:35 UTC,2026-09-18T22:52:00Z
573,Leaf Blade,Katana,,Uncommon,38,https://swordburst2.fandom.com/Special:Redirect/file/Leaf_Blade.png,https://swordburst2.fandom.com/wiki/Leaf_Blade,*Egg Mimic *Treehorse,260,364,,,TRUE,15%,,,,,,,2026-09-19 02:35 UTC,2026-09-18T22:52:00Z
574,Leviathens Grasp,Greatsword,Limited,Legendary,340,https://swordburst2.fandom.com/Special:Redirect/file/Leviathens_Grasp.png,https://swordburst2.fandom.com/wiki/Leviathens_Grasp,Helmfirth Exclusive Shop,16580,33160,,,TRUE,20%,+15%,+15%,8-12,8,clean_legendaries,Seventh Edition,2026-09-19 02:35 UTC,2026-09-18T22:52:00Z
575,Liberator's Vengeance,Accessory,Shield,Legendary,100,https://swordburst2.fandom.com/Special:Redirect/file/Liberator's_Vengeance.png,https://swordburst2.fandom.com/wiki/Liberator's_Vengeance,Grim the Overseer,,,2250,,TRUE,,+6%,-3%,0.5,,clean_legendaries,Floor 10,2026-09-19 02:35 UTC,2026-09-18T22:52:00Z
576,Life's Privilege,Greatsword,small>(Axe)</small,Tribute,75,https://swordburst2.fandom.com/Special:Redirect/file/Rhitta.png,https://swordburst2.fandom.com/wiki/Life's_Privilege,•Gold Chests in Blooming Plateau •Hippogriff,2500,,,,FALSE,11%,,4%,30,15,tributes,Floor 8,2026-09-19 02:35 UTC,2026-09-18T22:52:00Z
577,Life's Limit,Longsword,,Legendary,85,https://swordburst2.fandom.com/Special:Redirect/file/Life's_Limit.png,https://swordburst2.fandom.com/wiki/Life's_Limit,Mortis the Flaming Sear,1086,2172,,,TRUE,12%,+4%,,0.5,1,clean_legendaries,Floor 9,2026-09-19 02:35 UTC,2026-09-18T22:52:00Z
578,Light Fields Armor,Armor,,Common,3,https://swordburst2.fandom.com/Special:Redirect/file/Light_Fields_Armor.png,https://swordburst2.fandom.com/wiki/Light_Fields_Armor,Frenzy Boar,,,25,35,TRUE,,,,,,,,2026-09-19 02:35 UTC,2026-09-18T22:52:00Z
579,Light Greatsword,Greatsword,,Common,3,https://swordburst2.fandom.com/Special:Redirect/file/Light_Greatsword.png,https://swordburst2.fandom.com/wiki/Light_Greatsword,Frenzy Boar,8,11,,,TRUE,18%,,,,,,,2026-09-19 02:35 UTC,2026-09-18T22:52:00Z
580,Lightbringer,Rapier,,Rare,92,https://swordburst2.fandom.com/Special:Redirect/file/Lightbringer.png,https://swordburst2.fandom.com/wiki/Lightbringer,Guard Hound,1112,1779,,,TRUE,11%,,,,,,,2026-09-19 02:35 UTC,2026-09-18T22:52:00Z
581,Liberation,Katana,Happy 2026,Tribute,1,https://swordburst2.fandom.com/Special:Redirect/file/LiberationKatanaIcon.png,https://swordburst2.fandom.com/wiki/Liberation,Mega Present,2026,4052,,,TRUE,26%,+30%,+30%,25-30,,auras,Gracious Domain 3 Serenity Realm 3-4,2026-09-19 02:35 UTC,2026-09-18T22:52:00Z
582,Light Paladin shield,Accessory,Shield,Common,88,https://swordburst2.fandom.com/Special:Redirect/file/Light_Paladin_Shield.png,https://swordburst2.fandom.com/wiki/Light_Paladin_shield,Transylvania Shop,,,1475,,TRUE,,,+2%,,,,,2026-09-19 02:35 UTC,2026-09-18T22:52:00Z
583,Lightning Hammer,Longsword,Hammer <small>()</small,Legendary,50,https://swordburst2.fandom.com/Special:Redirect/file/Lightning_Hammer.png,https://swordburst2.fandom.com/wiki/Lightning_Hammer,Sa'jun the Centurian Chieftain,420,840,,,TRUE,12%,+2%,,1,0.5-1,clean_legendaries,Floor 5,2026-09-19 02:35 UTC,2026-09-18T22:52:00Z
584,Liminal Scythe,Scythe,,Tribute,1,https://swordburst2.fandom.com/Special:Redirect/file/Liminal_Scythe_Outline.png,https://swordburst2.fandom.com/wiki/Liminal_Scythe,Get 1st place in a SB2 Backrooms Live Event,3000,6000,,,TRUE,18%,1%,1%,Untradeable,Untradeable,tributes,BGM Exclusive Events,2026-09-19 02:35 UTC,2026-09-18T22:52:00Z
585,Limbo,Rapier,,Uncommon,78,https://swordburst2.fandom.com/Special:Redirect/file/Limbo.png,https://swordburst2.fandom.com/wiki/Limbo,*Enraged Lingerer *Fishrock Spider,864,1209,,,TRUE,11%,,,,,,,2026-09-19 02:35 UTC,2026-09-18T22:52:00Z
586,Lightbane,Rapier,,Common,300,https://swordburst2.fandom.com/Special:Redirect/file/Lightbane.png,https://swordburst2.fandom.com/wiki/Lightbane,Ancient Blossom Knight,6725,9415,,,TRUE,11%,10%,10%,,,,,2026-09-19 02:35 UTC,2026-09-18T22:52:00Z
587,Lich Blade,Katana,,Rare,135,https://swordburst2.fandom.com/Special:Redirect/file/Lich_Blade.png,https://swordburst2.fandom.com/wiki/Lich_Blade,Armageddon Eagle,1823,2916,,,TRUE,15%,+2%,+2%,,,,,2026-09-19 02:35 UTC,2026-09-18T22:52:00Z
588,Lionheart,Greatsword,,Common,36,https://swordburst2.fandom.com/Special:Redirect/file/Lionheart.png,https://swordburst2.fandom.com/wiki/Lionheart,Advanced Shop,225,315,,,TRUE,18%,,,,,,,2026-09-19 02:35 UTC,2026-09-18T22:52:00Z
589,Lotus Edge,Greatsword,Axe,Legendary,265,https://swordburst2.fandom.com/Special:Redirect/file/Lotus_Edge.png,https://swordburst2.fandom.com/wiki/Lotus_Edge,Broken Bearus,<br>+62 per level,,,,FALSE,24%,18%,18%,,,,,2026-09-19 02:35 UTC,2026-09-18T22:52:00Z
590,Lovetap,Longsword,Jujutsu Kaisen (Limited Hammer,Legendary,50,https://swordburst2.fandom.com/Special:Redirect/file/Lovetap.png,https://swordburst2.fandom.com/wiki/Lovetap,Arcadia Exclusive Shop,450,900,,,TRUE,15%,+5%,+5%,4,1-2,clean_legendaries,Fourth Edition,2026-09-19 02:35 UTC,2026-09-18T22:52:00Z
591,Lucent,Spear,Limited,Legendary,100,https://swordburst2.fandom.com/Special:Redirect/file/Lucent.png,https://swordburst2.fandom.com/wiki/Lucent,Krampus,2602,,,,TRUE,21%,+15%,+15%,0.5,,clean_legendaries,Easter Realm (2023),2026-09-19 02:35 UTC,2026-09-18T22:52:00Z
592,Lumiere,Rapier,,Rare,15,https://swordburst2.fandom.com/Special:Redirect/file/Lumiere.png,https://swordburst2.fandom.com/wiki/Lumiere,Ruined Kobold Lord,66,105,,,TRUE,11%,,,,,,,2026-09-19 02:35 UTC,2026-09-18T22:52:00Z
593,Lord's Warcry,Greatsword,Battle Axe <small>()</small,Legendary,375,https://swordburst2.fandom.com/Special:Redirect/file/Lord's_Warcry.png,https://swordburst2.fandom.com/wiki/Lord's_Warcry,"Azeis, Spirit of the Blossom",22450,,,,FALSE,18%,+20%,+20%,0.5,0.5,clean_legendaries,- Rotational Floors -,2026-09-19 02:35 UTC,2026-09-18T22:52:00Z
594,Luminous Blade,Longsword,Limited,Legendary,225,https://swordburst2.fandom.com/Special:Redirect/file/Luminous_Blade.png,https://swordburst2.fandom.com/wiki/Luminous_Blade,"Kloff, Marauder of the Frost",9600,,,,TRUE,12%,+15%,+15%,0.5-1,,clean_legendaries,Easter Realm (2023),2026-09-19 02:35 UTC,2026-09-18T22:52:00Z
595,Luminous Blossom,Longsword,Limited,Rare,115,https://swordburst2.fandom.com/Special:Redirect/file/Luminous_Blossom.webp,https://swordburst2.fandom.com/wiki/Luminous_Blossom,Broken Bearus,Level Based +16 per level,,,,FALSE,14%,+13%,+13%,,,,,2026-09-19 02:35 UTC,2026-09-18T22:52:00Z
596,Lycophyte Claymore,Greatsword,,Uncommon,72,https://swordburst2.fandom.com/Special:Redirect/file/Lycophyte_Claymore.png,https://swordburst2.fandom.com/wiki/Lycophyte_Claymore,Forest Wanderer,759,1062,,,TRUE,18%,,,,,,,2026-09-19 02:35 UTC,2026-09-18T22:52:00Z
597,Lunar Eclipse,Katana,,Uncommon,50,https://swordburst2.fandom.com/Special:Redirect/file/Lunar_Eclipse.png,https://swordburst2.fandom.com/wiki/Lunar_Eclipse,Dark Spirit,733,,,,TRUE,15%,-3%,-3%,,,,,2026-09-19 02:35 UTC,2026-09-18T22:52:00Z
598,Lustrous Rapier,Rapier,,Common,52,https://swordburst2.fandom.com/Special:Redirect/file/Lustrous_Rapier.png,https://swordburst2.fandom.com/wiki/Lustrous_Rapier,Helmfirth Weapon Shop,445,623,,,TRUE,11%,,,,,,,2026-09-19 02:35 UTC,2026-09-18T22:52:00Z
599,Magma Infuser,Rapier,,Legendary,85,https://swordburst2.fandom.com/Special:Redirect/file/Magma_Infuser.png,https://swordburst2.fandom.com/wiki/Magma_Infuser,Polyserpant,1086,2172,,,TRUE,11%,8%,3%,0.5,0.5,clean_legendaries,Floor 9,2026-09-19 02:35 UTC,2026-09-18T22:52:00Z
600,Maiden's Weep,Spear,Limited,Tribute,300,https://swordburst2.fandom.com/Special:Redirect/file/Maiden's_Weep.png,https://swordburst2.fandom.com/wiki/Maiden's_Weep,Crystal Forge,+150 per level,,,,FALSE,35%,+30%,+30%,50-70,,tributes,- EVENT FLOOR TRIBUTES -,2026-09-19 02:35 UTC,2026-09-18T22:52:00Z
601,Maiden's Weep (Sealed),Spear,Limited,Legendary,150,https://swordburst2.fandom.com/Special:Redirect/file/Maiden's_Weep_(Sealed).png,https://swordburst2.fandom.com/wiki/Maiden's_Weep_(Sealed),Crystal Forge,+75 per level,,,,FALSE,15%,+20%,+20%,30+,,clean_legendaries,- MISCELLANEOUS -,2026-09-19 02:35 UTC,2026-09-18T22:52:00Z
602,Meal Cutter,Rapier,,Common,325,https://swordburst2.fandom.com/Special:Redirect/file/Meal_Cutter.png,https://swordburst2.fandom.com/wiki/Meal_Cutter,Cheese-Dip Slime,7617,10663,,,TRUE,11%,+10%,+10%,,,,,2026-09-19 02:35 UTC,2026-09-18T22:52:00Z
603,Meatball Slammer,Longsword,,Legendary,375,https://swordburst2.fandom.com/Special:Redirect/file/Meatball_Slammer.png,https://swordburst2.fandom.com/wiki/Meatball_Slammer,Meatball Abomination,22450,,,,FALSE,12%,+15%,+25%,10,7-8,clean_legendaries,- Rotational Floors -,2026-09-19 02:35 UTC,2026-09-18T22:52:00Z
604,Medic Blade,Longsword,,Common,36,https://swordburst2.fandom.com/Special:Redirect/file/Medic_Blade.png,https://swordburst2.fandom.com/wiki/Medic_Blade,Advanced Shop,225,315,,,TRUE,12%,,,,,,,2026-09-19 02:35 UTC,2026-09-18T22:52:00Z
605,Mechanized Bloodbane,Scythe,,Rare,250,https://swordburst2.fandom.com/Special:Redirect/file/Mechanized_Bloodbane.png,https://swordburst2.fandom.com/wiki/Mechanized_Bloodbane,Crystal Lizard,5556,8889,,,TRUE,18%,+8%,+5%,,,,,2026-09-19 02:35 UTC,2026-09-18T22:52:00Z
606,Memories From The Future,Rapier,Limited,Legendary,285,https://swordburst2.fandom.com/Special:Redirect/file/Memories_From_The_Future.png,https://swordburst2.fandom.com/wiki/Memories_From_The_Future,Ghost of the Future,20350,,,,TRUE,11%,12%,12%,1,,clean_legendaries,Easter Realm (2023),2026-09-19 02:35 UTC,2026-09-18T22:52:00Z
607,Medusa,Accessory,Shield,Legendary,250,https://swordburst2.fandom.com/Special:Redirect/file/Medusa.png,https://swordburst2.fandom.com/wiki/Medusa,Headless Horseman,,,23400,,TRUE,,15%,-7%,2-3,,clean_legendaries,Easter Realm (2023),2026-09-19 02:35 UTC,2026-09-18T22:52:00Z
608,Memories From The Present,Spear,Limited,Legendary,200,https://swordburst2.fandom.com/Special:Redirect/file/Memories_From_The_Present.png,https://swordburst2.fandom.com/wiki/Memories_From_The_Present,Ghost of the Present,7620,,,,TRUE,21%,8%,8%,,,,,2026-09-19 02:35 UTC,2026-09-18T22:52:00Z
609,Mechanic Edge,Longsword,Limited,Tribute,410,https://swordburst2.fandom.com/Special:Redirect/file/Mechanic_Edge.png,https://swordburst2.fandom.com/wiki/Mechanic_Edge,Frosty Fields Exclusive Shop,34710,69420,,,TRUE,42%,45%,45%,25-30,25-27,tributes,Winter Edition,2026-09-19 02:35 UTC,2026-09-18T22:52:00Z
610,Metallic Rapier,Rapier,,Common,3,https://swordburst2.fandom.com/Special:Redirect/file/Metallic_Rapier.png,https://swordburst2.fandom.com/wiki/Metallic_Rapier,Hermit Crab,8,11,,,TRUE,11%,,,,,,,2026-09-19 02:35 UTC,2026-09-18T22:52:00Z
611,Mercurius,Longsword,,Uncommon,92,https://swordburst2.fandom.com/Special:Redirect/file/Mercurius.png,https://swordburst2.fandom.com/wiki/Mercurius,Minion,1036,1450,,,TRUE,12%,,,,,,,2026-09-19 02:35 UTC,2026-09-18T22:52:00Z
612,Memories From The Past,Greatsword,Limited,Legendary,200,https://swordburst2.fandom.com/Special:Redirect/file/Memories_From_The_Past.png,https://swordburst2.fandom.com/wiki/Memories_From_The_Past,Ghost of the Past,7620,,,,TRUE,18%,+6%,+1%,1,,clean_legendaries,Easter Realm (2023),2026-09-19 02:35 UTC,2026-09-18T22:52:00Z
613,Mauve,Longsword,Limited,Rare,95,https://swordburst2.fandom.com/Special:Redirect/file/Mauve.png,https://swordburst2.fandom.com/wiki/Mauve,Arcadia Exclusive Shop,1250,2000,,,TRUE,8%,+8%,+8%,1-2,1-2,misc,Nineth Edition,2026-09-19 02:35 UTC,2026-09-18T22:52:00Z
614,Meteor Depths,Scythe,,Burst,250,https://swordburst2.fandom.com/Special:Redirect/file/Meteor_Depths.png,https://swordburst2.fandom.com/wiki/Meteor_Depths,Crystal Forge,5556,13890,,,TRUE,18%,9%,18%,,,,,2026-09-19 02:35 UTC,2026-09-18T22:52:00Z
615,Midnight Bunny Helm,Accessory,Helmet,Legendary,100,https://swordburst2.fandom.com/Special:Redirect/file/Midnight_Bunny_Helm.png,https://swordburst2.fandom.com/wiki/Midnight_Bunny_Helm,Egg Mimic,,,5000,,TRUE,,+35%,+35%,2,,clean_legendaries,Egg Realm (2026),2026-09-19 02:35 UTC,2026-09-18T22:52:00Z
616,Midnight's Embrace,Armor,,Legendary,170,https://swordburst2.fandom.com/Special:Redirect/file/Midnight's_Embrace.png,https://swordburst2.fandom.com/wiki/Midnight's_Embrace,Duality Reaper,,,24016,33622,TRUE,,+6%,+6%,1,1,clean_legendaries,Floor 11,2026-09-19 02:35 UTC,2026-09-18T22:52:00Z
617,Midnight Gleam Blade,Katana,,Common,52,https://swordburst2.fandom.com/Special:Redirect/file/Midnight_Gleam_Blade.png,https://swordburst2.fandom.com/wiki/Midnight_Gleam_Blade,Helmfirth Weapon Shop,445,623,,,TRUE,15%,,,,,,,2026-09-19 02:35 UTC,2026-09-18T22:52:00Z
618,Midnight Relic,Greatsword,Axe,Rare,405,https://swordburst2.fandom.com/Special:Redirect/file/Midnight_Relic.png,https://swordburst2.fandom.com/wiki/Midnight_Relic,Shark,31215,,,,FALSE,18%,+15%,+15%,,,,,2026-09-19 02:35 UTC,2026-09-18T22:52:00Z
619,Midnight's Venom,Longsword,Limited,Rare,190,https://swordburst2.fandom.com/Special:Redirect/file/Midnight's_Venom.png,https://swordburst2.fandom.com/wiki/Midnight's_Venom,Helmfirth Exclusive Shop,3250,5200,,,TRUE,4%,+4%,+4%,2,1-2,misc,Nineth Edition,2026-09-19 02:35 UTC,2026-09-18T22:52:00Z
620,Midnight Fury,Longsword,Limited,Legendary,290,https://swordburst2.fandom.com/Special:Redirect/file/Midnight_Fury.png,https://swordburst2.fandom.com/wiki/Midnight_Fury,"Vyroth, The Frostflame",23250,,,,TRUE,12%,+20%,+20%,8-10,,clean_legendaries,Easter Realm (2023),2026-09-19 02:35 UTC,2026-09-18T22:52:00Z
621,Midnight Kin,Armor,,Legendary,225,https://swordburst2.fandom.com/Special:Redirect/file/Midnight_Kin.png,https://swordburst2.fandom.com/wiki/Midnight_Kin,Headless Horseman,,,74335,104069,TRUE,,8%,8%,12-15,3-4,clean_legendaries,30-40 Prismatic Apex 2 Floria's Gift,2026-09-19 02:35 UTC,2026-09-18T22:52:00Z
622,Mingyun,Spear,FL Limited,Uncommon,25,https://swordburst2.fandom.com/Special:Redirect/file/Mingyun.png,https://swordburst2.fandom.com/wiki/Mingyun,Eternal Domain Dungeon,+6 per level,,,,FALSE,5%,+4%,+4%,0.2 - 0.5,,misc,Easter Event,2026-09-19 02:35 UTC,2026-09-18T22:52:00Z
623,Mirage Echo,Longsword,Demon Slayer (Limited,Legendary,100,https://swordburst2.fandom.com/Special:Redirect/file/Mirage_Echo.png,https://swordburst2.fandom.com/wiki/Mirage_Echo,*Arcadia Exclusive Shop,1450,2900,,,TRUE,15%,+12%,+12%,6-8,3-4,clean_legendaries,Fourth Edition,2026-09-19 02:35 UTC,2026-09-18T22:52:00Z
624,Misery's Second Chance,Scythe,Limited,Legendary,100,https://swordburst2.fandom.com/Special:Redirect/file/Misery's_Second_Chance.png,https://swordburst2.fandom.com/wiki/Misery's_Second_Chance,Gift of Remaster,2602,,,,TRUE,18%,,+10%,40-50,,clean_legendaries,Gift of Remaster,2026-09-19 02:35 UTC,2026-09-18T22:52:00Z
625,Mirthtide Marauder,Armor,,Uncommon,385,https://swordburst2.fandom.com/Special:Redirect/file/MirthtideMarauder.png,https://swordburst2.fandom.com/wiki/Mirthtide_Marauder,Cryptic Coelacanth,,,327451,458431,TRUE,,+23%,+23%,,,,,2026-09-19 02:35 UTC,2026-09-18T22:52:00Z
626,Misery's End,Scythe,,Legendary,100,https://swordburst2.fandom.com/Special:Redirect/file/Misery's_End.png,https://swordburst2.fandom.com/wiki/Misery's_End,"Baal, The Tormentor",1301,2602,,,TRUE,18%,,+10%,0.5,1,clean_legendaries,Floor 10,2026-09-19 02:35 UTC,2026-09-18T22:52:00Z
627,Mitsurin Edge,Katana,,Rare,40,https://swordburst2.fandom.com/Special:Redirect/file/Mitsurin_Edge.png,https://swordburst2.fandom.com/wiki/Mitsurin_Edge,Irath the Lion,315,504,,,TRUE,15%,,,,,,,2026-09-19 02:35 UTC,2026-09-18T22:52:00Z
628,Mjölnir,Longsword,Limited Hammer <small>()</small,Legendary,50,https://swordburst2.fandom.com/Special:Redirect/file/Mjolnir.png,https://swordburst2.fandom.com/wiki/Mjölnir,Gift of Remaster,840,,,,TRUE,12%,+2%,,,,,,2026-09-19 02:35 UTC,2026-09-18T22:52:00Z
629,Moonless Sky,Katana,BL <small>()</small,Tribute,75,https://swordburst2.fandom.com/Special:Redirect/file/Moonless_Sky1.png,https://swordburst2.fandom.com/wiki/Moonless_Sky,*Gold Chests in Blooming Plateau,10500,21000,,,TRUE,40%,30%,30%,3k-3.5k,3k-3.5k,tributes,Floor 8,2026-09-19 02:35 UTC,2026-09-18T22:52:00Z
630,Monarch's Tide,Spear,,Common,380,https://swordburst2.fandom.com/Special:Redirect/file/Monarch's_Tide.png,https://swordburst2.fandom.com/wiki/Monarch's_Tide,Wither Fish,27914,39079,,,TRUE,21%,12%,12%,,,,,2026-09-19 02:35 UTC,2026-09-18T22:52:00Z
631,Moonlight Catalyst,Longsword,,Rare,180,https://swordburst2.fandom.com/Special:Redirect/file/Moonlight_Catalyst.png,https://swordburst2.fandom.com/wiki/Moonlight_Catalyst,Harbinger,3038,4860,,,TRUE,12%,1%,3%,,,,,2026-09-19 02:35 UTC,2026-09-18T22:52:00Z
632,Molten Piercer,Spear,,Rare,80,https://swordburst2.fandom.com/Special:Redirect/file/Molten_Piercer.png,https://swordburst2.fandom.com/wiki/Molten_Piercer,Reptasaurus,938,1500,,,TRUE,21%,,,,,,,2026-09-19 02:35 UTC,2026-09-18T22:52:00Z
633,Mystic's Saber,Longsword,Limited,Legendary,300,https://swordburst2.fandom.com/Special:Redirect/file/Mystic's_Saber.png,https://swordburst2.fandom.com/wiki/Mystic's_Saber,Krampus,28000,,,,TRUE,12%,+20%,+20%,0.5,,clean_legendaries,Easter Realm (2023),2026-09-19 02:35 UTC,2026-09-18T22:52:00Z
634,Mystic's Snowbound,Rapier,Limited,Rare,100,https://swordburst2.fandom.com/Special:Redirect/file/Mystic's_Snowbound.png,https://swordburst2.fandom.com/wiki/Mystic's_Snowbound,Ghost of the Past,2800,,,,TRUE,11%,+12%,+12%,,,,,2026-09-19 02:35 UTC,2026-09-18T22:52:00Z
635,Molten Maelstrom,Greatsword,Limited,Tribute,270,https://swordburst2.fandom.com/Special:Redirect/file/Molten_Maelstrom.png,https://swordburst2.fandom.com/wiki/Molten_Maelstrom,Helmfirth Exclusive Shop,9460,18920,,,TRUE,40%,+25%,+25%,8,8,tributes,Sixth Edition,2026-09-19 02:35 UTC,2026-09-18T22:52:00Z
636,Mystic Gemblade,Longsword,,Rare,96,https://swordburst2.fandom.com/Special:Redirect/file/Mystic_Gemblade.png,https://swordburst2.fandom.com/wiki/Mystic_Gemblade,Wendigo,1188,1900,,,TRUE,11%,,+1%,,,,,2026-09-19 02:35 UTC,2026-09-18T22:52:00Z
637,Narcoleptic,Katana,,Uncommon,210,https://swordburst2.fandom.com/Special:Redirect/file/Narcoleptic.png,https://swordburst2.fandom.com/wiki/Narcoleptic,Scav,3989,5584,,,TRUE,15%,+4%,+3%,,,,,2026-09-19 02:35 UTC,2026-09-18T22:52:00Z
638,Nebula Impact,Spear,Limited HI3,Legendary,300,https://swordburst2.fandom.com/Special:Redirect/file/Nebula_Impact.png,https://swordburst2.fandom.com/wiki/Nebula_Impact,Helmfirth Exclusive Shop,11490,22980,,,TRUE,25%,+29%,+29%,2.6,2.6,clean_legendaries,Tenth Edition,2026-09-19 02:35 UTC,2026-09-18T22:52:00Z
639,Needolin,Rapier,Limited Light,Legendary,300,https://swordburst2.fandom.com/Special:Redirect/file/Needolin.png,https://swordburst2.fandom.com/wiki/Needolin,Helmfirth Exclusive Shop,11490,22980,,,TRUE,20%,,,3-4,3-4,clean_legendaries,Thirteenth Edition,2026-09-19 02:35 UTC,2026-09-18T22:52:00Z
640,Necrobrand Longsword,Longsword,,Common,52,https://swordburst2.fandom.com/Special:Redirect/file/Necrobrand_Longsword.png,https://swordburst2.fandom.com/wiki/Necrobrand_Longsword,Helmfirth Weapon Shop,445,623,,,TRUE,12%,,,,,,,2026-09-19 02:35 UTC,2026-09-18T22:52:00Z
641,Negative Suit,Armor,,Burst,250,https://swordburst2.fandom.com/Special:Redirect/file/Negative_Suit.png,https://swordburst2.fandom.com/wiki/Negative_Suit,Crystal Forge,,,94282,131994,TRUE,,9%,9%,,,,,2026-09-19 02:35 UTC,2026-09-18T22:52:00Z
642,Necromancer's Cloak,Armor,,Rare,46,https://swordburst2.fandom.com/Special:Redirect/file/Necromancer's_Cloak.png,https://swordburst2.fandom.com/wiki/Necromancer's_Cloak,Fire Scorpion,,,3124,4373,TRUE,,,+4%,,,,,2026-09-19 02:35 UTC,2026-09-18T22:52:00Z
643,Nephelom Plate,Armor,Exclusive,Legendary,375,https://swordburst2.fandom.com/Special:Redirect/file/Nephelom_Plate.png,https://swordburst2.fandom.com/wiki/Nephelom_Plate,Meatball Abomination,,,375000,525000,TRUE,,+30%,+8%,12-15,8-12,clean_legendaries,- Rotational Floors -,2026-09-19 02:35 UTC,2026-09-18T22:52:00Z
644,Nevalis,Longsword,Limited Comition,Tribute,1,https://swordburst2.fandom.com/Special:Redirect/file/Nevalis.png,https://swordburst2.fandom.com/wiki/Nevalis,Obtained through joining the game,<br>+30 per level,,,,FALSE,5%,+10%,+10%,5,,tributes,Miscellaneous,2026-09-19 02:35 UTC,2026-09-18T22:52:00Z
645,Netherbloom,Scythe,Limited HI3,Tribute,440,https://swordburst2.fandom.com/Special:Redirect/file/Netherbloom.png,https://swordburst2.fandom.com/wiki/Netherbloom,Helmfirth Exclusive Shop,38000,76000,,,TRUE,35%,+50%,+50%,14,14,tributes,Tenth Edition,2026-09-19 02:35 UTC,2026-09-18T22:52:00Z
646,Nether's Edge,Katana,Limited DMC,Legendary,200,https://swordburst2.fandom.com/Special:Redirect/file/Nether's_Edge.png,https://swordburst2.fandom.com/wiki/Nether's_Edge,Helmfirth Exclusive Shop,4200,8400,,,TRUE,15%,+16%,+16%,1,0.5,clean_legendaries,Twelfth Edition,2026-09-19 02:35 UTC,2026-09-18T22:52:00Z
647,Niflheim,Scythe,Limited from Contributors,Tribute,50,https://swordburst2.fandom.com/Special:Redirect/file/Niflheim.png,https://swordburst2.fandom.com/wiki/Niflheim,Gift of Contribution,+110 per level,,,,FALSE,20%,15%,15%,Untradeable,,tributes,Miscellaneous,2026-09-19 02:35 UTC,2026-09-18T22:52:00Z
648,Nectar Protector,Longsword,,Common,21,https://swordburst2.fandom.com/Special:Redirect/file/Nectar_Protector.png,https://swordburst2.fandom.com/wiki/Nectar_Protector,Intermediate Shop,76,106,,,TRUE,12%,,,,,,,2026-09-19 02:35 UTC,2026-09-18T22:52:00Z
649,Necromancer's Plate,Armor,,Rare,50,https://swordburst2.fandom.com/Special:Redirect/file/Necromancer's_Plate.png,https://swordburst2.fandom.com/wiki/Necromancer's_Plate,Sa'jun the Centurian Chieftain,,,3412,4777,TRUE,,+3%,,,,,,2026-09-19 02:35 UTC,2026-09-18T22:52:00Z
650,Night's Current,Rapier,Limited,Legendary,300,https://swordburst2.fandom.com/Special:Redirect/file/Night's_Current.png,https://swordburst2.fandom.com/wiki/Night's_Current,Helmfirth Exclusive Shop,11525,23050,,,TRUE,20%,+22%,+22%,7-8,6,clean_legendaries,Eleventh Edition,2026-09-19 02:35 UTC,2026-09-18T22:52:00Z
651,Nightcleave,Katana,,Rare,180,https://swordburst2.fandom.com/Special:Redirect/file/Nightcleave.png,https://swordburst2.fandom.com/wiki/Nightcleave,Bloodshard Spider,3038,4860,,,TRUE,15%,+5%,+2%,2-3,2-3,misc,2-3 Hallow Merchant 2-3 Knight Claymore,2026-09-19 02:35 UTC,2026-09-18T22:52:00Z
652,Night's Nexus,Greatsword,Berserk <small>(Limited )</small,Tribute,400,https://swordburst2.fandom.com/Special:Redirect/file/Night's_Nexus.png,https://swordburst2.fandom.com/wiki/Night's_Nexus,Helmfirth Exclusive Shop,27000,54000,,,TRUE,37%,+48%,+48%,8,8,tributes,Fourth Edition,2026-09-19 02:35 UTC,2026-09-18T22:52:00Z
653,Nightfall,Rapier,,Uncommon,160,https://swordburst2.fandom.com/Special:Redirect/file/Nightfall.png,https://swordburst2.fandom.com/wiki/Nightfall,Mud Brute,2440,3416,,,TRUE,11%,2%,1%,2-3,2-3,misc,2-3 Hallow Merchant 2-3 Knight Claymore,2026-09-19 02:35 UTC,2026-09-18T22:52:00Z
654,Nightfall Harvester,Scythe,Limited Merchant (Limited,Tribute,250,https://swordburst2.fandom.com/Special:Redirect/file/Nightfall_Havester.png,https://swordburst2.fandom.com/wiki/Nightfall_Harvester,*Helmfirth Exclusive Shop,7200,14400,,,TRUE,25%,25%,25%,35,20,tributes,Second Edition,2026-09-19 02:35 UTC,2026-09-18T22:52:00Z
655,Nightmare Cape,Accessory,Contributor Cape,Legendary,1,https://swordburst2.fandom.com/Special:Redirect/file/Nightmare_Cape.png,https://swordburst2.fandom.com/wiki/Nightmare_Cape,Rekindled Unborn,,,,,FALSE,,40%,40%,1,,clean_legendaries,Floor 6 / Undershroud,2026-09-19 02:35 UTC,2026-09-18T22:52:00Z
656,Nightmaric Hell,Longsword,Limited,Legendary,90,https://swordburst2.fandom.com/Special:Redirect/file/Nightmaric_Hell.png,https://swordburst2.fandom.com/wiki/Nightmaric_Hell,Ghost of the Past,2238,,,,TRUE,12%,12%,12%,1,,clean_legendaries,Easter Realm (2023),2026-09-19 02:35 UTC,2026-09-18T22:52:00Z
657,Nightplate Shield,Accessory,Shield,Rare,96,https://swordburst2.fandom.com/Special:Redirect/file/Nightplate_Shield.png,https://swordburst2.fandom.com/wiki/Nightplate_Shield,Undead Servant,,,1800,,TRUE,,+2%,+2%,,,,,2026-09-19 02:35 UTC,2026-09-18T22:52:00Z
658,Nightshade,Armor,,Legendary,90,https://swordburst2.fandom.com/Special:Redirect/file/Nightshade.png,https://swordburst2.fandom.com/wiki/Nightshade,"Baal, The Tormentor",,,9640,13496,TRUE,,+4%,+4%,1,1,clean_legendaries,Floor 10,2026-09-19 02:35 UTC,2026-09-18T22:52:00Z
659,Night’s Blossom,Katana,,Legendary,225,https://swordburst2.fandom.com/Special:Redirect/file/Night’s_Blossom.png,https://swordburst2.fandom.com/wiki/Night’s_Blossom,"Bulswick, the Elkwood Behemoth",4569,9138,,,TRUE,15%,+11%,+9%,15,6-8,clean_legendaries,30-40 Prismatic Apex 2 Floria's Gift,2026-09-19 02:35 UTC,2026-09-18T22:52:00Z
660,Noir Sunset,Greatsword,,Common,18,https://swordburst2.fandom.com/Special:Redirect/file/Noir_Sunset.png,https://swordburst2.fandom.com/wiki/Noir_Sunset,*Intermediate Shop (formerly) *Leaf Beetle,57,79,,,TRUE,18%,,,,,,,2026-09-19 02:35 UTC,2026-09-18T22:52:00Z
661,Nirvana,Rapier,Limited,Legendary,275,https://swordburst2.fandom.com/Special:Redirect/file/Nirvana.png,https://swordburst2.fandom.com/wiki/Nirvana,Frosty Fields,8650,17300,,,TRUE,18%,+15%,+15%,4-5,3-4,clean_legendaries,Fifteenth Edition,2026-09-19 02:35 UTC,2026-09-18T22:52:00Z
662,North Star,Longsword,Limited,Rare,32,https://swordburst2.fandom.com/Special:Redirect/file/NorthStar.png,https://swordburst2.fandom.com/wiki/North_Star,Holiday Android,294,371,,,TRUE,12%,2%,2%,10,8,misc,Winter Event,2026-09-19 02:35 UTC,2026-09-18T22:52:00Z
663,Noir Cloak,Armor,,Uncommon,160,https://swordburst2.fandom.com/Special:Redirect/file/Noir_Cloak.png,https://swordburst2.fandom.com/wiki/Noir_Cloak,Mud Brute,,,17987,25181,TRUE,,+3%,,6-7,4-6,misc,2-3 Hallow Merchant 2-3 Knight Claymore,2026-09-19 02:35 UTC,2026-09-18T22:52:00Z
664,Nightveil Revenant,Armor,,Tribute,400,https://swordburst2.fandom.com/Special:Redirect/file/Nightveil_Revenant.png,https://swordburst2.fandom.com/wiki/Nightveil_Revenant,Skeletal Mage,,,529500,741300,TRUE,,+50%,+30%,40-50,40,tributes,Egg Realm (2026),2026-09-19 02:35 UTC,2026-09-18T22:52:00Z
665,Nova Star,Rapier,Sabre <small>()</small,Rare,170,https://swordburst2.fandom.com/Special:Redirect/file/Nova_Star.png,https://swordburst2.fandom.com/wiki/Nova_Star,"*DJ Reaper *Wa, the Curious",2720,4352,,,TRUE,11%,+2%,+6%,,,,,2026-09-19 02:35 UTC,2026-09-18T22:52:00Z
666,Nyarus Pendelum,Greatsword,,Legendary,175,https://swordburst2.fandom.com/Special:Redirect/file/Nyarus_Pendelum.png,https://swordburst2.fandom.com/wiki/Nyarus_Pendelum,Duality Reaper,2879,,,,FALSE,18%,+3%,+5%,,,,,2026-09-19 02:35 UTC,2026-09-18T22:52:00Z
667,Novice Shield,Accessory,Shield,Uncommon,12,https://swordburst2.fandom.com/Special:Redirect/file/Novice_Shield.png,https://swordburst2.fandom.com/wiki/Novice_Shield,Dire Wolf,,,75,,TRUE,,+1%,+1%,,,,,2026-09-19 02:35 UTC,2026-09-18T22:52:00Z
668,Nova Radiance,Greatsword,,Tribute,400,https://swordburst2.fandom.com/Special:Redirect/file/Nova_Radiance.png,https://swordburst2.fandom.com/wiki/Nova_Radiance,Corrupted Atheon,30125,60250,,,TRUE,40%,+32%,+45%,15-20,15,tributes,Atheon's Realm,2026-09-19 02:35 UTC,2026-09-18T22:52:00Z
669,Nutcracker,Accessory,Limited (Shield,Legendary,200,https://swordburst2.fandom.com/Special:Redirect/file/Nutcracker.png,https://swordburst2.fandom.com/wiki/Nutcracker,"Kloff, Marauder of the Frost",,,13500,,TRUE,,+10%,+10%,1,,clean_legendaries,Easter Realm (2023),2026-09-19 02:35 UTC,2026-09-18T22:52:00Z
670,Novice Armor,Armor,Category,Common,1,https://swordburst2.fandom.com/Special:Redirect/file/Blue_Novice_Armor.png,https://swordburst2.fandom.com/wiki/Novice_Armor,Novice Shop,,,18,25,TRUE,,,,,,,,2026-09-19 02:35 UTC,2026-09-18T22:52:00Z
671,OG Spectral Lineage,Greatsword,Limited,Legendary,130,https://swordburst2.fandom.com/Special:Redirect/file/OG_Spectral_Lineage.png,https://swordburst2.fandom.com/wiki/OG_Spectral_Lineage,Gift of OG,7324,,,,TRUE,18%,+9%,,30,,clean_legendaries,Gift of OG,2026-09-19 02:35 UTC,2026-09-18T22:52:00Z
672,OG Toxicity,Greatsword,Limited,Legendary,130,https://swordburst2.fandom.com/Special:Redirect/file/OG_Toxicity.png,https://swordburst2.fandom.com/wiki/OG_Toxicity,Gift of OG,7324,,,,TRUE,18%,+4%,+4%,30-40,,clean_legendaries,Gift of OG,2026-09-19 02:35 UTC,2026-09-18T22:52:00Z
673,OG Divine Inferno,Longsword,Limited,Uncommon,24,https://swordburst2.fandom.com/Special:Redirect/file/OG_Divine_Inferno.png,https://swordburst2.fandom.com/wiki/OG_Divine_Inferno,Arcadia Exclusive Shop,105,147,,,TRUE,4%,+3%,+3%,1-2,1-2,misc,Fifth Edition,2026-09-19 02:35 UTC,2026-09-18T22:52:00Z
674,OG Digitalizer,Greatsword,Limited Battle Axe <small>()</small,Legendary,130,https://swordburst2.fandom.com/Special:Redirect/file/OG_Digitalizer.png,https://swordburst2.fandom.com/wiki/OG_Digitalizer,Gift of OG,7324,,,,TRUE,18%,+9%,+4%,30,,clean_legendaries,Gift of OG,2026-09-19 02:35 UTC,2026-09-18T22:52:00Z
675,OG Binary Encoder,Rapier,Limited,Legendary,130,https://swordburst2.fandom.com/Special:Redirect/file/OG_Binary.png,https://swordburst2.fandom.com/wiki/OG_Binary_Encoder,Gift of OG,7324,,,,TRUE,11%,+4%,+8%,30-40,,clean_legendaries,Gift of OG,2026-09-19 02:35 UTC,2026-09-18T22:52:00Z
676,OG Ragnarok,Greatsword,Limited Battle Axe <small>()</small,Legendary,130,https://swordburst2.fandom.com/Special:Redirect/file/OG_Ragnarok.png,https://swordburst2.fandom.com/wiki/OG_Ragnarok,Gift of OG,4336,,,,TRUE,18%,+6%,+8%,40-45,,clean_legendaries,Gift of OG,2026-09-19 02:35 UTC,2026-09-18T22:52:00Z
677,Obsidian Shadowblade,Greatsword,,Legendary,110,https://swordburst2.fandom.com/Special:Redirect/file/Obsidian_Shadowblade.png,https://swordburst2.fandom.com/wiki/Obsidian_Shadowblade,Grim the Overseer,1480,,,,FALSE,18%,+10%,-3%,0.5,0.5,clean_legendaries,Floor 10,2026-09-19 02:35 UTC,2026-09-18T22:52:00Z
678,Obsidian,Rapier,,Common,21,https://swordburst2.fandom.com/Special:Redirect/file/Obsidian.png,https://swordburst2.fandom.com/wiki/Obsidian,*Leafray (formerly) *Intermediate Shop,76,106,,,TRUE,11%,,,,,,,2026-09-19 02:35 UTC,2026-09-18T22:52:00Z
679,Oblivion,Katana,,Legendary,85,https://swordburst2.fandom.com/Special:Redirect/file/Oblivion.png,https://swordburst2.fandom.com/wiki/Oblivion,Gargoyle Reaper,1086,2172,,,TRUE,15%,,,0.5,1,clean_legendaries,Floor 9,2026-09-19 02:35 UTC,2026-09-18T22:52:00Z
680,Oblivion's Edge,Longsword,Fate/stay Night (Limited,Legendary,350,https://swordburst2.fandom.com/Special:Redirect/file/Oblivion's_Edge.png,https://swordburst2.fandom.com/wiki/Oblivion's_Edge,*Helmfirth Exclusive Shop,20245,40490,,,TRUE,18%,+18%,+18%,,,,,2026-09-19 02:35 UTC,2026-09-18T22:52:00Z
681,Obsidian Titan,Armor,Rekindled Exclusive,Tribute,425,https://swordburst2.fandom.com/Special:Redirect/file/Obsidian_Titan.png,https://swordburst2.fandom.com/wiki/Obsidian_Titan,Rekindled Unborn,,,669645,937503,TRUE,,+45%,+45%,230-250,230-250,tributes,Floor 6 / Undershroud,2026-09-19 02:35 UTC,2026-09-18T22:52:00Z
682,Oathkeeper,Longsword,,Legendary,150,https://swordburst2.fandom.com/Special:Redirect/file/Oathkeeper.png,https://swordburst2.fandom.com/wiki/Oathkeeper,"Ka, the Mischief",2168,4336,,,TRUE,12%,3%,4%,1,1,clean_legendaries,Floor 11,2026-09-19 02:35 UTC,2026-09-18T22:52:00Z
683,Ocean Blue,Rapier,,Rare,400,https://swordburst2.fandom.com/Special:Redirect/file/OceanBlue.png,https://swordburst2.fandom.com/wiki/Ocean_Blue,Larry the Crab,30493,48788,,,TRUE,11%,18%,18%,,,,,2026-09-19 02:35 UTC,2026-09-18T22:52:00Z
684,Ocean Fang,Longsword,Dagger,Uncommon,390,https://swordburst2.fandom.com/Special:Redirect/file/Ocean_Fang.png,https://swordburst2.fandom.com/wiki/Ocean_Fang,Wither Fish,29812,41736,,,TRUE,12%,+17%,+17%,,,,,2026-09-19 02:35 UTC,2026-09-18T22:52:00Z
685,Oceans Claw,Longsword,,Uncommon,390,https://swordburst2.fandom.com/Special:Redirect/file/Oceans_Claw.png,https://swordburst2.fandom.com/wiki/Oceans_Claw,Steelfin Skirmisher,29812,41736,,,TRUE,12%,+17%,+17%,,,,,2026-09-19 02:35 UTC,2026-09-18T22:52:00Z
686,Oceans Melody,Greatsword,Axe,Tribute,445,https://swordburst2.fandom.com/Special:Redirect/file/Oceans_Melody.png,https://swordburst2.fandom.com/wiki/Oceans_Melody,Kraken,40000,80000,,,TRUE,40%,35%,35%,35-40,35-40,tributes,- ROTATIONAL FLOOR TRIBUTES -,2026-09-19 02:35 UTC,2026-09-18T22:52:00Z
687,Odyssey,Spear,,Burst,350,https://swordburst2.fandom.com/Special:Redirect/file/Odyssey.png,https://swordburst2.fandom.com/wiki/Odyssey,Crystal Forge,20245,50612,,,TRUE,42%,+18%,+18%,,,,,2026-09-19 02:35 UTC,2026-09-18T22:52:00Z
688,Oculus,Greatsword,,Rare,80,https://swordburst2.fandom.com/Special:Redirect/file/Oculus.png,https://swordburst2.fandom.com/wiki/Oculus,Ent,938,1500,,,TRUE,18%,,,,,,,2026-09-19 02:35 UTC,2026-09-18T22:52:00Z
689,Ocean Royal,Longsword,,Legendary,435,https://swordburst2.fandom.com/Special:Redirect/file/Ocean_Royal.png,https://swordburst2.fandom.com/wiki/Ocean_Royal,Leviathan,34970,69940,,,TRUE,15%,30%,30%,0.5-1,0.5,clean_legendaries,- Rotational Floors -,2026-09-19 02:35 UTC,2026-09-18T22:52:00Z
690,Omniscythe,Scythe,Limited,Legendary,275,https://swordburst2.fandom.com/Special:Redirect/file/Omniscythe.png,https://swordburst2.fandom.com/wiki/Omniscythe,Gift of Shards,18800,,,,TRUE,18%,18%,-2%,5-6,,clean_legendaries,Gift of Shards,2026-09-19 02:35 UTC,2026-09-18T22:52:00Z
691,Opposer,Greatsword,,Burst,350,https://swordburst2.fandom.com/Special:Redirect/file/Opposer.png,https://swordburst2.fandom.com/wiki/Opposer,Crystal Forge,20245,50612,,,TRUE,32%,+30%,+30%,,,,,2026-09-19 02:35 UTC,2026-09-18T22:52:00Z
692,Oceans Current,Katana,,Rare,405,https://swordburst2.fandom.com/Special:Redirect/file/Oceans_Current.png,https://swordburst2.fandom.com/wiki/Oceans_Current,Larry the Crab,31215,49944,,,TRUE,15%,16%,16%,,,,,2026-09-19 02:35 UTC,2026-09-18T22:52:00Z
693,Onslaught,Katana,,Burst,350,https://swordburst2.fandom.com/Special:Redirect/file/Onslaught.png,https://swordburst2.fandom.com/wiki/Onslaught,Crystal Forge,20245,50612,,,TRUE,30%,+30%,+30%,,,,,2026-09-19 02:35 UTC,2026-09-18T22:52:00Z
694,Omen,Longsword,,Burst,350,https://swordburst2.fandom.com/Special:Redirect/file/Omen.png,https://swordburst2.fandom.com/wiki/Omen,Crystal Forge,20245,50612,,,TRUE,24%,26%,26%,,,,,2026-09-19 02:35 UTC,2026-09-18T22:52:00Z
695,Orange Foxtail,Accessory,Tail,Rare,1,https://swordburst2.fandom.com/Special:Redirect/file/Orange_Foxtail.png,https://swordburst2.fandom.com/wiki/Orange_Foxtail,Burst Store,,,,,FALSE,,,,1-2,,accessories,Waist / Back,2026-09-19 02:35 UTC,2026-09-18T22:52:00Z
696,Orenmir Resurrected,Katana,Limited,Legendary,85,https://swordburst2.fandom.com/Special:Redirect/file/Orenmir_Resurrected.png,https://swordburst2.fandom.com/wiki/Orenmir_Resurrected,Gift of Remaster,2172,,,,TRUE,15%,+5%,+2%,35-40,,clean_legendaries,Gift of Remaster,2026-09-19 02:35 UTC,2026-09-18T22:52:00Z
697,Osrenta,Spear,Limited,Rare,65,https://swordburst2.fandom.com/Special:Redirect/file/Osrenta.png,https://swordburst2.fandom.com/wiki/Osrenta,Icy Snowman,1042,,,,TRUE,21%,20%,-12%,0.2 - 0.5,,misc,Winter Event,2026-09-19 02:35 UTC,2026-09-18T22:52:00Z
698,Paladin Armor,Armor,,Uncommon,46,https://swordburst2.fandom.com/Special:Redirect/file/Paladin_Armor.png,https://swordburst2.fandom.com/wiki/Paladin_Armor,Desert Vulture,,,2382,3334,TRUE,,,,,,,,2026-09-19 02:35 UTC,2026-09-18T22:52:00Z
699,Orenmir,Katana,,Legendary,85,https://swordburst2.fandom.com/Special:Redirect/file/Orenmir.png,https://swordburst2.fandom.com/wiki/Orenmir,Mortis the Flaming Sear,1086,2172,,,TRUE,15%,+5%,+2%,0.5,1,clean_legendaries,Floor 9,2026-09-19 02:35 UTC,2026-09-18T22:52:00Z
700,Ordinance,Rapier,,Burst,350,https://swordburst2.fandom.com/Special:Redirect/file/Ordinance.png,https://swordburst2.fandom.com/wiki/Ordinance,Crystal Forge,20245,50612,,,TRUE,24%,+35%,+35%,,,,,2026-09-19 02:35 UTC,2026-09-18T22:52:00Z
701,Palm Leaf Cleaver,Longsword,,Uncommon,5,https://swordburst2.fandom.com/Special:Redirect/file/Palm_Leaf_Cleaver.png,https://swordburst2.fandom.com/wiki/Palm_Leaf_Cleaver,Gorilla Berserker,Level Based +3 per level,,,,FALSE,5%,+4%,+4%,,,,,2026-09-19 02:35 UTC,2026-09-18T22:52:00Z
702,Pastel Edge,Longsword,Limited (Axe,Legendary,300,https://swordburst2.fandom.com/Special:Redirect/file/Pastel_Edge.png,https://swordburst2.fandom.com/wiki/Pastel_Edge,Alpha Killer Bunny,11425,22850,,,TRUE,12%,+20%,+20%,2-3,1-2,clean_legendaries,Egg Realm (2025),2026-09-19 02:35 UTC,2026-09-18T22:52:00Z
703,Paradoxic Blade,Longsword,Limited,Legendary,270,https://swordburst2.fandom.com/Special:Redirect/file/Paradoxic_Blade.png,https://swordburst2.fandom.com/wiki/Paradoxic_Blade,Helmfirth Exclusive Shop,8599,17198,,,TRUE,20%,18%,+18%,3-5,3-4,clean_legendaries,Sixth Edition,2026-09-19 02:35 UTC,2026-09-18T22:52:00Z
704,Overdrill,Rapier,Limited,Legendary,340,https://swordburst2.fandom.com/Special:Redirect/file/Overdrill.png,https://swordburst2.fandom.com/wiki/Overdrill,Helmfirth Exclusive Shop,15800,31600,,,TRUE,21%,+25%,+25%,10-12,8,clean_legendaries,Eleventh Edition,2026-09-19 02:35 UTC,2026-09-18T22:52:00Z
705,Parasitic Witch,Spear,,Legendary,325,https://swordburst2.fandom.com/Special:Redirect/file/Parasitic_Witch.png,https://swordburst2.fandom.com/wiki/Parasitic_Witch,Headless Horseman (2023),31242,,,,TRUE,25%,25%,25%,20-25,,clean_legendaries,Easter Realm (2023),2026-09-19 02:35 UTC,2026-09-18T22:52:00Z
706,Pearl Enguarde,Rapier,Category,Common,18,https://swordburst2.fandom.com/Special:Redirect/file/Pearl_Enguarde.png,https://swordburst2.fandom.com/wiki/Pearl_Enguarde,Intermediate Shop (formerly) Pearl Keeper,57,79,,,TRUE,11%,,,,,,,2026-09-19 02:35 UTC,2026-09-18T22:52:00Z
707,Peppermint Harvester,Scythe,Limited,Rare,55,https://swordburst2.fandom.com/Special:Redirect/file/Peppermint_Harvester.png,https://swordburst2.fandom.com/wiki/Peppermint_Harvester,Icy Imp,900,,,,TRUE,18%,+2%,+2%,1-2,,misc,Winter Event,2026-09-19 02:35 UTC,2026-09-18T22:52:00Z
708,Perception,Rapier,,Legendary,285,https://swordburst2.fandom.com/Special:Redirect/file/Perception_IconSB2.png,https://swordburst2.fandom.com/wiki/Perception,Suspended Unborn,9763,19526,,,TRUE,11%,+24%,,0.5,0.5,clean_legendaries,Floor 12,2026-09-19 02:35 UTC,2026-09-18T22:52:00Z
709,Peacekeeper,Rapier,,Common,36,https://swordburst2.fandom.com/Special:Redirect/file/Peacekeeper.png,https://swordburst2.fandom.com/wiki/Peacekeeper,Advanced Shop,225,315,,,TRUE,11%,,,,,,,2026-09-19 02:35 UTC,2026-09-18T22:52:00Z
710,Peppermint Slasher,Greatsword,Limited,Rare,1,https://swordburst2.fandom.com/Special:Redirect/file/Peppermint_Slasher.png,https://swordburst2.fandom.com/wiki/Peppermint_Slasher,*Wintula the Punisher *Withered Wintula,228,364,,,TRUE,18%,+4%,,4-5,3-4,misc,Winter Event,2026-09-19 02:35 UTC,2026-09-18T22:52:00Z
711,Petal Knight Cloak,Armor,,Rare,70,https://swordburst2.fandom.com/Special:Redirect/file/Petal_Knight_Cloak.png,https://swordburst2.fandom.com/wiki/Petal_Knight_Cloak,Petal Knight,,,5828,8159,TRUE,,,+6%,,,,,2026-09-19 02:35 UTC,2026-09-18T22:52:00Z
712,Petal Knight Helmet,Accessory,Helmet,Uncommon,70,https://swordburst2.fandom.com/Special:Redirect/file/Petal_Knight_Helmet.png,https://swordburst2.fandom.com/wiki/Petal_Knight_Helmet,Petal Knight,,,700,,TRUE,,,+10%,,,,,2026-09-19 02:35 UTC,2026-09-18T22:52:00Z
713,Permaspire,Rapier,Limited Frozen Wonders Collection,Tribute,450,https://swordburst2.fandom.com/Special:Redirect/file/Permaspire.webp,https://swordburst2.fandom.com/wiki/Permaspire,Helmfirth Exclusive Shop,43250,86500,,,TRUE,50%,+60%,+60%,70,70,tributes,Fourteenth Edition,2026-09-19 02:35 UTC,2026-09-18T22:52:00Z
714,Petal Slasher,Greatsword,,Common,300,https://swordburst2.fandom.com/Special:Redirect/file/Petal_Slasher.png,https://swordburst2.fandom.com/wiki/Petal_Slasher,Ancient Blossom Knight,6725,9415,,,TRUE,18%,10%,10%,,,,,2026-09-19 02:35 UTC,2026-09-18T22:52:00Z
715,Petaled Spiral,Spear,Limited HI <small></small,Tribute,420,https://swordburst2.fandom.com/Special:Redirect/file/Petaled_Spiral.png,https://swordburst2.fandom.com/wiki/Petaled_Spiral,Helmfirth Exclusive Shop,35000,,,,FALSE,30%,+60%,+60%,30,30,tributes,Twelfth Edition,2026-09-19 02:35 UTC,2026-09-18T22:52:00Z
716,Permafrost,Scythe,Limited,Legendary,175,https://swordburst2.fandom.com/Special:Redirect/file/Permafrost.png,https://swordburst2.fandom.com/wiki/Permafrost,*Wintula the Punisher *Withered Wintula,2879,5758,,,TRUE,18%,,+25%,1-2,1,clean_legendaries,- EVENT FLOOR LEGENDARIES -,2026-09-19 02:35 UTC,2026-09-18T22:52:00Z
717,Permafrosted Blade,Katana,Limited Frozen Wonders Collection,Legendary,150,https://swordburst2.fandom.com/Special:Redirect/file/Permafrosted_Blade.webp,https://swordburst2.fandom.com/wiki/Permafrosted_Blade,Helmfirth Exclusive Shop,2200,4400,,,TRUE,16%,+15%,+15%,2-3,2-3,clean_legendaries,Fourteenth Edition,2026-09-19 02:35 UTC,2026-09-18T22:52:00Z
718,Peppermint Scythe,Scythe,Limited,Rare,55,https://swordburst2.fandom.com/Special:Redirect/file/Peppermint_Scythe_New.png,https://swordburst2.fandom.com/wiki/Peppermint_Scythe,Icy Imp,888,,,,TRUE,18%,+1%,+4%,20,,misc,Winter Event,2026-09-19 02:35 UTC,2026-09-18T22:52:00Z
719,Phantom Cape,Accessory,Cape,Legendary,1,https://swordburst2.fandom.com/Special:Redirect/file/Phantom_Cape.png,https://swordburst2.fandom.com/wiki/Phantom_Cape,Burst Store,,,,,FALSE,,,+19%,,,,,2026-09-19 02:35 UTC,2026-09-18T22:52:00Z
720,Phantom Gripper,Longsword,Limited,Legendary,280,https://swordburst2.fandom.com/Special:Redirect/file/Phantom_Gripper.png,https://swordburst2.fandom.com/wiki/Phantom_Gripper,Spooky Hollow Shop,8900,17800,,,TRUE,10%,+40%,+40%,12,10-12,clean_legendaries,Fifteenth Edition,2026-09-19 02:35 UTC,2026-09-18T22:52:00Z
721,Phantom Shard,Rapier,,Rare,180,https://swordburst2.fandom.com/Special:Redirect/file/Phantom_Shard.png,https://swordburst2.fandom.com/wiki/Phantom_Shard,Spiritual Hound,3038,4860,,,TRUE,11%,,+8%,4-5,2-3,misc,2-3 Hallow Merchant 2-3 Knight Claymore,2026-09-19 02:35 UTC,2026-09-18T22:52:00Z
722,Phantom Zephyr,Spear,,Legendary,250,https://swordburst2.fandom.com/Special:Redirect/file/Phantom_Zephyr.png,https://swordburst2.fandom.com/wiki/Phantom_Zephyr,Enraged Wendigo,11112,,,,TRUE,21%,,18%,3-5,2-3,clean_legendaries,Easter Realm (2023),2026-09-19 02:35 UTC,2026-09-18T22:52:00Z
723,Phasmatic Cybersuit,Armor,,Burst,300,https://swordburst2.fandom.com/Special:Redirect/file/Phasmatic_Cybersuit.png,https://swordburst2.fandom.com/wiki/Phasmatic_Cybersuit,Crystal Forge,,,223462,312846,TRUE,,10%,10%,,,,,2026-09-19 02:35 UTC,2026-09-18T22:52:00Z
724,Piercing Divine,Rapier,Limited (Lance,Legendary,375,https://swordburst2.fandom.com/Special:Redirect/file/Piercing_Divine.png,https://swordburst2.fandom.com/wiki/Piercing_Divine,Frosty Fields,22750,45500,,,TRUE,15%,+25%,+25%,8-10,6,clean_legendaries,Fifteenth Edition,2026-09-19 02:35 UTC,2026-09-18T22:52:00Z
725,Phantom Cloak,Armor,,Common,67,https://swordburst2.fandom.com/Special:Redirect/file/Phantom_Cloak.png,https://swordburst2.fandom.com/wiki/Phantom_Cloak,Helmfirth Armor Shop,,,4762,6666,TRUE,,,,,,,,2026-09-19 02:35 UTC,2026-09-18T22:52:00Z
726,Photon Claymore,Greatsword,,Common,200,https://swordburst2.fandom.com/Special:Redirect/file/Photon_Claymore.png,https://swordburst2.fandom.com/wiki/Photon_Claymore,Orange Failed Experiment,3662,5126,,,TRUE,18%,,,,,,,2026-09-19 02:35 UTC,2026-09-18T22:52:00Z
727,Piercing Light,Rapier,,Common,55,https://swordburst2.fandom.com/Special:Redirect/file/Piercing_Light.png,https://swordburst2.fandom.com/wiki/Piercing_Light,Helmfirth Weapon Shop,524,733,,,TRUE,11%,,,,,,,2026-09-19 02:35 UTC,2026-09-18T22:52:00Z
728,Photon Spear,Spear,,Common,200,https://swordburst2.fandom.com/Special:Redirect/file/Photon_Spear_Icon.png,https://swordburst2.fandom.com/wiki/Photon_Spear,*Failed Experiment *Orange Failed Experiment,3662,5126,,,TRUE,21%,,,,,,,2026-09-19 02:35 UTC,2026-09-18T22:52:00Z
729,Photon Scythe,Scythe,,Legendary,200,https://swordburst2.fandom.com/Special:Redirect/file/Photon_Scythe.png,https://swordburst2.fandom.com/wiki/Photon_Scythe,Duality Reaper,3662,,,,FALSE,18%,-3%,+13%,0.5-1,0.5,clean_legendaries,Floor 11,2026-09-19 02:35 UTC,2026-09-18T22:52:00Z
730,Pirate's Coat,Armor,,Uncommon,38,https://swordburst2.fandom.com/Special:Redirect/file/Pirate's_Coat.png,https://swordburst2.fandom.com/wiki/Pirate's_Coat,Wattlechin Crocodile,,,1620,,TRUE,,,,,,,,2026-09-19 02:35 UTC,2026-09-18T22:52:00Z
731,Plasma Fang,Scythe,BGM's [[Tributes|Tribute]] <small>()</small,Tribute,225,https://swordburst2.fandom.com/Special:Redirect/file/Plasmafang.png,https://swordburst2.fandom.com/wiki/Plasma_Fang,Transylvania,5250,10500,,,TRUE,54%,,+6%,7-8,6-7,tributes,Floor 10,2026-09-19 02:35 UTC,2026-09-18T22:52:00Z
732,Pink Cape,Accessory,Cape,Rare,1,https://swordburst2.fandom.com/Special:Redirect/file/Pink_Cape.png,https://swordburst2.fandom.com/wiki/Pink_Cape,Egg Mimic,,,,,FALSE,,12%,3%,,,,,2026-09-19 02:35 UTC,2026-09-18T22:52:00Z
733,Pink Sacred Piercer,Rapier,Century's [[Tributes|Tribute]] <small>()</small,Tribute,250,https://swordburst2.fandom.com/Special:Redirect/file/PinkSacredPiercer.png,https://swordburst2.fandom.com/wiki/Pink_Sacred_Piercer,Hypersiddia,6125,12250,,,TRUE,33%,+3%,+3%,3-4,1-2,tributes,Floor 11,2026-09-19 02:35 UTC,2026-09-18T22:52:00Z
734,Plutonic Visage,Longsword,,Legendary,225,https://swordburst2.fandom.com/Special:Redirect/file/Plutonic_Visage.png,https://swordburst2.fandom.com/wiki/Plutonic_Visage,"Egnor, the Undead King",4569,9138,,,TRUE,12%,+5%,+5%,15-18,10-12,clean_legendaries,30-40 Prismatic Apex 2 Floria's Gift,2026-09-19 02:35 UTC,2026-09-18T22:52:00Z
735,Plasmatic Core,Scythe,,Legendary,240,https://swordburst2.fandom.com/Special:Redirect/file/Plasmatic_Core.png,https://swordburst2.fandom.com/wiki/Plasmatic_Core,Helmfirth Exclusive Shop,5148,10296,,,TRUE,20%,+15%,+15%,3-4,2,clean_legendaries,Sixth Edition,2026-09-19 02:35 UTC,2026-09-18T22:52:00Z
736,Positive Shield,Accessory,Shield,Burst,250,https://swordburst2.fandom.com/Special:Redirect/file/Positive_Shield.png,https://swordburst2.fandom.com/wiki/Positive_Shield,Crystal Forge,,,25537,,TRUE,,+15%,+20%,,,,,2026-09-19 02:35 UTC,2026-09-18T22:52:00Z
737,Portalripper,Rapier,,Rare,135,https://swordburst2.fandom.com/Special:Redirect/file/Portalripper.png,https://swordburst2.fandom.com/wiki/Portalripper,Command Falcon,1,2916,,,TRUE,11%,+4%,,,,,,2026-09-19 02:35 UTC,2026-09-18T22:52:00Z
738,Precipice Edge,Katana,,Common,43,https://swordburst2.fandom.com/Special:Redirect/file/Precipice_Edge.png,https://swordburst2.fandom.com/wiki/Precipice_Edge,Advanced Shop,324,453,,,TRUE,15%,,,,,,,2026-09-19 02:35 UTC,2026-09-18T22:52:00Z
739,Poseidon's Aegis,Armor,,Rare,405,https://swordburst2.fandom.com/Special:Redirect/file/Poseidon's_Aegis.png,https://swordburst2.fandom.com/wiki/Poseidon's_Aegis,Steelfin Skirmisher,,,402436,563410,TRUE,,25%,25%,,,,,2026-09-19 02:35 UTC,2026-09-18T22:52:00Z
740,Primordial Imprisonment,Katana,Limited Terror's Soul <small>()</small,Tribute,450,https://swordburst2.fandom.com/Special:Redirect/file/Primordial_Imprisonment.png,https://swordburst2.fandom.com/wiki/Primordial_Imprisonment,Nightmares Forged,<br>+230 per level,,,,FALSE,55%,-40%,+100%,Untradeable,,tributes,Egg Realm (2026),2026-09-19 02:35 UTC,2026-09-18T22:52:00Z
741,Powered Icicle,Rapier,Limited,Legendary,65,https://swordburst2.fandom.com/Special:Redirect/file/Powered_Icicle.png,https://swordburst2.fandom.com/wiki/Powered_Icicle,Rat,1043,,,,TRUE,11%,20%,20%,1,,clean_legendaries,Easter Realm (2023),2026-09-19 02:35 UTC,2026-09-18T22:52:00Z
742,Primordial Nightmare,Greatsword,,Tribute,300,https://swordburst2.fandom.com/Special:Redirect/file/Primordial_Nightmare.png,https://swordburst2.fandom.com/wiki/Primordial_Nightmare,Crystal Forge,+125 per level,,,,FALSE,20%,+25%,+25%,100,,tributes,- EVENT FLOOR TRIBUTES -,2026-09-19 02:35 UTC,2026-09-18T22:52:00Z
743,Priest Cloak,Accessory,Cape,Uncommon,1,https://swordburst2.fandom.com/Special:Redirect/file/Priest_Cloak.png,https://swordburst2.fandom.com/wiki/Priest_Cloak,Burst Store,,,,,FALSE,,+3%,+12%,,,,,2026-09-19 02:35 UTC,2026-09-18T22:52:00Z
744,Pneuma,Spear,,Burst,300,https://swordburst2.fandom.com/Special:Redirect/file/Pneuma.png,https://swordburst2.fandom.com/wiki/Pneuma,Crystal Forge,9958,24895,,,TRUE,21%,30%,50%,,,,,2026-09-19 02:35 UTC,2026-09-18T22:52:00Z
745,Primordial Oracle,Rapier,,Tribute,415,https://swordburst2.fandom.com/Special:Redirect/file/Primordial_Oracle.png,https://swordburst2.fandom.com/wiki/Primordial_Oracle,Crystal Forge,+170 per level,,,,FALSE,50%,+45%,+45%,2k-2.5k+,,tributes,- EVENT FLOOR TRIBUTES -,2026-09-19 02:35 UTC,2026-09-18T22:52:00Z
746,Primordial Nightmare (Sealed),Greatsword,,Legendary,150,https://swordburst2.fandom.com/Special:Redirect/file/Primordial_Nightmare_(Sealed).png,https://swordburst2.fandom.com/wiki/Primordial_Nightmare_(Sealed),Crystal Forge,+60 per level,,,,FALSE,10%,+15%,+15%,40+,,clean_legendaries,- MISCELLANEOUS -,2026-09-19 02:35 UTC,2026-09-18T22:52:00Z
747,Prismatic Apex,Longsword,Limited,Legendary,250,https://swordburst2.fandom.com/Special:Redirect/file/Prismatic_Apex.png,https://swordburst2.fandom.com/wiki/Prismatic_Apex,Egg Mimic,5556,11112,,,TRUE,12%,+6%,+6%,,,,,2026-09-19 02:35 UTC,2026-09-18T22:52:00Z
748,Primordial Oracle (Sealed),Rapier,,Legendary,150,https://swordburst2.fandom.com/Special:Redirect/file/Primordial_Oracle_(Sealed).png,https://swordburst2.fandom.com/wiki/Primordial_Oracle_(Sealed),Crystal Forge,+87-88 per level,,,,FALSE,25%,+20%,+20%,50+,,clean_legendaries,- MISCELLANEOUS -,2026-09-19 02:35 UTC,2026-09-18T22:52:00Z
749,Primordial Platemail,Armor,Limited Merchant (Limited,Legendary,275,https://swordburst2.fandom.com/Special:Redirect/file/Primordial_Platemail.png,https://swordburst2.fandom.com/wiki/Primordial_Platemail,Hollow Shopkeeper,,,160000,224000,TRUE,,+15%,+15%,5,5-6,clean_legendaries,Fifteenth Edition,2026-09-19 02:35 UTC,2026-09-18T22:52:00Z
750,Proclamation,Spear,Limited,Tribute,25,https://swordburst2.fandom.com/Special:Redirect/file/Proclamation.png,https://swordburst2.fandom.com/wiki/Proclamation,Mega Present,2025,,,,TRUE,25%,+30%,+30%,,,,,2026-09-19 02:35 UTC,2026-09-18T22:52:00Z
751,Purple Scarf,Accessory,Scarf,Rare,1,https://swordburst2.fandom.com/Special:Redirect/file/Purple_Scarf.png,https://swordburst2.fandom.com/wiki/Purple_Scarf,Burst Store,,,,,FALSE,,+8%,+8%,,,,,2026-09-19 02:35 UTC,2026-09-18T22:52:00Z
752,Purple Crafter's Outfit,Armor,Attire <small>()</small,Legendary,75,https://swordburst2.fandom.com/Special:Redirect/file/Purple_Crafter’s_Outfit.png,https://swordburst2.fandom.com/wiki/Purple_Crafter's_Outfit,*Neon Chest (formerly) *Rekindled Unborn,,,5647,7905,TRUE,,20%,20%,1,-0.7,clean_legendaries,Floor 6 / Undershroud,2026-09-19 02:35 UTC,2026-09-18T22:52:00Z
753,Purple Striker,Katana,Limited,Legendary,90,https://swordburst2.fandom.com/Special:Redirect/file/Purple_Striker.png,https://swordburst2.fandom.com/wiki/Purple_Striker,Ghost of the Past,2238,,,,TRUE,15%,10%,10%,1,,clean_legendaries,Easter Realm (2023),2026-09-19 02:35 UTC,2026-09-18T22:52:00Z
754,Purple Sacred Piercer,Rapier,Century's [[Tributes|Tribute]] <small>()</small,Tribute,250,https://swordburst2.fandom.com/Special:Redirect/file/PurpleSacredPiercer.png,https://swordburst2.fandom.com/wiki/Purple_Sacred_Piercer,Hypersiddia,6125,12250,,,TRUE,33%,3%,3%,3-4,1-2,tributes,Floor 11,2026-09-19 02:35 UTC,2026-09-18T22:52:00Z
755,Purple Cape,Accessory,Cape,Rare,1,https://swordburst2.fandom.com/Special:Redirect/file/Purple_Cape.png,https://swordburst2.fandom.com/wiki/Purple_Cape,Egg Mimic,,,,,FALSE,,8%,7%,,,,,2026-09-19 02:35 UTC,2026-09-18T22:52:00Z
756,Punisher,Spear,Punisher <small>()</small,Tribute,300,https://swordburst2.fandom.com/Special:Redirect/file/Punisher.png,https://swordburst2.fandom.com/wiki/Punisher,Sector-235,12500,25000,,,TRUE,50%,12%,12%,6-8,4-5,tributes,Floor 12,2026-09-19 02:35 UTC,2026-09-18T22:52:00Z
757,Quantum Circuit,Armor,,Legendary,140,https://swordburst2.fandom.com/Special:Redirect/file/Quantum_Circuit.png,https://swordburst2.fandom.com/wiki/Quantum_Circuit,"Ra, the Enlightener",,,15500,21700,TRUE,,,,0.5,0.5-1,clean_legendaries,Floor 11,2026-09-19 02:35 UTC,2026-09-18T22:52:00Z
758,Radiance,Rapier,,Rare,72,https://swordburst2.fandom.com/Special:Redirect/file/Radiance.png,https://swordburst2.fandom.com/wiki/Radiance,Wingless Hippogriff,779,1246,,,TRUE,11%,,,,,,,2026-09-19 02:35 UTC,2026-09-18T22:52:00Z
759,Rabbit Trace,Longsword,,Legendary,340,https://swordburst2.fandom.com/Special:Redirect/file/Rabbit_Trace.webp,https://swordburst2.fandom.com/wiki/Rabbit_Trace,Killer Bunny,19000,38000,,,TRUE,18%,+24%,+24%,3,1,clean_legendaries,Egg Realm (2026),2026-09-19 02:35 UTC,2026-09-18T22:52:00Z
760,Rahjin’s Shield,Accessory,Shield,Rare,15,https://swordburst2.fandom.com/Special:Redirect/file/Rahjin’s_Shield.png,https://swordburst2.fandom.com/wiki/Rahjin’s_Shield,Rahjin the Thief King,,,125,,TRUE,,+2%,-1%,,,,,2026-09-19 02:35 UTC,2026-09-18T22:52:00Z
761,Rakkii,Katana,Limited Compensation <small>()</small,Tribute,1,https://swordburst2.fandom.com/Special:Redirect/file/Rakkii_Icon.png,https://swordburst2.fandom.com/wiki/Rakkii,,35000,70000,,,TRUE,25%,+30%,+30%,Untradeable,,tributes,Untradeable The Final Gift Untradeable Gift of Contribution,2026-09-19 02:35 UTC,2026-09-18T22:52:00Z
762,Rainy Day,Accessory,,Rare,1,https://swordburst2.fandom.com/Special:Redirect/file/Rainy_Day.png,https://swordburst2.fandom.com/wiki/Rainy_Day,Burst Store,,,,,FALSE,,,,,,,,2026-09-19 02:35 UTC,2026-09-18T22:52:00Z
763,Rapture,Longsword,Dagger <small>()</small,Legendary,325,https://swordburst2.fandom.com/Special:Redirect/file/Rapture.png,https://swordburst2.fandom.com/wiki/Rapture,Atheon,15621,31242,,,TRUE,12%,+10%,+10%,0.3-0.5,0.3-0.5,clean_legendaries,Atheon's Realm,2026-09-19 02:35 UTC,2026-09-18T22:52:00Z
764,Rainbow Rusty Rapier,Rapier,Dedication... <small>()</small,Tribute,10,https://swordburst2.fandom.com/Special:Redirect/file/Rainbow_Rusty_Rapier.png,https://swordburst2.fandom.com/wiki/Rainbow_Rusty_Rapier,Iris Dominus Dummy,42,84,,,TRUE,33%,,,,,,,2026-09-19 02:35 UTC,2026-09-18T22:52:00Z
765,Ragnarok,Greatsword,Battle Axe <small>()</small,Legendary,150,https://swordburst2.fandom.com/Special:Redirect/file/Ragnarok.png,https://swordburst2.fandom.com/wiki/Ragnarok,Duality Reaper,2168,4336,,,TRUE,18%,+6%,+8%,0.5-1,0.5,clean_legendaries,Floor 11,2026-09-19 02:35 UTC,2026-09-18T22:52:00Z
766,Ravaged Guilt,Spear,,Legendary,200,https://swordburst2.fandom.com/Special:Redirect/file/Ravaged_Guilt.png,https://swordburst2.fandom.com/wiki/Ravaged_Guilt,Big Candy Bag,+100 per level.,,,,FALSE,10%,10%,10%,0.2 - 0.5,,clean_legendaries,- MISCELLANEOUS -,2026-09-19 02:35 UTC,2026-09-18T22:52:00Z
767,Ravoris,Rapier,,Legendary,275,https://swordburst2.fandom.com/Special:Redirect/file/Ravoris_Icon.png,https://swordburst2.fandom.com/wiki/Ravoris,Limor the Devourer,9052,18104,,,TRUE,11%,+8%,+15%,1,1,clean_legendaries,Floor 12,2026-09-19 02:35 UTC,2026-09-18T22:52:00Z
768,Ravenmourne,Rapier,,Rare,82,https://swordburst2.fandom.com/Special:Redirect/file/Ravenmourne.png,https://swordburst2.fandom.com/wiki/Ravenmourne,Polyserpant,999,1598,,,TRUE,11%,,,,,,,2026-09-19 02:35 UTC,2026-09-18T22:52:00Z
769,Reality Carver,Spear,Limited FL,Legendary,80,https://swordburst2.fandom.com/Special:Redirect/file/Reality_Carver_Icon.png,https://swordburst2.fandom.com/wiki/Reality_Carver,*Guardian's Vessel *Eternal Domain Dungeon,+23 per level.,,,,FALSE,10%,+10%,+10%,1,,clean_legendaries,Egg Realm (2025),2026-09-19 02:35 UTC,2026-09-18T22:52:00Z
770,Reapers Cleavage,Greatsword,Axe (Limited,Rare,235,https://swordburst2.fandom.com/Special:Redirect/file/Reapers_Cleavage.png,https://swordburst2.fandom.com/wiki/Reapers_Cleavage,Helmfirth Exclusive Shop,4925,7880,,,TRUE,6%,+8%,,2,1-2,misc,Nineth Edition,2026-09-19 02:35 UTC,2026-09-18T22:52:00Z
771,Reconciler,Scythe,,Legendary,285,https://swordburst2.fandom.com/Special:Redirect/file/Reconciler.png,https://swordburst2.fandom.com/wiki/Reconciler,Suspended Unborn,9763,,,,FALSE,18%,+18%,+9%,0.5,0.5,clean_legendaries,Floor 12,2026-09-19 02:35 UTC,2026-09-18T22:52:00Z
772,Red Fiery Scarf,Accessory,Scarf,Rare,1,https://swordburst2.fandom.com/Special:Redirect/file/Red_Fiery_Scarf.png,https://swordburst2.fandom.com/wiki/Red_Fiery_Scarf,Burst Store,,,,,FALSE,,+9%,+8%,,,,,2026-09-19 02:35 UTC,2026-09-18T22:52:00Z
773,Reaping Spring,Scythe,Limited,Tribute,300,https://swordburst2.fandom.com/Special:Redirect/file/Reaping_Spring.png,https://swordburst2.fandom.com/wiki/Reaping_Spring,Alpha Killer Bunny,Level Based +118 per level,,,,FALSE,32%,+25%,+25%,15,,tributes,Egg Realm (2026),2026-09-19 02:35 UTC,2026-09-18T22:52:00Z
774,Red Crafter's Outfit,Armor,Attire <small>()</small,Burst,250,https://swordburst2.fandom.com/Special:Redirect/file/Red_Crafter's_Outfit.png,https://swordburst2.fandom.com/wiki/Red_Crafter's_Outfit,*Crystal Forge *Halloween Chest (formerly),,,70712,98996,TRUE,,40%,10%,,,,,2026-09-19 02:35 UTC,2026-09-18T22:52:00Z
775,Recidivist,Spear,,Rare,82,https://swordburst2.fandom.com/Special:Redirect/file/Recidivist.png,https://swordburst2.fandom.com/wiki/Recidivist,Undead Berserker,999,1598,,,TRUE,21%,,,,,,,2026-09-19 02:35 UTC,2026-09-18T22:52:00Z
776,Redeemer,Longsword,Limited Cross <small>()</small,Rare,55,https://swordburst2.fandom.com/Special:Redirect/file/Redeemer.png,https://swordburst2.fandom.com/wiki/Redeemer,*Egg Mimic,555,888,,,TRUE,12%,+1%,+2%,0.5 - 1,0.5 - 1,misc,Easter Event,2026-09-19 02:35 UTC,2026-09-18T22:52:00Z
777,Redemption,Rapier,,Burst,250,https://swordburst2.fandom.com/Special:Redirect/file/Redemption.png,https://swordburst2.fandom.com/wiki/Redemption,Crystal Forge,5556,13890,,,TRUE,11%,5%,19%,,,,,2026-09-19 02:35 UTC,2026-09-18T22:52:00Z
778,Redguard Shield,Accessory,Shield,Uncommon,24,https://swordburst2.fandom.com/Special:Redirect/file/Redguard_Shield.png,https://swordburst2.fandom.com/wiki/Redguard_Shield,Redthorn Tortoise,,,175,,TRUE,,+2%,-1%,,,,,2026-09-19 02:35 UTC,2026-09-18T22:52:00Z
779,Reef's Revenge,Longsword,,Legendary,425,https://swordburst2.fandom.com/Special:Redirect/file/Reef's_Revenge.png,https://swordburst2.fandom.com/wiki/Reef's_Revenge,Kraken,32500,65000,,,TRUE,12%,+24%,+24%,1,1,clean_legendaries,- Rotational Floors -,2026-09-19 02:35 UTC,2026-09-18T22:52:00Z
780,Reibiku,Greatsword,Limited Merchant <small>()</small,Tribute,300,https://swordburst2.fandom.com/Special:Redirect/file/Reibiku.png,https://swordburst2.fandom.com/wiki/Reibiku,*Arcadia Exclusive Shop *Helmfirth Exclusive Shop,12000,24000,,,TRUE,15%,+25%,+25%,12,8,tributes,First Edition,2026-09-19 02:35 UTC,2026-09-18T22:52:00Z
781,Rei Rei,Longsword,Contributor Blade <small>()</small,Tribute,450,https://swordburst2.fandom.com/Special:Redirect/file/Rei_Rei.png,https://swordburst2.fandom.com/wiki/Rei_Rei,Rekindled Unborn,85000,,,,TRUE,40%,40%,40%,400-450,,tributes,Floor 6 / Undershroud,2026-09-19 02:35 UTC,2026-09-18T22:52:00Z
782,Rejuvenator,Scythe,,Rare,230,https://swordburst2.fandom.com/Special:Redirect/file/Rejuvenator.png,https://swordburst2.fandom.com/wiki/Rejuvenator,Bat,4763,7620,,,TRUE,18%,+8%,+4%,,,,,2026-09-19 02:35 UTC,2026-09-18T22:52:00Z
783,Rekindled Vengeance,Armor,,Legendary,325,https://swordburst2.fandom.com/Special:Redirect/file/Rekindled_Vengeance.png,https://swordburst2.fandom.com/wiki/Rekindled_Vengeance,Rekindled Unborn,,,312000,436800,TRUE,,+20%,+20%,0.2 - 0.5,,clean_legendaries,Floor 6 / Undershroud,2026-09-19 02:35 UTC,2026-09-18T22:52:00Z
784,Rein Deer Reaper,Longsword,Limited,Rare,92,https://swordburst2.fandom.com/Special:Redirect/file/Rein_Deer_Reaper.png,https://swordburst2.fandom.com/wiki/Rein_Deer_Reaper,Frostgre,1779,,,,TRUE,12%,10%,,1,,misc,Winter Event,2026-09-19 02:35 UTC,2026-09-18T22:52:00Z
785,Renatus,Rapier,,Rare,250,https://swordburst2.fandom.com/Special:Redirect/file/Renatus.png,https://swordburst2.fandom.com/wiki/Renatus,Orange Failed Experiment,5556,,,,FALSE,11%,+10%,-4%,,,,,2026-09-19 02:35 UTC,2026-09-18T22:52:00Z
786,Reikoro,Katana,,Rare,82,https://swordburst2.fandom.com/Special:Redirect/file/reikoro.png,https://swordburst2.fandom.com/wiki/Reikoro,Undead Warrior,999,1598,,,TRUE,15%,,,,,,,2026-09-19 02:35 UTC,2026-09-18T22:52:00Z
787,Rendering Spirit,Katana,,Legendary,225,https://swordburst2.fandom.com/Special:Redirect/file/Rendering_Spirit.png,https://swordburst2.fandom.com/wiki/Rendering_Spirit,"Magnor, the Necromancer",4569,9138,,,TRUE,15%,9%,9%,15,5-7,clean_legendaries,30-40 Prismatic Apex 2 Floria's Gift,2026-09-19 02:35 UTC,2026-09-18T22:52:00Z
788,Requiem,Rapier,,Legendary,85,https://swordburst2.fandom.com/Special:Redirect/file/Requiem.png,https://swordburst2.fandom.com/wiki/Requiem,Mortis the Flaming Sear,1086,2172,,,TRUE,11%,,+6%,0.5-1,1,clean_legendaries,Floor 9,2026-09-19 02:35 UTC,2026-09-18T22:52:00Z
789,Revolutionizer,Greatsword,,Uncommon,220,https://swordburst2.fandom.com/Special:Redirect/file/Revolutionizer.png,https://swordburst2.fandom.com/wiki/Revolutionizer,Newborn Abomination,4375,6125,,,TRUE,18%,+2%,+6%,,,,,2026-09-19 02:35 UTC,2026-09-18T22:52:00Z
790,Retrograde Platemail,Armor,,Legendary,200,https://swordburst2.fandom.com/Special:Redirect/file/Retrograde_Cloak.png,https://swordburst2.fandom.com/wiki/Retrograde_Platemail,"Saurus, the All-Seeing",,,53097,74335,TRUE,,+6%,+6%,1-2,1,clean_legendaries,Floor 11,2026-09-19 02:35 UTC,2026-09-18T22:52:00Z
791,Righteous Shield,Accessory,Shield,Rare,65,https://swordburst2.fandom.com/Special:Redirect/file/Righteous_Shield.png,https://swordburst2.fandom.com/wiki/Righteous_Shield,Smashroom the Mushroom Behemoth,,,875,,TRUE,,+2%,+2%,,,,,2026-09-19 02:35 UTC,2026-09-18T22:52:00Z
792,Retribution,Longsword,,Legendary,100,https://swordburst2.fandom.com/Special:Redirect/file/Retribution.png,https://swordburst2.fandom.com/wiki/Retribution,Grim the Overseer,1301,2602,,,TRUE,12%,+2%,+3%,0.5,1,clean_legendaries,Floor 10,2026-09-19 02:35 UTC,2026-09-18T22:52:00Z
793,Resolution,Longsword,Limited,Rare,23,https://swordburst2.fandom.com/Special:Redirect/file/Resolution.png,https://swordburst2.fandom.com/wiki/Resolution,Unobtainable,85,,,,FALSE,12%,,,15-16k,15-16k,misc,Event Items,2026-09-19 02:35 UTC,2026-09-18T22:52:00Z
794,Rigormortis,Greatsword,,Rare,82,https://swordburst2.fandom.com/Special:Redirect/file/Rigormortis.png,https://swordburst2.fandom.com/wiki/Rigormortis,Polyserpant,999,1598,,,TRUE,18%,,,,,,,2026-09-19 02:35 UTC,2026-09-18T22:52:00Z
795,Rime,Greatsword,,Uncommon,32,https://swordburst2.fandom.com/Special:Redirect/file/Rime.png,https://swordburst2.fandom.com/wiki/Rime,Ice Walker,181,253,,,TRUE,18%,,,,,,,2026-09-19 02:35 UTC,2026-09-18T22:52:00Z
796,Ripper,Greatsword,,Common,21,https://swordburst2.fandom.com/Special:Redirect/file/Ripper.png,https://swordburst2.fandom.com/wiki/Ripper,Intermediate Shop,76,106,,,TRUE,18%,,,,,,,2026-09-19 02:35 UTC,2026-09-18T22:52:00Z
797,Ringblade,Katana,,Uncommon,220,https://swordburst2.fandom.com/Special:Redirect/file/Ringblade_Icon.png,https://swordburst2.fandom.com/wiki/Ringblade,Radio Slug,4375,6125,,,TRUE,15%,+3%,+5%,,,,,2026-09-19 02:35 UTC,2026-09-18T22:52:00Z
798,Ringmaster,Longsword,,Rare,230,https://swordburst2.fandom.com/Special:Redirect/file/Ringmaster_Icon.png,https://swordburst2.fandom.com/wiki/Ringmaster,*Elite Scav *Newborn Abomination,4763,7620,,,TRUE,12%,+2%,+4%,,,,,2026-09-19 02:35 UTC,2026-09-18T22:52:00Z
799,Rock,Longsword,Happy Birthday Yato! <small>()</small,Common,-1,https://swordburst2.fandom.com/Special:Redirect/file/Cccccccqwrsedsdfsfsdfsdf.png,https://swordburst2.fandom.com/wiki/Rock,Any mob in Redveil Grove,915,,,,TRUE,-1%,-2025%,-2025%,,1,misc,Easter Event,2026-09-19 02:35 UTC,2026-09-18T22:52:00Z
800,Rock Claymore,Greatsword,,Uncommon,46,https://swordburst2.fandom.com/Special:Redirect/file/Rock_Claymore.png,https://swordburst2.fandom.com/wiki/Rock_Claymore,Giant Centipede,362,506,,,TRUE,18%,,,,,,,2026-09-19 02:35 UTC,2026-09-18T22:52:00Z
801,Rising North,Katana,Limited,Rare,32,https://swordburst2.fandom.com/Special:Redirect/file/Rising_North.png,https://swordburst2.fandom.com/wiki/Rising_North,Jolrock the Snow Protecter,294,470,,,TRUE,15%,+1%,+1%,10-14,8,misc,Winter Event,2026-09-19 02:35 UTC,2026-09-18T22:52:00Z
802,Rogue's Blade,Longsword,,Common,5,https://swordburst2.fandom.com/Special:Redirect/file/Rogue's_Blade.png,https://swordburst2.fandom.com/wiki/Rogue's_Blade,Novice Shop,11,15,,,TRUE,12%,,,,,,,2026-09-19 02:35 UTC,2026-09-18T22:52:00Z
803,Rosa Expanse,Rapier,,Legendary,75,https://swordburst2.fandom.com/Special:Redirect/file/Rosa_Expanse.png,https://swordburst2.fandom.com/wiki/Rosa_Expanse,Formaug the Jungle Giant,902,1804,,,TRUE,11%,+3%,+4%,0.5,0.5,clean_legendaries,Floor 8,2026-09-19 02:35 UTC,2026-09-18T22:52:00Z
804,Rose Gold,Rapier,Limited Merchant (Limited,Uncommon,35,https://swordburst2.fandom.com/Special:Redirect/file/Rose_Gold.png,https://swordburst2.fandom.com/wiki/Rose_Gold,*Arcadia Exclusive Shop,185,259,,,TRUE,20%,+5%,+15%,0.5-1,0.5-1,misc,Third Edition,2026-09-19 02:35 UTC,2026-09-18T22:52:00Z
805,Rose Quartz Stinger,Longsword,Limited Merchant (Limited,Rare,20,https://swordburst2.fandom.com/Special:Redirect/file/Rose_Quartz_Stinger.png,https://swordburst2.fandom.com/wiki/Rose_Quartz_Stinger,*Arcadia Exclusive Shop,127,203,,,TRUE,22%,,+5%,1,1,misc,Third Edition,2026-09-19 02:35 UTC,2026-09-18T22:52:00Z
806,Rootbreaker,Longsword,,Uncommon,160,https://swordburst2.fandom.com/Special:Redirect/file/Rootbreaker.png,https://swordburst2.fandom.com/wiki/Rootbreaker,Gorilla Berserker,Level Based +19 per level,,,,FALSE,12%,+10%,+10%,,,,,2026-09-19 02:35 UTC,2026-09-18T22:52:00Z
807,Rose Reaper,Scythe,Dragon Ball Super (Limited,Rare,32,https://swordburst2.fandom.com/Special:Redirect/file/Rose_Reaper.png,https://swordburst2.fandom.com/wiki/Rose_Reaper,*Arcadia Exclusive Shop,325,520,,,TRUE,18%,+3%,+3%,2-3,2-3,misc,Fourth Edition,2026-09-19 02:35 UTC,2026-09-18T22:52:00Z
808,Rosemary,Rapier,Category,Common,9,https://swordburst2.fandom.com/Special:Redirect/file/Rosemary.png,https://swordburst2.fandom.com/wiki/Rosemary,Novice Shop,19,26,,,TRUE,11%,,,,,,,2026-09-19 02:35 UTC,2026-09-18T22:52:00Z
809,Rose Katana,Katana,FL Limited,Rare,60,https://swordburst2.fandom.com/Special:Redirect/file/Rose_Katana.png,https://swordburst2.fandom.com/wiki/Rose_Katana,Eternal Domain Dungeon,+15 per level,,,,FALSE,7%,+6%,+6%,0.2 - 0.5,,misc,Easter Event,2026-09-19 02:35 UTC,2026-09-18T22:52:00Z
810,Rotblight Husk,Armor,,Uncommon,50,https://swordburst2.fandom.com/Special:Redirect/file/Rotblight_Husk1.png,https://swordburst2.fandom.com/wiki/Rotblight_Husk,Ghost,,,2962,4146,TRUE,,+8%,+8%,,,,,2026-09-19 02:35 UTC,2026-09-18T22:52:00Z
811,Royal Blade,Longsword,,Common,43,https://swordburst2.fandom.com/Special:Redirect/file/Royal_Blade.png,https://swordburst2.fandom.com/wiki/Royal_Blade,Advanced Shop,324,453,,,TRUE,12%,,,,,,,2026-09-19 02:35 UTC,2026-09-18T22:52:00Z
812,Rosepoint,Rapier,,Legendary,200,https://swordburst2.fandom.com/Special:Redirect/file/Rosepoint.png,https://swordburst2.fandom.com/wiki/Rosepoint,Duality Reaper,3662,7324,,,TRUE,11%,+5%,+5%,2,2,clean_legendaries,Floor 11,2026-09-19 02:35 UTC,2026-09-18T22:52:00Z
813,Ruby Bulwark,Accessory,Shield,Rare,135,https://swordburst2.fandom.com/Special:Redirect/file/Ruby_Bulwark.png,https://swordburst2.fandom.com/wiki/Ruby_Bulwark,"Da, the Demeanor",,,5665,,TRUE,,+5%,-3%,,,,,2026-09-19 02:35 UTC,2026-09-18T22:52:00Z
814,Ruby Pillar,Rapier,,Uncommon,48,https://swordburst2.fandom.com/Special:Redirect/file/Ruby_Pillar.png,https://swordburst2.fandom.com/wiki/Ruby_Pillar,Patrolman Elite,389,544,,,TRUE,11%,,,,,,,2026-09-19 02:35 UTC,2026-09-18T22:52:00Z
815,Ruby Edge,Longsword,Dagger <small>()</small,Rare,1,https://swordburst2.fandom.com/Special:Redirect/file/Ruby_Edge.png,https://swordburst2.fandom.com/wiki/Ruby_Edge,Early Access,10,260,,,TRUE,12%,,,,,,,2026-09-19 02:35 UTC,2026-09-18T22:52:00Z
816,Ruin Blade,Greatsword,,Rare,15,https://swordburst2.fandom.com/Special:Redirect/file/Ruin_Blade.png,https://swordburst2.fandom.com/wiki/Ruin_Blade,Ruined Kobold Lord,66,105,,,TRUE,18%,,,,,,,2026-09-19 02:35 UTC,2026-09-18T22:52:00Z
817,Rugged Sabre,Katana,,Common,21,https://swordburst2.fandom.com/Special:Redirect/file/Rugged_Sabre.png,https://swordburst2.fandom.com/wiki/Rugged_Sabre,Spooky Hollow Shop,152,212,,,TRUE,15%,,,,,,,2026-09-19 02:35 UTC,2026-09-18T22:52:00Z
818,Ruined Katana,Katana,,Common,7,https://swordburst2.fandom.com/Special:Redirect/file/Ruined_Katana.png,https://swordburst2.fandom.com/wiki/Ruined_Katana,Earthen Crab,15,21,,,TRUE,15%,,,,,,,2026-09-19 02:35 UTC,2026-09-18T22:52:00Z
819,Ruined Greatsword,Greatsword,,Common,7,https://swordburst2.fandom.com/Special:Redirect/file/Ruined_Greatsword.png,https://swordburst2.fandom.com/wiki/Ruined_Greatsword,Ruined Kobold Knight,15,21,,,TRUE,18%,,,,,,,2026-09-19 02:35 UTC,2026-09-18T22:52:00Z
820,Ruler's Demise,Scythe,Angelic Theme,Tribute,450,https://swordburst2.fandom.com/Special:Redirect/file/Ruler's_Demise_ico.webp,https://swordburst2.fandom.com/wiki/Ruler's_Demise,Helmfirth Exclusive Shop,43250,86500,,,TRUE,55%,+50%,+50%,125-130,125-130,tributes,Fifteenth Edition,2026-09-19 02:35 UTC,2026-09-18T22:52:00Z
821,Ruined Kobold Helmet,Accessory,Helmet,Common,7,https://swordburst2.fandom.com/Special:Redirect/file/Ruined_Kobold_Helmet.png,https://swordburst2.fandom.com/wiki/Ruined_Kobold_Helmet,Ruined Kobold Knight,,,,,FALSE,,+4%,,,,,,2026-09-19 02:35 UTC,2026-09-18T22:52:00Z
822,Ruined Longsword,Longsword,,Common,7,https://swordburst2.fandom.com/Special:Redirect/file/Ruined_Longsword.png,https://swordburst2.fandom.com/wiki/Ruined_Longsword,Earthen Boar,15,21,,,TRUE,12%,,,,,,,2026-09-19 02:35 UTC,2026-09-18T22:52:00Z
823,Ruined Rapier,Rapier,,Common,7,https://swordburst2.fandom.com/Special:Redirect/file/Ruined_Rapier.png,https://swordburst2.fandom.com/wiki/Ruined_Rapier,Earthen Crab,15,21,,,TRUE,11%,,,,,,,2026-09-19 02:35 UTC,2026-09-18T22:52:00Z
824,Rusty Katana,Katana,Forgotten <small>()</small,Common,10,https://swordburst2.fandom.com/Special:Redirect/file/Rusty_Katana.png,https://swordburst2.fandom.com/wiki/Rusty_Katana,Snowgre,21,29,,,TRUE,15%,,,,,,,2026-09-19 02:35 UTC,2026-09-18T22:52:00Z
825,Rusty Spear,Spear,Forgotten <small>()</small,Common,10,https://swordburst2.fandom.com/Special:Redirect/file/Rusty_Spear.png,https://swordburst2.fandom.com/wiki/Rusty_Spear,Snowgre,21,29,,,TRUE,21%,,,,,,,2026-09-19 02:35 UTC,2026-09-18T22:52:00Z
826,Rupture,Longsword,,Legendary,100,https://swordburst2.fandom.com/Special:Redirect/file/Rupture.png,https://swordburst2.fandom.com/wiki/Rupture,Undead Servant,1301,2602,,,TRUE,12%,+5%,,0.5,0.5,clean_legendaries,Floor 10,2026-09-19 02:35 UTC,2026-09-18T22:52:00Z
827,Rusty Greatsword,Greatsword,Forgotten <small>()</small,Common,10,https://swordburst2.fandom.com/Special:Redirect/file/Rusty_Greatsword.png,https://swordburst2.fandom.com/wiki/Rusty_Greatsword,Snowgre,21,29,,,TRUE,18%,,,,,,,2026-09-19 02:35 UTC,2026-09-18T22:52:00Z
828,Rusty Longsword,Longsword,Forgotten <small>()</small,Common,10,https://swordburst2.fandom.com/Special:Redirect/file/Rusty_Longsword.png,https://swordburst2.fandom.com/wiki/Rusty_Longsword,Snowgre,21,29,,,TRUE,12%,,,,,,,2026-09-19 02:35 UTC,2026-09-18T22:52:00Z
829,Rusty Rapier,Rapier,Forgotten <small>()</small,Common,10,https://swordburst2.fandom.com/Special:Redirect/file/Rusty_Rapier.png,https://swordburst2.fandom.com/wiki/Rusty_Rapier,Snowgre,21,29,,,TRUE,11%,,,,,,,2026-09-19 02:35 UTC,2026-09-18T22:52:00Z
830,Ryu,Longsword,SDS <small>()</small,Tribute,75,https://swordburst2.fandom.com/Special:Redirect/file/Ryu.png,https://swordburst2.fandom.com/wiki/Ryu,*Gold Chests in Blooming Plateau *Hippogriff,2500,5000,,,TRUE,40%,15%,15%,40,20,tributes,Floor 8,2026-09-19 02:35 UTC,2026-09-18T22:52:00Z
831,Sa'jun's Helmet,Accessory,Helmet,Rare,50,https://swordburst2.fandom.com/Special:Redirect/file/Sa'jun's_Helmet.png,https://swordburst2.fandom.com/wiki/Sa'jun's_Helmet,Sa'jun the Centurian Chieftain,,,500,,TRUE,,+4%,+3%,,,,,2026-09-19 02:35 UTC,2026-09-18T22:52:00Z
832,Sabaku,Katana,,Uncommon,46,https://swordburst2.fandom.com/Special:Redirect/file/Sabaku.png,https://swordburst2.fandom.com/wiki/Sabaku,Sand Scorpion,362,506,,,TRUE,15%,,,,,,,2026-09-19 02:35 UTC,2026-09-18T22:52:00Z
833,Sacred Genesis,Longsword,Angelic Theme,Legendary,225,https://swordburst2.fandom.com/Special:Redirect/file/Sacred_Genesis_ico.webp,https://swordburst2.fandom.com/wiki/Sacred_Genesis,Helmfirth Exclusive Shop,5600,11200,,,TRUE,20%,+25%,+25%,10-12,10-12,clean_legendaries,Fifteenth Edition,2026-09-19 02:35 UTC,2026-09-18T22:52:00Z
834,Saint's Wrath,Armor,,Rare,15,https://swordburst2.fandom.com/Special:Redirect/file/Saint's_Wrath.png,https://swordburst2.fandom.com/wiki/Saint's_Wrath,Gift of Unluck,,,2240,,TRUE,,+2%,+2%,,,,,2026-09-19 02:35 UTC,2026-09-18T22:52:00Z
835,Saishuen,Katana,Endless' [[Tributes|Tribute]] <small>()</small,Tribute,200,https://swordburst2.fandom.com/Special:Redirect/file/Saishuen.png,https://swordburst2.fandom.com/wiki/Saishuen,Va' Rok,4375,8750,,,TRUE,45%,3%,,6,5,tributes,Floor 9,2026-09-19 02:35 UTC,2026-09-18T22:52:00Z
836,Sakura's Embrace,Spear,,Legendary,375,https://swordburst2.fandom.com/Special:Redirect/file/Sakura's_Embrace.png,https://swordburst2.fandom.com/wiki/Sakura's_Embrace,"Azeis, Spirit of the Blossom",22450,,,,FALSE,21%,+20%,+20%,,,,,2026-09-19 02:35 UTC,2026-09-18T22:52:00Z
837,Sakura's Demise,Longsword,Final Exit <small>()</small,Legendary,375,https://swordburst2.fandom.com/Special:Redirect/file/Sakura's_Demise.png,https://swordburst2.fandom.com/wiki/Sakura's_Demise,"Azeis, Spirit of the Blossom",22450,,,,FALSE,12%,+20%,+20%,,,,,2026-09-19 02:35 UTC,2026-09-18T22:52:00Z
838,Sakura Dreams,Katana,,Common,300,https://swordburst2.fandom.com/Special:Redirect/file/Sakura_Dreams.png,https://swordburst2.fandom.com/wiki/Sakura_Dreams,Ancient Blossom Knight,6725,9415,,,TRUE,15%,10%,10%,,,,,2026-09-19 02:35 UTC,2026-09-18T22:52:00Z
839,Sakura Cleaver,Katana,,Rare,350,https://swordburst2.fandom.com/Special:Redirect/file/Sakura_Cleaver.png,https://swordburst2.fandom.com/wiki/Sakura_Cleaver,Eternal Blossom Knight,11915,,,,FALSE,15%,+16%,+16%,,,,,2026-09-19 02:35 UTC,2026-09-18T22:52:00Z
840,Sakura's Edge,Scythe,Limited Merchant (Limited,Legendary,300,https://swordburst2.fandom.com/Special:Redirect/file/Sakura's_Edge.png,https://swordburst2.fandom.com/wiki/Sakura's_Edge,Helmfirth Exclusive Shop,11400,22800,,,TRUE,20%,+12%,+12%,5-10,5-10,clean_legendaries,Third Edition,2026-09-19 02:35 UTC,2026-09-18T22:52:00Z
841,Salvaje,Rapier,,Rare,40,https://swordburst2.fandom.com/Special:Redirect/file/Salvaje.png,https://swordburst2.fandom.com/wiki/Salvaje,Rotling,315,504,,,TRUE,11%,,,,,,,2026-09-19 02:35 UTC,2026-09-18T22:52:00Z
842,Sakura Paradise,Katana,Dreams <small>()</small,Legendary,400,https://swordburst2.fandom.com/Special:Redirect/file/Sakura_Paradise.png,https://swordburst2.fandom.com/wiki/Sakura_Paradise,"Azeis, Spirit of the Blossom",26000,,,,FALSE,15%,+25%,+25%,1,1-2,clean_legendaries,- Rotational Floors -,2026-09-19 02:35 UTC,2026-09-18T22:52:00Z
843,Sand Aerosol,Longsword,,Legendary,50,https://swordburst2.fandom.com/Special:Redirect/file/Sand_Aerosol.png,https://swordburst2.fandom.com/wiki/Sand_Aerosol,Sa'jun the Centurian Chieftain,419,838,,,TRUE,12%,+1%,+1%,0.5-1,0.5-1,clean_legendaries,Floor 5,2026-09-19 02:35 UTC,2026-09-18T22:52:00Z
844,Sandstone Rapier,Rapier,,Uncommon,46,https://swordburst2.fandom.com/Special:Redirect/file/Sandstone_Rapier.png,https://swordburst2.fandom.com/wiki/Sandstone_Rapier,Girdled Lizard,362,506,,,TRUE,11%,,,,,,,2026-09-19 02:35 UTC,2026-09-18T22:52:00Z
845,Sandgem Blade,Katana,,Uncommon,48,https://swordburst2.fandom.com/Special:Redirect/file/Sandgem_Blade.png,https://swordburst2.fandom.com/wiki/Sandgem_Blade,Green Patrolman,389,544,,,TRUE,15%,,,,,,,2026-09-19 02:35 UTC,2026-09-18T22:52:00Z
846,Sandstorm V2,Spear,SBO (Limited,Rare,100,https://swordburst2.fandom.com/Special:Redirect/file/Sandstorm_V2.png,https://swordburst2.fandom.com/wiki/Sandstorm_V2,Arcadia Exclusive Shop,1200,1920,,,TRUE,5%,+4%,+4%,1,1,misc,Fifth Edition,2026-09-19 02:35 UTC,2026-09-18T22:52:00Z
847,Sandstone Spear,Spear,,Uncommon,48,https://swordburst2.fandom.com/Special:Redirect/file/Sandstone_Spear.png,https://swordburst2.fandom.com/wiki/Sandstone_Spear,Centaurian Defender,389,544,,,TRUE,21%,,,,,,,2026-09-19 02:35 UTC,2026-09-18T22:52:00Z
848,Saturn,Longsword,Dagger <small>()</small,Common,88,https://swordburst2.fandom.com/Special:Redirect/file/Saturn.png,https://swordburst2.fandom.com/wiki/Saturn,Transylvania Shop,948,1327,,,TRUE,12%,,,,,,,2026-09-19 02:35 UTC,2026-09-18T22:52:00Z
849,Sapphire Platemail,Armor,,Legendary,65,https://swordburst2.fandom.com/Special:Redirect/file/Sapphire_Platemail.png,https://swordburst2.fandom.com/wiki/Sapphire_Platemail,Smashroom the Mushroom Behemoth,,,6325,8855,TRUE,,+3%,+3%,0.7 - 1,1,clean_legendaries,Floor 7,2026-09-19 02:35 UTC,2026-09-18T22:52:00Z
850,Sawhook Blade,Rapier,,Common,21,https://swordburst2.fandom.com/Special:Redirect/file/Sawhook_Blade.png,https://swordburst2.fandom.com/wiki/Sawhook_Blade,Spooky Hollow Shop,152,212,,,TRUE,11%,,,,,,,2026-09-19 02:35 UTC,2026-09-18T22:52:00Z
851,Sandstorm,Longsword,,Rare,48,https://swordburst2.fandom.com/Special:Redirect/file/Sandstorm.png,https://swordburst2.fandom.com/wiki/Sandstorm,Patrolman Elite,389,622,,,TRUE,12%,,,,,,,2026-09-19 02:35 UTC,2026-09-18T22:52:00Z
852,Scarlet Katana,Katana,,Rare,65,https://swordburst2.fandom.com/Special:Redirect/file/Scarlet_Katana.png,https://swordburst2.fandom.com/wiki/Scarlet_Katana,Smashroom the Mushroom Behemoth,652,1043,,,TRUE,15%,,,,,,,2026-09-19 02:35 UTC,2026-09-18T22:52:00Z
853,Scarlet Lance,Spear,,Rare,145,https://swordburst2.fandom.com/Special:Redirect/file/Scarlet_Lance.png,https://swordburst2.fandom.com/wiki/Scarlet_Lance,Shadow Figure,2050,,,,FALSE,21%,+4%,,,,,,2026-09-19 02:35 UTC,2026-09-18T22:52:00Z
854,Sawtooth Blade,Katana,,Uncommon,160,https://swordburst2.fandom.com/Special:Redirect/file/Sawtooth_Blade.png,https://swordburst2.fandom.com/wiki/Sawtooth_Blade,Elkwood Giant,2440,3416,,,TRUE,15%,,+4%,,,,,2026-09-19 02:35 UTC,2026-09-18T22:52:00Z
855,Scarlet Mirage,Rapier,Limited,Uncommon,275,https://swordburst2.fandom.com/Special:Redirect/file/Scarlet_Mirage.png,https://swordburst2.fandom.com/wiki/Scarlet_Mirage,Rekindled Unborn,5800,8120,,,TRUE,20%,+22%,+22%,,,,,2026-09-19 02:35 UTC,2026-09-18T22:52:00Z
856,Scarlet Veil Blade,Greatsword,,Rare,98,https://swordburst2.fandom.com/Special:Redirect/file/Scarlet_Veil_Blade.png,https://swordburst2.fandom.com/wiki/Scarlet_Veil_Blade,Winged Minion,1212,,,,FALSE,18%,+2%,,,,,,2026-09-19 02:35 UTC,2026-09-18T22:52:00Z
857,Scarlet Steel,Longsword,Limited,Rare,65,https://swordburst2.fandom.com/Special:Redirect/file/Scarlet_Steel.png,https://swordburst2.fandom.com/wiki/Scarlet_Steel,*Arcadia Exclusive Shop *Helmfirth Exclusive Shop,710,1136,,,TRUE,10%,+5%,+5%,1,1,misc,Sixth Edition,2026-09-19 02:35 UTC,2026-09-18T22:52:00Z
858,Sea Splitter,Spear,Heart of Atlantis Tribute <small>()</small,Tribute,450,https://swordburst2.fandom.com/Special:Redirect/file/Sea_Splitter.png,https://swordburst2.fandom.com/wiki/Sea_Splitter,"Aeganatos, The Sunken Sovereign",55000,110000,,,TRUE,45%,60%,60%,100-150,100-150,tributes,- ROTATIONAL FLOOR TRIBUTES -,2026-09-19 02:35 UTC,2026-09-18T22:52:00Z
859,Scorched Winter,Longsword,Limited,Legendary,290,https://swordburst2.fandom.com/Special:Redirect/file/Scorched_Winter.png,https://swordburst2.fandom.com/wiki/Scorched_Winter,"Vyroth, The Frostflame",22750,,,,TRUE,12%,10%,10%,1-2,,clean_legendaries,Easter Realm (2023),2026-09-19 02:35 UTC,2026-09-18T22:52:00Z
860,Sea Carver,Greatsword,Limited,Legendary,325,https://swordburst2.fandom.com/Special:Redirect/file/Sea_Carver.png,https://swordburst2.fandom.com/wiki/Sea_Carver,Gift of Lost Archives,54500,,,,TRUE,25%,-6%,+34%,,,,,2026-09-19 02:35 UTC,2026-09-18T22:52:00Z
861,Seabed Blade,Greatsword,,Uncommon,390,https://swordburst2.fandom.com/Special:Redirect/file/Seabed_Blade.png,https://swordburst2.fandom.com/wiki/Seabed_Blade,Cobalt Darkray,29912,41876,,,TRUE,18%,+13%,+13%,,,,,2026-09-19 02:35 UTC,2026-09-18T22:52:00Z
862,Sea Anchored,Greatsword,,Uncommon,385,https://swordburst2.fandom.com/Special:Redirect/file/Sea_Anchored.png,https://swordburst2.fandom.com/wiki/Sea_Anchored,Xenoglow,29212,40896,,,TRUE,18%,+13%,+13%,,,,,2026-09-19 02:35 UTC,2026-09-18T22:52:00Z
863,Sentinel,Longsword,,Uncommon,220,https://swordburst2.fandom.com/Special:Redirect/file/Sentinel.png,https://swordburst2.fandom.com/wiki/Sentinel,Newborn Abomination,4375,6125,,,TRUE,12%,+1%,+3%,,,,,2026-09-19 02:35 UTC,2026-09-18T22:52:00Z
864,Sentient Nexus,Greatsword,Caff's [[Tributes|Tribute]] <small>()</small,Tribute,200,https://swordburst2.fandom.com/Special:Redirect/file/Sentient_Nexus.png,https://swordburst2.fandom.com/wiki/Sentient_Nexus,Va' Rok,4375,8750,,,TRUE,54%,+2%,+2%,7,5,tributes,Floor 9,2026-09-19 02:35 UTC,2026-09-18T22:52:00Z
865,Sentinel Armor,Armor,Category,Common,10,https://swordburst2.fandom.com/Special:Redirect/file/Sentinel_Armor.png,https://swordburst2.fandom.com/wiki/Sentinel_Armor,Novice Shop,,,87,121,TRUE,,,,,,,,2026-09-19 02:35 UTC,2026-09-18T22:52:00Z
866,Seraphim's Light,Spear,Limited Light Sword <small>()</small,Tribute,435,https://swordburst2.fandom.com/Special:Redirect/file/Seraphim's_Light.png,https://swordburst2.fandom.com/wiki/Seraphim's_Light,Helmfirth Exclusive Shop,34000,68000,,,TRUE,40%,+68%,+30%,35,30-35,tributes,Thirteenth Edition,2026-09-19 02:35 UTC,2026-09-18T22:52:00Z
867,Server's Revenger,Longsword,,Common,325,https://swordburst2.fandom.com/Special:Redirect/file/Server's_Revenger.png,https://swordburst2.fandom.com/wiki/Server's_Revenger,Jelly Slime,7617,10663,,,TRUE,12%,+11%,+11%,,,,,2026-09-19 02:35 UTC,2026-09-18T22:52:00Z
868,Seraphic Gale,Rapier,Angelic Theme,Legendary,415,https://swordburst2.fandom.com/Special:Redirect/file/Seraphic_Gale.webp,https://swordburst2.fandom.com/wiki/Seraphic_Gale,*Helmfirth Exclusive Shop,32000,64000,,,TRUE,38%,40%,40%,50-55,50-55,clean_legendaries,Fifteenth Edition,2026-09-19 02:35 UTC,2026-09-18T22:52:00Z
869,Severance,Longsword,,Common,200,https://swordburst2.fandom.com/Special:Redirect/file/Severance.png,https://swordburst2.fandom.com/wiki/Severance,Crystal Lizard,3662,5126,,,TRUE,15%,,,,,,,2026-09-19 02:35 UTC,2026-09-18T22:52:00Z
870,Seraphic Gaze,Longsword,,Legendary,110,https://swordburst2.fandom.com/Special:Redirect/file/Seraphic_Gaze.png,https://swordburst2.fandom.com/wiki/Seraphic_Gaze,Grim the Overseer,1480,,,,FALSE,12%,-2%,6%,0.5,0.5,clean_legendaries,Floor 10,2026-09-19 02:35 UTC,2026-09-18T22:52:00Z
871,ShadowNinja Robes,Armor,,Rare,135,https://swordburst2.fandom.com/Special:Redirect/file/ShadowNinja_Robe.png,https://swordburst2.fandom.com/wiki/ShadowNinja_Robes,Shadow Figure,,,10451,14631,TRUE,,,+8%,,,,,2026-09-19 02:35 UTC,2026-09-18T22:52:00Z
872,Seraph's star,Longsword,Limited Merchant (Limited,Legendary,150,https://swordburst2.fandom.com/Special:Redirect/file/Seraph's_star.png,https://swordburst2.fandom.com/wiki/Seraph's_star,*Helmfirth Exclusive Shop,2400,4800,,,TRUE,12%,+5%,+5%,5,5,clean_legendaries,Third Edition,2026-09-19 02:35 UTC,2026-09-18T22:52:00Z
873,Shadow Cleaver,Katana,,Uncommon,155,https://swordburst2.fandom.com/Special:Redirect/file/Shadow_Cleaver.png,https://swordburst2.fandom.com/wiki/Shadow_Cleaver,Shadow Figure,2300,3220,,,TRUE,15%,+5%,,,,,,2026-09-19 02:35 UTC,2026-09-18T22:52:00Z
874,Shadow's Edge,Katana,,Rare,72,https://swordburst2.fandom.com/Special:Redirect/file/Shadow's_Edge.png,https://swordburst2.fandom.com/wiki/Shadow's_Edge,Dungeon Crusader,779,1246,,,TRUE,15%,,,,,,,2026-09-19 02:35 UTC,2026-09-18T22:52:00Z
875,Shackled Devour,Longsword,Limited,Legendary,150,https://swordburst2.fandom.com/Special:Redirect/file/Shackled_Devour.png,https://swordburst2.fandom.com/wiki/Shackled_Devour,Spooky Hollow Shop,2300,4600,,,TRUE,14%,+10%,+10%,5-6,3-4,clean_legendaries,Fifteenth Edition,2026-09-19 02:35 UTC,2026-09-18T22:52:00Z
876,Shadow Pierce,Katana,Limited,Rare,65,https://swordburst2.fandom.com/Special:Redirect/file/Shadow_Pierce.png,https://swordburst2.fandom.com/wiki/Shadow_Pierce,Arcadia Exclusive Shop,725,1160,,,TRUE,6%,,+12%,1-2,1-2,misc,Nineth Edition,2026-09-19 02:35 UTC,2026-09-18T22:52:00Z
877,Shade,Longsword,,Common,67,https://swordburst2.fandom.com/Special:Redirect/file/Shade.png,https://swordburst2.fandom.com/wiki/Shade,Helmfirth Weapon Shop,677,947,,,TRUE,12%,,,,,,,2026-09-19 02:35 UTC,2026-09-18T22:52:00Z
878,Shadowfang,Katana,,Rare,80,https://swordburst2.fandom.com/Special:Redirect/file/Shadowfang.png,https://swordburst2.fandom.com/wiki/Shadowfang,Reptasaurus,938,1500,,,TRUE,15%,,,,,,,2026-09-19 02:35 UTC,2026-09-18T22:52:00Z
879,Shatterthorn,Rapier,,Rare,80,https://swordburst2.fandom.com/Special:Redirect/file/Shatterthorn.png,https://swordburst2.fandom.com/wiki/Shatterthorn,Ent,938,1500,,,TRUE,11%,,,,,,,2026-09-19 02:35 UTC,2026-09-18T22:52:00Z
880,Sheathed Shortsword,Accessory,,Rare,1,https://swordburst2.fandom.com/Special:Redirect/file/Sheathed_Shortsword.png,https://swordburst2.fandom.com/wiki/Sheathed_Shortsword,Burst Store,,,250,,TRUE,,8%,8%,1-2,,accessories,Waist / Back,2026-09-19 02:35 UTC,2026-09-18T22:52:00Z
881,Shimo,Katana,Limited,Uncommon,85,https://swordburst2.fandom.com/Special:Redirect/file/Shimo.png,https://swordburst2.fandom.com/wiki/Shimo,Glacius Howler,2172,,,,TRUE,15%,10%,-10%,0.2 - 0.5,,misc,Winter Event,2026-09-19 02:35 UTC,2026-09-18T22:52:00Z
882,Sheathed Dagger,Accessory,,Rare,1,https://swordburst2.fandom.com/Special:Redirect/file/Sheathed_Dagger.png,https://swordburst2.fandom.com/wiki/Sheathed_Dagger,Burst Store,,,125,,TRUE,,+4%,+4%,1-2,,accessories,Waist / Back,2026-09-19 02:35 UTC,2026-09-18T22:52:00Z
883,Shirokuro,Katana,Limited,Tribute,300,https://swordburst2.fandom.com/Special:Redirect/file/Shirokuro.png,https://swordburst2.fandom.com/wiki/Shirokuro,Rekindled Unborn,14500,29000,,,TRUE,30%,+35%,+45%,1,0.2 - 0.5,tributes,Floor 6 / Undershroud,2026-09-19 02:35 UTC,2026-09-18T22:52:00Z
884,Shattered Hatred,Rapier,,Legendary,120,https://swordburst2.fandom.com/Special:Redirect/file/Shattered_Hatred.png,https://swordburst2.fandom.com/wiki/Shattered_Hatred,Hollow Shopkeeper,1500,3000,,,TRUE,12%,+8%,+8%,4-5,4,clean_legendaries,Fifteenth Edition,2026-09-19 02:35 UTC,2026-09-18T22:52:00Z
885,Shinkurai,Longsword,FSN Limited Dagger,Legendary,400,https://swordburst2.fandom.com/Special:Redirect/file/Shinkurai.png,https://swordburst2.fandom.com/wiki/Shinkurai,Helmfirth Exclusive Shop,26500,53000,,,TRUE,30%,+25%,+25%,12-15,10-12,clean_legendaries,Twelfth Edition,2026-09-19 02:35 UTC,2026-09-18T22:52:00Z
886,Shiny Yellow Cape,Accessory,Cape,Legendary,1,https://swordburst2.fandom.com/Special:Redirect/file/Shiny_Yellow_Cape.png,https://swordburst2.fandom.com/wiki/Shiny_Yellow_Cape,Burst Store,,,500,,TRUE,,+9%,+9%,,,,,2026-09-19 02:35 UTC,2026-09-18T22:52:00Z
887,Shizen Katana,Katana,Category,Common,3,https://swordburst2.fandom.com/Special:Redirect/file/Shizen_Katana.png,https://swordburst2.fandom.com/wiki/Shizen_Katana,Hermit Crab,8,11,,,TRUE,15%,,,,,,,2026-09-19 02:35 UTC,2026-09-18T22:52:00Z
888,Shiver,Rapier,,Uncommon,325,https://swordburst2.fandom.com/Special:Redirect/file/Shiver.png,https://swordburst2.fandom.com/wiki/Shiver,Eternal Blossom Knight,10640,14896,,,TRUE,11%,12%,12%,,,,,2026-09-19 02:35 UTC,2026-09-18T22:52:00Z
889,Silent Finale,Greatsword,SBO Limited,Tribute,200,https://swordburst2.fandom.com/Special:Redirect/file/Silent_Finale.png,https://swordburst2.fandom.com/wiki/Silent_Finale,Helmfirth Exclusive Shop,4425,,,,FALSE,40%,+25%,+25%,15-20,12,tributes,Fifth Edition,2026-09-19 02:35 UTC,2026-09-18T22:52:00Z
890,Silent Grace,Katana,Limited NA <small></small,Tribute,405,https://swordburst2.fandom.com/Special:Redirect/file/Silent_Grace.png,https://swordburst2.fandom.com/wiki/Silent_Grace,Helmfirth Exclusive Shop,32000,,,,FALSE,25%,+50%,+50%,18-20,18-20,tributes,Twelfth Edition,2026-09-19 02:35 UTC,2026-09-18T22:52:00Z
891,Silverlight,Greatsword,,Common,29,https://swordburst2.fandom.com/Special:Redirect/file/Silverlight.png,https://swordburst2.fandom.com/wiki/Silverlight,Angry Snowman,136,190,,,TRUE,18%,,,,,,,2026-09-19 02:35 UTC,2026-09-18T22:52:00Z
892,Silver Stream,Longsword,Category,Legendary,38,https://swordburst2.fandom.com/Special:Redirect/file/Silver_Stream.png,https://swordburst2.fandom.com/wiki/Silver_Stream,Ra'thae the Ice King,285,570,,,TRUE,11%,,,,,,,2026-09-19 02:35 UTC,2026-09-18T22:52:00Z
893,Silent Service,Longsword,,Common,325,https://swordburst2.fandom.com/Special:Redirect/file/Sillent_Service.png,https://swordburst2.fandom.com/wiki/Silent_Service,Jelly Slime,7617,10663,,,TRUE,12%,+11%,+11%,,,,,2026-09-19 02:35 UTC,2026-09-18T22:52:00Z
894,Singularity Needle,Rapier,SBO (Limited,Legendary,175,https://swordburst2.fandom.com/Special:Redirect/file/Singularity_Needle.png,https://swordburst2.fandom.com/wiki/Singularity_Needle,Helmfirth Exclusive Shop,2972,5944,,,TRUE,15%,12%,12%,8-10,6,clean_legendaries,Fifth Edition,2026-09-19 02:35 UTC,2026-09-18T22:52:00Z
895,Silver's Edge,Longsword,Limited,Uncommon,24,https://swordburst2.fandom.com/Special:Redirect/file/Silver's_Edge.png,https://swordburst2.fandom.com/wiki/Silver's_Edge,*Arcadia Exclusive Shop *Helmfirth Exclusive Shop,106,148,,,TRUE,4%,+3%,+3%,150k vels,150k vels,misc,Sixth Edition,2026-09-19 02:35 UTC,2026-09-18T22:52:00Z
896,Shirubaeiji,Katana,Silver Age,Rare,15,https://swordburst2.fandom.com/Special:Redirect/file/Shirubaeiji.png,https://swordburst2.fandom.com/wiki/Shirubaeiji,Rahjin the Thief King,66,105,,,TRUE,15%,,,,,,,2026-09-19 02:35 UTC,2026-09-18T22:52:00Z
897,Skeletal Skewer,Rapier,,Rare,24,https://swordburst2.fandom.com/Special:Redirect/file/Skeletal_Skewer.png,https://swordburst2.fandom.com/wiki/Skeletal_Skewer,*Gorrock the Grove Protector (formerly) *Pearl Guardian,145,232,,,TRUE,11%,,,,,,,2026-09-19 02:35 UTC,2026-09-18T22:52:00Z
898,Siren's Harvester,Greatsword,Axe,Legendary,425,https://swordburst2.fandom.com/Special:Redirect/file/Siren's_Harvester.png,https://swordburst2.fandom.com/wiki/Siren's_Harvester,Kraken,32500,65000,,,TRUE,18%,+20%,+20%,1,1,clean_legendaries,- Rotational Floors -,2026-09-19 02:35 UTC,2026-09-18T22:52:00Z
899,SkullCleaver,Greatsword,Limited,Legendary,100,https://swordburst2.fandom.com/Special:Redirect/file/SkullCleaver.png,https://swordburst2.fandom.com/wiki/SkullCleaver,Ghost of the Present,2680,,,,TRUE,18%,+11%,+9%,1,,clean_legendaries,Easter Realm (2023),2026-09-19 02:35 UTC,2026-09-18T22:52:00Z
900,Sky Needle,Rapier,,Legendary,250,https://swordburst2.fandom.com/Special:Redirect/file/Sky_Needle.png,https://swordburst2.fandom.com/wiki/Sky_Needle,Gift of Fractures,520,,,,TRUE,15%,+4%,+10%,,,,,2026-09-19 02:35 UTC,2026-09-18T22:52:00Z
901,Skull Mask,Accessory,Mask,Rare,72,https://swordburst2.fandom.com/Special:Redirect/file/Skull_Mask.png,https://swordburst2.fandom.com/wiki/Skull_Mask,Forest Wanderer,,,,,FALSE,,-3%,+21%,,,,,2026-09-19 02:35 UTC,2026-09-18T22:52:00Z
902,Slate,Greatsword,,Common,67,https://swordburst2.fandom.com/Special:Redirect/file/Slate.png,https://swordburst2.fandom.com/wiki/Slate,Helmfirth Weapon Shop,677,947,,,TRUE,18%,,,,,,,2026-09-19 02:35 UTC,2026-09-18T22:52:00Z
903,Sled Slayer,Rapier,Limited,Legendary,100,https://swordburst2.fandom.com/Special:Redirect/file/Sled_Slayer.png,https://swordburst2.fandom.com/wiki/Sled_Slayer,Gift of Snow,2602,,,,TRUE,11%,+20%,+20%,1,,clean_legendaries,Gift of Snow,2026-09-19 02:35 UTC,2026-09-18T22:52:00Z
904,Skincarver Acolyte,Armor,,Rare,145,https://swordburst2.fandom.com/Special:Redirect/file/Skincarver_Acolyte.png,https://swordburst2.fandom.com/wiki/Skincarver_Acolyte,Ghost,,,14600,20440,TRUE,,+12%,+12%,,,,,2026-09-19 02:35 UTC,2026-09-18T22:52:00Z
905,Skyprince,Longsword,Respected Blade <small>()</small,Uncommon,12,https://swordburst2.fandom.com/Special:Redirect/file/Skyprince.png,https://swordburst2.fandom.com/wiki/Skyprince,Dire Wolf,25,35,,,TRUE,12%,,,,,,,2026-09-19 02:35 UTC,2026-09-18T22:52:00Z
906,Slayer's Plate,Armor,,Uncommon,78,https://swordburst2.fandom.com/Special:Redirect/file/Slayer's_Plate.png,https://swordburst2.fandom.com/wiki/Slayer's_Plate,Ent,,,6529,9140,TRUE,,,,,,,,2026-09-19 02:35 UTC,2026-09-18T22:52:00Z
907,Snowblade,Longsword,Limited,Rare,92,https://swordburst2.fandom.com/Special:Redirect/file/Snowblade.png,https://swordburst2.fandom.com/wiki/Snowblade,Dark Frost Goblin,1550,,,,TRUE,12%,+5%,+5%,0.7 - 1,,misc,Winter Event,2026-09-19 02:35 UTC,2026-09-18T22:52:00Z
908,Snowflake Katana,Katana,Limited,Rare,60,https://swordburst2.fandom.com/Special:Redirect/file/Snowflake_Katana.png,https://swordburst2.fandom.com/wiki/Snowflake_Katana,Arcadia Exclusive Shop,612,979,,,TRUE,10%,+6%,+6%,2-3,2-3,misc,Eighth Edition,2026-09-19 02:35 UTC,2026-09-18T22:52:00Z
909,Snuggle Strike,Greatsword,,Legendary,240,https://swordburst2.fandom.com/Special:Redirect/file/Snuggle_Strike.png,https://swordburst2.fandom.com/wiki/Snuggle_Strike,Helmfirth Exclusive Shop,5148,10296,,,TRUE,15%,+20%,+20%,1,1,clean_legendaries,Twelfth Edition,2026-09-19 02:35 UTC,2026-09-18T22:52:00Z
910,Software Defender,Armor,,Rare,170,https://swordburst2.fandom.com/Special:Redirect/file/Software_Defender.png,https://swordburst2.fandom.com/wiki/Software_Defender,Meta Figure,,,18999,25336,TRUE,,,+10%,,,,,2026-09-19 02:35 UTC,2026-09-18T22:52:00Z
911,Solar Beam,Katana,,Common,110,https://swordburst2.fandom.com/Special:Redirect/file/Solar_Beam.png,https://swordburst2.fandom.com/wiki/Solar_Beam,Reaper,1368,1915,,,TRUE,15%,,,,,,,2026-09-19 02:35 UTC,2026-09-18T22:52:00Z
912,Solaris,Longsword,,Rare,92,https://swordburst2.fandom.com/Special:Redirect/file/Solaris.png,https://swordburst2.fandom.com/wiki/Solaris,Grunt,1112,1779,,,TRUE,12%,,,10,,auras,Idol Star Bundle 500 Arising Star,2026-09-19 02:35 UTC,2026-09-18T22:52:00Z
913,Solar Flare,Spear,,Legendary,50,https://swordburst2.fandom.com/Special:Redirect/file/Solar_Flare.png,https://swordburst2.fandom.com/wiki/Solar_Flare,Sa'jun the Centurian Chieftain,420,840,,,TRUE,21%,+3%,+3%,1,1,clean_legendaries,Floor 5,2026-09-19 02:35 UTC,2026-09-18T22:52:00Z
914,Snowflake Shield,Accessory,Shield,Rare,32,https://swordburst2.fandom.com/Special:Redirect/file/SnowflakeShield.png,https://swordburst2.fandom.com/wiki/Snowflake_Shield,Jolrock the Snow Protecter,,,625,,TRUE,,,+3%,4-6,,misc,Winter Event,2026-09-19 02:35 UTC,2026-09-18T22:52:00Z
915,Sokashi,Katana,,Rare,250,https://swordburst2.fandom.com/Special:Redirect/file/Sokashi_Icon.png,https://swordburst2.fandom.com/wiki/Sokashi,Bat,5556,8889,,,TRUE,15%,+8%,+8%,,,,,2026-09-19 02:35 UTC,2026-09-18T22:52:00Z
916,Solem Mantle,Armor,,Rare,230,https://swordburst2.fandom.com/Special:Redirect/file/F12_Armor10.png,https://swordburst2.fandom.com/wiki/Solem_Mantle,Bat,,,71755,100457,TRUE,,+13%,,,,,,2026-09-19 02:35 UTC,2026-09-18T22:52:00Z
917,Solar Spire,Spear,,Rare,20,https://swordburst2.fandom.com/Special:Redirect/file/Solar_Spire.png,https://swordburst2.fandom.com/wiki/Solar_Spire,Gorilla Berserker,Level Based +7 per level,,,,FALSE,12%,+11%,+11%,,,,,2026-09-19 02:35 UTC,2026-09-18T22:52:00Z
918,Solstice,Longsword,,Legendary,200,https://swordburst2.fandom.com/Special:Redirect/file/Solstice.png,https://swordburst2.fandom.com/wiki/Solstice,"Saurus, the All-Seeing",3662,7324,,,TRUE,12%,+5%,+3%,1,1,clean_legendaries,Floor 11,2026-09-19 02:35 UTC,2026-09-18T22:52:00Z
919,Soul Frost,Scythe,,Tribute,450,https://swordburst2.fandom.com/Special:Redirect/file/Soul_Frost1.png,https://swordburst2.fandom.com/wiki/Soul_Frost,,<br>+200 per level,,,,FALSE,38%,50%,38%,200,,tributes,Egg Realm (2026),2026-09-19 02:35 UTC,2026-09-18T22:52:00Z
920,Sorrow's Silk Tunic,Armor,,Rare,35,https://swordburst2.fandom.com/Special:Redirect/file/Sorrow's_Silk_Tunic.png,https://swordburst2.fandom.com/wiki/Sorrow's_Silk_Tunic,Ra'thae the Ice King,,,1536,2150,TRUE,,,+3%,,,,,2026-09-19 02:35 UTC,2026-09-18T22:52:00Z
921,Soulrender,Katana,,Legendary,100,https://swordburst2.fandom.com/Special:Redirect/file/Soulrender.png,https://swordburst2.fandom.com/wiki/Soulrender,Grim the Overseer,1301,2602,,,TRUE,15%,,+8%,0.5,0.5,clean_legendaries,Floor 10,2026-09-19 02:35 UTC,2026-09-18T22:52:00Z
922,Spirit Blossom,Longsword,Blossom <small>()</small,Tribute,410,https://swordburst2.fandom.com/Special:Redirect/file/Spirit_Blossom.png,https://swordburst2.fandom.com/wiki/Spirit_Blossom,"Azeis, Spirit of the Blossom",35000,70000,,,TRUE,30%,40%,40%,60-70,60,tributes,- ROTATIONAL FLOOR TRIBUTES -,2026-09-19 02:35 UTC,2026-09-18T22:52:00Z
923,Spectral Lineage,Greatsword,,Legendary,200,https://swordburst2.fandom.com/Special:Redirect/file/Spectral_Lineage.png,https://swordburst2.fandom.com/wiki/Spectral_Lineage,"Saurus, the All-Seeing",3662,7324,,,TRUE,18%,+9%,,1,1,clean_legendaries,Floor 11,2026-09-19 02:35 UTC,2026-09-18T22:52:00Z
924,Spirit Shield,Accessory,Shield,Legendary,225,https://swordburst2.fandom.com/Special:Redirect/file/Spirit_Shield.png,https://swordburst2.fandom.com/wiki/Spirit_Shield,Headless Horseman,,,22400,,TRUE,,,+6%,2-3,,clean_legendaries,30-40 Prismatic Apex 2 Floria's Gift,2026-09-19 02:35 UTC,2026-09-18T22:52:00Z
925,Spirit of Suma,Katana,Category,Uncommon,12,https://swordburst2.fandom.com/Special:Redirect/file/Spirit_of_Suma.png,https://swordburst2.fandom.com/wiki/Spirit_of_Suma,Bear,25,35,,,TRUE,15%,,,,,,,2026-09-19 02:35 UTC,2026-09-18T22:52:00Z
926,Spoon Powa,Greatsword,Limited,Tribute,69,https://swordburst2.fandom.com/Special:Redirect/file/Spoon_Powa.png,https://swordburst2.fandom.com/wiki/Spoon_Powa,Gordon Ramsay,123,,,,TRUE,36%,6%,9%,,,,,2026-09-19 02:35 UTC,2026-09-18T22:52:00Z
927,Sporeguard,Armor,,Rare,60,https://swordburst2.fandom.com/Special:Redirect/file/Sporeguard.png,https://swordburst2.fandom.com/wiki/Sporeguard,Gloom Shroom,,,3970,5558,TRUE,,+3%,+2%,,,,,2026-09-19 02:35 UTC,2026-09-18T22:52:00Z
928,Star Brewed Tea,Rapier,Brew With The Stars,Tribute,-1,https://swordburst2.fandom.com/Special:Redirect/file/Star_Brewed_Tea_Icon.png,https://swordburst2.fandom.com/wiki/Star_Brewed_Tea,Joining Vienyx in game only on July 30th 2026.,0,,,,TRUE,"9,999,999,999%",,,,,,,2026-09-19 02:35 UTC,2026-09-18T22:52:00Z
929,Star Duster,Longsword,,Common,29,https://swordburst2.fandom.com/Special:Redirect/file/Star_Duster.png,https://swordburst2.fandom.com/wiki/Star_Duster,*Alpha Icewhal,136,190,,,TRUE,12%,,,,,,,2026-09-19 02:35 UTC,2026-09-18T22:52:00Z
930,Starcutter,Greatsword,Battle Axe <small>()</small,Legendary,275,https://swordburst2.fandom.com/Special:Redirect/file/Starcutter.png,https://swordburst2.fandom.com/wiki/Starcutter,Radioactive Experiment,9052,18104,,,TRUE,18%,22%,5%,4,4,clean_legendaries,Floor 12,2026-09-19 02:35 UTC,2026-09-18T22:52:00Z
931,Stamina Regen Necklace,Accessory,Necklace,Uncommon,46,https://swordburst2.fandom.com/Special:Redirect/file/Stamina_Regen_Necklace.png,https://swordburst2.fandom.com/wiki/Stamina_Regen_Necklace,Centaurian Defender,,,,,FALSE,,,+15%,,,,,2026-09-19 02:35 UTC,2026-09-18T22:52:00Z
932,Steel Edge,Longsword,,Common,9,https://swordburst2.fandom.com/Special:Redirect/file/Steel_Edge.png,https://swordburst2.fandom.com/wiki/Steel_Edge,Novice Shop,19,26,,,TRUE,12%,,,,,,,2026-09-19 02:35 UTC,2026-09-18T22:52:00Z
933,Stick,Longsword,69,Tribute,50,https://swordburst2.fandom.com/Special:Redirect/file/Stick.png,https://swordburst2.fandom.com/wiki/Stick,Ancient Wood Chest,1,,,,TRUE,30%,30%,30%,10k-11k,10k,tributes,Floor 12,2026-09-19 02:35 UTC,2026-09-18T22:52:00Z
934,Steel Longsword,Longsword,Category,Common,1,https://swordburst2.fandom.com/Special:Redirect/file/Steel_Longsword.png,https://swordburst2.fandom.com/wiki/Steel_Longsword,Novice Shop,5,7,,,TRUE,12%,,,,,,,2026-09-19 02:35 UTC,2026-09-18T22:52:00Z
935,Stinger XE-VII,Longsword,,Rare,250,https://swordburst2.fandom.com/Special:Redirect/file/Stinger_XE-VII_Icon.png,https://swordburst2.fandom.com/wiki/Stinger_XE-VII,Radio Slug,5556,8889,,,TRUE,12%,3%,5%,,,,,2026-09-19 02:35 UTC,2026-09-18T22:52:00Z
936,Steel Rapier,Rapier,Category,Common,1,https://swordburst2.fandom.com/Special:Redirect/file/Steel_Rapier.png,https://swordburst2.fandom.com/wiki/Steel_Rapier,Novice Shop,5,7,,,TRUE,11%,,,,,,,2026-09-19 02:35 UTC,2026-09-18T22:52:00Z
937,Steel Katana,Katana,Category,Common,1,https://swordburst2.fandom.com/Special:Redirect/file/Steel_Katana.png,https://swordburst2.fandom.com/wiki/Steel_Katana,Novice Shop,5,7,,,TRUE,15%,,,,,,,2026-09-19 02:35 UTC,2026-09-18T22:52:00Z
938,Steel Greatsword,Greatsword,Category,Common,1,https://swordburst2.fandom.com/Special:Redirect/file/Steel_Greatsword.png,https://swordburst2.fandom.com/wiki/Steel_Greatsword,Novice Shop,5,7,,,TRUE,18%,,,,,,,2026-09-19 02:35 UTC,2026-09-18T22:52:00Z
939,Stolen Love,Longsword,Limited,Uncommon,50,https://swordburst2.fandom.com/Special:Redirect/file/Stolen_Love.png,https://swordburst2.fandom.com/wiki/Stolen_Love,Broken Bearus,Level Based +13 per level,,,,FALSE,10%,+5%,+5%,,,,,2026-09-19 02:35 UTC,2026-09-18T22:52:00Z
940,Storm Bringer,Longsword,Limited Hammer <small>()</small,Legendary,50,https://swordburst2.fandom.com/Special:Redirect/file/Storm_Bringer.png,https://swordburst2.fandom.com/wiki/Storm_Bringer,Gift of Remaster,840,,,,TRUE,12%,,+2%,75-90,,clean_legendaries,Gift of Remaster,2026-09-19 02:35 UTC,2026-09-18T22:52:00Z
941,Subzero,Longsword,Limited,Legendary,75,https://swordburst2.fandom.com/Special:Redirect/file/SubzeroIcon.png,https://swordburst2.fandom.com/wiki/Subzero,Krampus,1804,,,,TRUE,12%,+10%,+10%,0.5,,clean_legendaries,Easter Realm (2023),2026-09-19 02:35 UTC,2026-09-18T22:52:00Z
942,Storm Breaker,Greatsword,,Uncommon,40,https://swordburst2.fandom.com/Special:Redirect/file/Storm_Breaker.png,https://swordburst2.fandom.com/wiki/Storm_Breaker,Boneling,290,406,,,TRUE,18%,,,,,,,2026-09-19 02:35 UTC,2026-09-18T22:52:00Z
943,Sunshine Shield,Accessory,Shield,Uncommon,35,https://swordburst2.fandom.com/Special:Redirect/file/Sunshine_Shield.png,https://swordburst2.fandom.com/wiki/Sunshine_Shield,*Qerach the Forgotten Golem,,,350,,TRUE,,+1%,+1%,,,,,2026-09-19 02:35 UTC,2026-09-18T22:52:00Z
944,Sunray Buster,Greatsword,,Rare,48,https://swordburst2.fandom.com/Special:Redirect/file/Sunray_Buster.png,https://swordburst2.fandom.com/wiki/Sunray_Buster,Centaurian Defender,389,622,,,TRUE,18%,,,,,,,2026-09-19 02:35 UTC,2026-09-18T22:52:00Z
945,Sunscorched,Armor,,Legendary,50,https://swordburst2.fandom.com/Special:Redirect/file/Sunscorched.png,https://swordburst2.fandom.com/wiki/Sunscorched,Sa'jun the Centurian Chieftain,,,4472,6260,TRUE,,+2%,+2%,1,0.5,clean_legendaries,Floor 5,2026-09-19 02:35 UTC,2026-09-18T22:52:00Z
946,Sun Staff,Spear,,Rare,50,https://swordburst2.fandom.com/Special:Redirect/file/Sun_Staff.png,https://swordburst2.fandom.com/wiki/Sun_Staff,Fire Scorpion,395,632,,,TRUE,21%,,,,,,,2026-09-19 02:35 UTC,2026-09-18T22:52:00Z
947,Sunset Relic,Greatsword,,Uncommon,24,https://swordburst2.fandom.com/Special:Redirect/file/Sunset_Relic.png,https://swordburst2.fandom.com/wiki/Sunset_Relic,Bushback Tortoise,95,133,,,TRUE,18%,,,,,,,2026-09-19 02:35 UTC,2026-09-18T22:52:00Z
948,Sun Set,Greatsword,Category,Common,5,https://swordburst2.fandom.com/Special:Redirect/file/Sun_Set.png,https://swordburst2.fandom.com/wiki/Sun_Set,Novice Shop,11,15,,,TRUE,18%,,,,,,,2026-09-19 02:35 UTC,2026-09-18T22:52:00Z
949,Sunset,Rapier,,Rare,250,https://swordburst2.fandom.com/Special:Redirect/file/Sunset_Icon.png,https://swordburst2.fandom.com/wiki/Sunset,Crystal Lizard,5556,8889,,,TRUE,11%,+4%,+8%,,,,,2026-09-19 02:35 UTC,2026-09-18T22:52:00Z
950,Superior,Longsword,,Legendary,285,https://swordburst2.fandom.com/Special:Redirect/file/Superior.png,https://swordburst2.fandom.com/wiki/Superior,Warlord,9763,,,,FALSE,12%,+6%,+6%,4,4,clean_legendaries,Floor 12,2026-09-19 02:35 UTC,2026-09-18T22:52:00Z
951,Sunstained Greatsword,Greatsword,,Common,43,https://swordburst2.fandom.com/Special:Redirect/file/Sunstained_Greatsword.png,https://swordburst2.fandom.com/wiki/Sunstained_Greatsword,Advanced Shop,324,453,,,TRUE,18%,,,,,,,2026-09-19 02:35 UTC,2026-09-18T22:52:00Z
952,Susawono,Katana,,Legendary,285,https://swordburst2.fandom.com/Special:Redirect/file/Susawono_Icon.png,https://swordburst2.fandom.com/wiki/Susawono,Suspended Unborn,9763,19526,,,TRUE,15%,+24%,,0.5,0.5,clean_legendaries,Floor 12,2026-09-19 02:35 UTC,2026-09-18T22:52:00Z
953,Sweet Tooth,Longsword,,Legendary,50,https://swordburst2.fandom.com/Special:Redirect/file/Sweet_Tooth.png,https://swordburst2.fandom.com/wiki/Sweet_Tooth,Gift of Haunting,520,,,,TRUE,15%,+5%,+10%,,,,,2026-09-19 02:35 UTC,2026-09-18T22:52:00Z
954,Svalinn,Accessory,Shield,Burst,350,https://swordburst2.fandom.com/Special:Redirect/file/Svalinn.png,https://swordburst2.fandom.com/wiki/Svalinn,Crystal Forge,,,115000,,TRUE,,+35%,+35%,,,,,2026-09-19 02:35 UTC,2026-09-18T22:52:00Z
955,Suspension,Longsword,,Legendary,85,https://swordburst2.fandom.com/Special:Redirect/file/Suspension.png,https://swordburst2.fandom.com/wiki/Suspension,Gargoyle Reaper,1086,2172,,,TRUE,12%,,+4%,0.5,1,clean_legendaries,Floor 9,2026-09-19 02:35 UTC,2026-09-18T22:52:00Z
956,Sword of Sunday,Greatsword,Limited,Rare,55,https://swordburst2.fandom.com/Special:Redirect/file/SundayBlade.png,https://swordburst2.fandom.com/wiki/Sword_of_Sunday,Egg Mimic,555,888,,,TRUE,18%,+4%,+1%,0.5 - 1,0.5 - 1,misc,Easter Event,2026-09-19 02:35 UTC,2026-09-18T22:52:00Z
957,Tasteful Vengeance,Greatsword,CHICKEN,Tribute,1,https://swordburst2.fandom.com/Special:Redirect/file/Tasteful_Vengeance.webp,https://swordburst2.fandom.com/wiki/Tasteful_Vengeance,The Evil Chicken,1,,,,TRUE,1%,+1%,+1%,,,,,2026-09-19 02:35 UTC,2026-09-18T22:52:00Z
958,Techanicality,Spear,,Legendary,200,https://swordburst2.fandom.com/Special:Redirect/file/Techanicality.png,https://swordburst2.fandom.com/wiki/Techanicality,"Saurus, the All-Seeing",3662,7324,,,TRUE,21%,+9%,+6%,1,1,clean_legendaries,Floor 11,2026-09-19 02:35 UTC,2026-09-18T22:52:00Z
959,Tempo,Katana,Caff's Tribute <small>()</small,Legendary,100,https://swordburst2.fandom.com/Special:Redirect/file/Tempo.png,https://swordburst2.fandom.com/wiki/Tempo,*Arcadia Exclusive Shop *Helmfirth Exclusive Shop,1400,2800,,,TRUE,15%,+5%,+5%,0.5,0.5,clean_legendaries,First Edition,2026-09-19 02:35 UTC,2026-09-18T22:52:00Z
960,The Cutter,Longsword,small> Dagger <small,Common,325,https://swordburst2.fandom.com/Special:Redirect/file/The_Cutter.png,https://swordburst2.fandom.com/wiki/The_Cutter,Jelly Slime,7617,10663,,,TRUE,12%,+11%,+11%,,,,,2026-09-19 02:35 UTC,2026-09-18T22:52:00Z
961,The Destroyer,Greatsword,Limited DM <small,Tribute,440,https://swordburst2.fandom.com/Special:Redirect/file/The_Destroyer.png,https://swordburst2.fandom.com/wiki/The_Destroyer,Helmfirth Exclusive Shop,37000,,,,FALSE,38%,+50%,+50%,55-60,50,tributes,Twelfth Edition,2026-09-19 02:35 UTC,2026-09-18T22:52:00Z
962,Terminus,Katana,,Legendary,200,https://swordburst2.fandom.com/Special:Redirect/file/Terminus.png,https://swordburst2.fandom.com/wiki/Terminus,"Za, the Eldest",3662,7324,,,TRUE,15%,+6%,,1,1,clean_legendaries,Floor 11,2026-09-19 02:35 UTC,2026-09-18T22:52:00Z
963,The Kitchen Cavalry,Armor,Exclusive,Legendary,400,https://swordburst2.fandom.com/Special:Redirect/file/The_Kitchen_Cavalry.png,https://swordburst2.fandom.com/wiki/The_Kitchen_Cavalry,The Waiter,,,415800,582120,TRUE,,+25%,+32%,,,,,2026-09-19 02:35 UTC,2026-09-18T22:52:00Z
964,The Log,Greatsword,DA LOG,Tribute,60,"https://swordburst2.fandom.com/Special:Redirect/file/""No_Icon"".png",https://swordburst2.fandom.com/wiki/The_Log,Wood Chest from Floor 4,1,,,,TRUE,25%,+20%,+20%,90,90,tributes,Floor 4,2026-09-19 02:35 UTC,2026-09-18T22:52:00Z
965,The Relic,Accessory,Shield,Common,200,https://swordburst2.fandom.com/Special:Redirect/file/F12_Shield7.png,https://swordburst2.fandom.com/wiki/The_Relic,Crystal Lizard,,,11750,,TRUE,,+5%,-3%,,,,,2026-09-19 02:35 UTC,2026-09-18T22:52:00Z
966,Throneguard,Rapier,,Rare,230,https://swordburst2.fandom.com/Special:Redirect/file/Throneguard.png,https://swordburst2.fandom.com/wiki/Throneguard,Elite Scav,4763,7620,,,TRUE,11%,+8%,+3%,,,,,2026-09-19 02:35 UTC,2026-09-18T22:52:00Z
967,Tide Breaker,Greatsword,,Rare,400,https://swordburst2.fandom.com/Special:Redirect/file/Tide_Breaker.png,https://swordburst2.fandom.com/wiki/Tide_Breaker,Sea Da Fish,30493,48788,,,TRUE,18%,+15%,+15%,,,,,2026-09-19 02:35 UTC,2026-09-18T22:52:00Z
968,Tombo,Accessory,Shield,Legendary,200,https://swordburst2.fandom.com/Special:Redirect/file/Tombo.png,https://swordburst2.fandom.com/wiki/Tombo,"Count Dracula, Vlad Tepes",,,5750,,TRUE,,-7%,15%,1,,clean_legendaries,Easter Realm (2023),2026-09-19 02:35 UTC,2026-09-18T22:52:00Z
969,Titanium Sabre,Rapier,,Common,200,https://swordburst2.fandom.com/Special:Redirect/file/Titanium_Sabre_Icon.png,https://swordburst2.fandom.com/wiki/Titanium_Sabre,Crystal Lizard,3662,5126,,,TRUE,11%,,,,,,,2026-09-19 02:35 UTC,2026-09-18T22:52:00Z
970,The Pastry Punisher,Rapier,,Rare,350,https://swordburst2.fandom.com/Special:Redirect/file/The_Pastry_Punisher.png,https://swordburst2.fandom.com/wiki/The_Pastry_Punisher,Jelly Slime,11915,19064,,,TRUE,11%,+16%,+16%,,,,,2026-09-19 02:35 UTC,2026-09-18T22:52:00Z
971,Top Hat,Accessory,Hat,Uncommon,88,https://swordburst2.fandom.com/Special:Redirect/file/Top_Hat.png,https://swordburst2.fandom.com/wiki/Top_Hat,Shady Villager,,,,,FALSE,,+7%,+14%,,,,,2026-09-19 02:35 UTC,2026-09-18T22:52:00Z
972,Toxicity,Greatsword,,Legendary,200,https://swordburst2.fandom.com/Special:Redirect/file/Toxicity.png,https://swordburst2.fandom.com/wiki/Toxicity,"Za, the Eldest",3662,7324,,,TRUE,18%,+4%,+4%,0.5-1,0.5,clean_legendaries,Floor 11,2026-09-19 02:35 UTC,2026-09-18T22:52:00Z
973,Tombshroud Exile,Armor,,Rare,290,https://swordburst2.fandom.com/Special:Redirect/file/Tombshroud_Exile1.png,https://swordburst2.fandom.com/wiki/Tombshroud_Exile,Watcher,,,151000,211400,TRUE,,+18%,+18%,,,,,2026-09-19 02:35 UTC,2026-09-18T22:52:00Z
974,Tormenter,Scythe,,Legendary,100,https://swordburst2.fandom.com/Special:Redirect/file/Tormenter.png,https://swordburst2.fandom.com/wiki/Tormenter,"Baal, The Tormentor",1301,2602,,,TRUE,18%,+4%,-10%,0.5,0.5,clean_legendaries,Floor 10,2026-09-19 02:35 UTC,2026-09-18T22:52:00Z
975,Titan's Guard,Armor,,Uncommon,59,https://swordburst2.fandom.com/Special:Redirect/file/Titan's_Guard.png,https://swordburst2.fandom.com/wiki/Titan's_Guard,Shroom Back Clam,,,4086,5720,TRUE,,,,,,,,2026-09-19 02:35 UTC,2026-09-18T22:52:00Z
976,Travelling Salesman,Armor,,Uncommon,40,https://swordburst2.fandom.com/Special:Redirect/file/Travelling_Salesman.png,https://swordburst2.fandom.com/wiki/Travelling_Salesman,Irath the Lion,,,1786,2500,TRUE,,,,,,,,2026-09-19 02:35 UTC,2026-09-18T22:52:00Z
977,Trident Shield,Accessory,Shield,Rare,75,https://swordburst2.fandom.com/Special:Redirect/file/Trident_Shield.png,https://swordburst2.fandom.com/wiki/Trident_Shield,Dungeon Crusader,,,1100,,TRUE,,+4%,-2%,,,,,2026-09-19 02:35 UTC,2026-09-18T22:52:00Z
978,Tree,Greatsword,Limited,Legendary,325,https://swordburst2.fandom.com/Special:Redirect/file/TreeIcon.png,https://swordburst2.fandom.com/wiki/Tree,Krampus,31242,,,,TRUE,18%,,70%,0.5 - 1,,clean_legendaries,Easter Realm (2023),2026-09-19 02:35 UTC,2026-09-18T22:52:00Z
979,Trinity,Greatsword,,Rare,75,https://swordburst2.fandom.com/Special:Redirect/file/Trinity.png,https://swordburst2.fandom.com/wiki/Trinity,Formaug the Jungle Giant,824,1318,,,TRUE,18%,,,,,,,2026-09-19 02:35 UTC,2026-09-18T22:52:00Z
980,Tsumukari Muramasa,Katana,,Legendary,250,https://swordburst2.fandom.com/Special:Redirect/file/Tsumukari_Muramasa.png,https://swordburst2.fandom.com/wiki/Tsumukari_Muramasa,"*Headless Horseman(formerly) *Count Dracula, Vlad Tepes",11112,,,,TRUE,15%,10%,10%,,,,,2026-09-19 02:35 UTC,2026-09-18T22:52:00Z
981,Tsukuyomi,Longsword,,Legendary,200,https://swordburst2.fandom.com/Special:Redirect/file/Tsukuyomi.png,https://swordburst2.fandom.com/wiki/Tsukuyomi,Enraged Wendigo,7324,,,,TRUE,12%,8%,8%,0.5-1,1-2,clean_legendaries,Easter Realm (2023),2026-09-19 02:35 UTC,2026-09-18T22:52:00Z
982,Tsunami Blade,Greatsword,,Common,9,https://swordburst2.fandom.com/Special:Redirect/file/Tsunami_Blade.png,https://swordburst2.fandom.com/wiki/Tsunami_Blade,Novice Shop,19,26,,,TRUE,18%,,,,,,,2026-09-19 02:35 UTC,2026-09-18T22:52:00Z
983,Tundra Breaker,Greatsword,Limited Frozen Wonders Collection,Legendary,375,https://swordburst2.fandom.com/Special:Redirect/file/Tundra_Breaker.webp,https://swordburst2.fandom.com/wiki/Tundra_Breaker,Helmfirth Exclusive Shop,27350,54700,,,TRUE,38%,+24%,+46%,12-15,12-15,clean_legendaries,Fourteenth Edition,2026-09-19 02:35 UTC,2026-09-18T22:52:00Z
984,Tundra Plate,Armor,,Rare,205,https://swordburst2.fandom.com/Special:Redirect/file/Tundra_Plate.png,https://swordburst2.fandom.com/wiki/Tundra_Plate,Gift of Curiosity Color,,,98000,,TRUE,,+6%,+8%,,,,,2026-09-19 02:35 UTC,2026-09-18T22:52:00Z
985,Tundra Point,Longsword,Limited Frozen Wonders Collection,Tribute,440,https://swordburst2.fandom.com/Special:Redirect/file/Tundra_Point.webp,https://swordburst2.fandom.com/wiki/Tundra_Point,Helmfirth Exclusive Shop,39000,78000,,,TRUE,52%,+40%,+40%,50,30-40,tributes,Fourteenth Edition,2026-09-19 02:35 UTC,2026-09-18T22:52:00Z
986,Twilight's Dawn,Katana,Limited dark sword,Tribute,410,https://swordburst2.fandom.com/Special:Redirect/file/Twilight's_Dawn.png,https://swordburst2.fandom.com/wiki/Twilight's_Dawn,Helmfirth Exclusive Shop,33250,66500,,,TRUE,27%,+20%,+60%,25,15-20,tributes,Thirteenth Edition,2026-09-19 02:35 UTC,2026-09-18T22:52:00Z
987,TwinSpear,Spear,Limited,Uncommon,62,https://swordburst2.fandom.com/Special:Redirect/file/TwinSpear.png,https://swordburst2.fandom.com/wiki/TwinSpear,Dark Frost Goblin,870,,,,TRUE,21%,,,1,,misc,Winter Event,2026-09-19 02:35 UTC,2026-09-18T22:52:00Z
988,Twin Flash,Rapier,,Tribute,1,https://swordburst2.fandom.com/Special:Redirect/file/Twin_Flash.png,https://swordburst2.fandom.com/wiki/Twin_Flash,Gift of Recognition,Damaged based on level. +50 per level,,,,FALSE,15%,+25%,+25%,Untradeable,,tributes,Gift Hunt 2026,2026-09-19 02:35 UTC,2026-09-18T22:52:00Z
989,Umbra,Spear,Limited,Legendary,80,https://swordburst2.fandom.com/Special:Redirect/file/Umbra.png,https://swordburst2.fandom.com/wiki/Umbra,Gift of Trading,1600,,,,TRUE,21%,,,0.2-0.5,,clean_legendaries,Gift of Trading,2026-09-19 02:35 UTC,2026-09-18T22:52:00Z
990,Undead Ranger,Armor,,Rare,180,https://swordburst2.fandom.com/Special:Redirect/file/Undead_Ranger.png,https://swordburst2.fandom.com/wiki/Undead_Ranger,Cursed Skeleton,,,23380,32732,TRUE,,+11%,,,,,,2026-09-19 02:35 UTC,2026-09-18T22:52:00Z
991,Tyrant Revolver,Rapier,Angelic Theme,Legendary,380,https://swordburst2.fandom.com/Special:Redirect/file/Tyrant_Revolver_ico.webp,https://swordburst2.fandom.com/wiki/Tyrant_Revolver,Helmfirth Exclusive Shop,29000,58000,,,TRUE,40%,+56%,+32%,30-35,30-35,clean_legendaries,Fifteenth Edition,2026-09-19 02:35 UTC,2026-09-18T22:52:00Z
992,Universal Oblivion,Greatsword,Limited Merchant,Uncommon,24,https://swordburst2.fandom.com/Special:Redirect/file/Universal_Oblivion.png,https://swordburst2.fandom.com/wiki/Universal_Oblivion,Arcadia Exclusive Shop,105,147,,,TRUE,4%,+3%,+3%,1,1,misc,Seventh Edition,2026-09-19 02:35 UTC,2026-09-18T22:52:00Z
993,Unsealed Grandhammer,Greatsword,FL Limited (Hammer,Common,10,https://swordburst2.fandom.com/Special:Redirect/file/Unsealed_Grandhammer.png,https://swordburst2.fandom.com/wiki/Unsealed_Grandhammer,Eternal Domain Dungeon,+3 per level,,,,FALSE,5%,+3%,+3%,0.2 - 0.5,,misc,Easter Event,2026-09-19 02:35 UTC,2026-09-18T22:52:00Z
994,Vampire Vanquisher,Greatsword,Limited,Rare,70,https://swordburst2.fandom.com/Special:Redirect/file/Vampire_Vanquisher.png,https://swordburst2.fandom.com/wiki/Vampire_Vanquisher,Rotten Brute,1440,,,,TRUE,18%,-2%,3%,,,,,2026-09-19 02:35 UTC,2026-09-18T22:52:00Z
995,Valikaze,Katana,,Legendary,75,https://swordburst2.fandom.com/Special:Redirect/file/Valikaze.png,https://swordburst2.fandom.com/wiki/Valikaze,Formaug the Jungle Giant,902,1804,,,TRUE,15%,+3%,+4%,0.5-1,0.5,clean_legendaries,Floor 8,2026-09-19 02:35 UTC,2026-09-18T22:52:00Z
996,Vengeful Spirit,Longsword,,Rare,85,https://swordburst2.fandom.com/Special:Redirect/file/Vengeful_Spirit.png,https://swordburst2.fandom.com/wiki/Vengeful_Spirit,Crumbling Gargoyle,2000,,,,TRUE,12%,5%,5%,,,,,2026-09-19 02:35 UTC,2026-09-18T22:52:00Z
997,Velvet Cloak,Accessory,Cape,Rare,1,https://swordburst2.fandom.com/Special:Redirect/file/Velvet_Cloak.png,https://swordburst2.fandom.com/wiki/Velvet_Cloak,Burst Store,,,,,FALSE,,+12%,+3%,,,,,2026-09-19 02:35 UTC,2026-09-18T22:52:00Z
998,Vengeance Scaled Wraps,Armor,,Uncommon,62,https://swordburst2.fandom.com/Special:Redirect/file/Vengeance_Scaled_Wraps.png,https://swordburst2.fandom.com/wiki/Vengeance_Scaled_Wraps,Frogazoid,,,4399,6158,TRUE,,,,,,,,2026-09-19 02:35 UTC,2026-09-18T22:52:00Z
999,Vel Coin Shield,Accessory,Shield,Rare,50,https://swordburst2.fandom.com/Special:Redirect/file/Vel_Coin_Shield.png,https://swordburst2.fandom.com/wiki/Vel_Coin_Shield,*Quests *Gift of Riches,,,1100,,TRUE,,,+4%,,,,,2026-09-19 02:35 UTC,2026-09-18T22:52:00Z
1000,Vampiric Curse,Rapier,,Legendary,225,https://swordburst2.fandom.com/Special:Redirect/file/Vampiric_Curse.png,https://swordburst2.fandom.com/wiki/Vampiric_Curse,Headless Horseman,4569,9138,,,TRUE,11%,9%,9%,5,2-4,clean_legendaries,30-40 Prismatic Apex 2 Floria's Gift,2026-09-19 02:35 UTC,2026-09-18T22:52:00Z
1001,Vampirique,Armor,,Legendary,250,https://swordburst2.fandom.com/Special:Redirect/file/Vampirique.png,https://swordburst2.fandom.com/wiki/Vampirique,"*Count Dracula, Vlad Tepes (formerly) * Terror Incarnate",,,124600,,TRUE,,5%,5%,3-4,8-10,clean_legendaries,Easter Realm (2023),2026-09-19 02:35 UTC,2026-09-18T22:52:00Z
1002,Vanquished Tunic,Armor,,Legendary,285,https://swordburst2.fandom.com/Special:Redirect/file/F12_Armor9.png,https://swordburst2.fandom.com/wiki/Vanquished_Tunic,"C-618 Uriotol, The Forgotten Hunter",,,171894,240651,TRUE,,+9%,+9%,1,1,clean_legendaries,Floor 12,2026-09-19 02:35 UTC,2026-09-18T22:52:00Z
1003,Venom Etcher,Rapier,,Rare,65,https://swordburst2.fandom.com/Special:Redirect/file/Venom_Etcher.png,https://swordburst2.fandom.com/wiki/Venom_Etcher,Smashroom the Mushroom Behemoth,652,1043,,,TRUE,11%,,,,,,,2026-09-19 02:35 UTC,2026-09-18T22:52:00Z
1004,Vermillion Glory,Longsword,Limited,Legendary,400,https://swordburst2.fandom.com/Special:Redirect/file/Vermillion_Glory.png,https://swordburst2.fandom.com/wiki/Vermillion_Glory,Rekindled Unborn,25000,50000,,,TRUE,30%,32%,32%,1 - 1.5,1 - 1.5,clean_legendaries,Floor 6 / Undershroud,2026-09-19 02:35 UTC,2026-09-18T22:52:00Z
1005,Verdant Shield,Accessory,Wasteland Shield,Legendary,285,https://swordburst2.fandom.com/Special:Redirect/file/Verdant_Shield.png,https://swordburst2.fandom.com/wiki/Verdant_Shield,Suspended Unborn,,,32000,,TRUE,,+6%,+6%,1,,clean_legendaries,Floor 12,2026-09-19 02:35 UTC,2026-09-18T22:52:00Z
1006,Verdant Soul,Spear,,Rare,70,https://swordburst2.fandom.com/Special:Redirect/file/Verdant_Soul.png,https://swordburst2.fandom.com/wiki/Verdant_Soul,Rotten Brute,1440,,,,TRUE,21%,4%,-4%,,,,,2026-09-19 02:35 UTC,2026-09-18T22:52:00Z
1007,Verun,Greatsword,small>(Axe)</small,Rare,350,https://swordburst2.fandom.com/Special:Redirect/file/Verun.png,https://swordburst2.fandom.com/wiki/Verun,Eternal Blossom Knight,11915,,,,FALSE,18%,+16%,+16%,,,,,2026-09-19 02:35 UTC,2026-09-18T22:52:00Z
1008,Vestments Corrupted Armor,Armor,,Tribute,400,https://swordburst2.fandom.com/Special:Redirect/file/Vestments_Corrupted_Armor.webp,https://swordburst2.fandom.com/wiki/Vestments_Corrupted_Armor,Corrupted Atheon,,,527500,738500,TRUE,,+30%,+45%,10-15,10,tributes,Atheon's Realm,2026-09-19 02:35 UTC,2026-09-18T22:52:00Z
1009,Vigiliante's Armor,Armor,,Common,36,https://swordburst2.fandom.com/Special:Redirect/file/Vigiliante's_Armor.png,https://swordburst2.fandom.com/wiki/Vigiliante's_Armor,Advanced Shop,,,1470,2058,TRUE,,,,,,,,2026-09-19 02:35 UTC,2026-09-18T22:52:00Z
1010,Venomous Singularity,Longsword,,Legendary,330,https://swordburst2.fandom.com/Special:Redirect/file/Venomous_Singularity1.png,https://swordburst2.fandom.com/wiki/Venomous_Singularity,Skeletal Mage,+102 per level,,,,FALSE,16%,35%,50%,1,,clean_legendaries,Egg Realm (2025),2026-09-19 02:35 UTC,2026-09-18T22:52:00Z
1011,Villainous Tungsten Trident,Spear,,Rare,230,https://swordburst2.fandom.com/Special:Redirect/file/Villainous_Tungsten_Trident_Icon.png,https://swordburst2.fandom.com/wiki/Villainous_Tungsten_Trident,Elite Scav,4763,7620,,,TRUE,21%,+9%,+9%,,,,,2026-09-19 02:35 UTC,2026-09-18T22:52:00Z
1012,Violet Shadowreap,Scythe,,Rare,160,https://swordburst2.fandom.com/Special:Redirect/file/Violet_Shadowreap.png,https://swordburst2.fandom.com/wiki/Violet_Shadowreap,Armageddon Eagle,2300,,,,FALSE,18%,,+5%,,,,,2026-09-19 02:35 UTC,2026-09-18T22:52:00Z
1013,Vindicator,Longsword,,Rare,24,https://swordburst2.fandom.com/Special:Redirect/file/Vindicator.png,https://swordburst2.fandom.com/wiki/Vindicator,* Gorrock the Grove Protector (formerly) * Borik the BeeKeeper,145,232,,,TRUE,12%,,,,,,,2026-09-19 02:35 UTC,2026-09-18T22:52:00Z
1014,Vitreous,Rapier,,Uncommon,59,https://swordburst2.fandom.com/Special:Redirect/file/Vitreous.png,https://swordburst2.fandom.com/wiki/Vitreous,Firefly,584,817,,,TRUE,11%,,,,,,,2026-09-19 02:35 UTC,2026-09-18T22:52:00Z
1015,Void's Edge of Frost,Katana,Limited,Uncommon,45,https://swordburst2.fandom.com/Special:Redirect/file/Void's_Edge_of_Frost.png,https://swordburst2.fandom.com/wiki/Void's_Edge_of_Frost,Frostgre,500,,,,TRUE,15%,2%,2%,2-4,,misc,Winter Event,2026-09-19 02:35 UTC,2026-09-18T22:52:00Z
1016,Virulence,Longsword,,Legendary,200,https://swordburst2.fandom.com/Special:Redirect/file/Virulence.png,https://swordburst2.fandom.com/wiki/Virulence,"Za, the Eldest",3662,7324,,,TRUE,12%,6%,1%,5-6,5-6,clean_legendaries,Floor 11,2026-09-19 02:35 UTC,2026-09-18T22:52:00Z
1017,Voided Vengeance,Rapier,,Rare,170,https://swordburst2.fandom.com/Special:Redirect/file/Voided_Vengeance.png,https://swordburst2.fandom.com/wiki/Voided_Vengeance,Helmfirth Exclusive Shop,5600,8960,,,TRUE,15%,+5%,+8%,,,,,2026-09-19 02:35 UTC,2026-09-18T22:52:00Z
1018,Voided Embrace Shield,Accessory,Shield <small>()</small,Legendary,60,https://swordburst2.fandom.com/Special:Redirect/file/Voided_Embrace_Shield.png,https://swordburst2.fandom.com/wiki/Voided_Embrace_Shield,Frogazoid,,,925,,TRUE,,+3%,+4%,,,,,2026-09-19 02:35 UTC,2026-09-18T22:52:00Z
1019,Void Collider,Longsword,,Burst,250,https://swordburst2.fandom.com/Special:Redirect/file/Void_Collider.png,https://swordburst2.fandom.com/wiki/Void_Collider,Crystal Forge,5556,13890,,,TRUE,12%,6%,6%,,,,,2026-09-19 02:35 UTC,2026-09-18T22:52:00Z
1020,Voived Cloak,Armor,,Uncommon,220,https://swordburst2.fandom.com/Special:Redirect/file/F12_Armor2.png,https://swordburst2.fandom.com/wiki/Voived_Cloak,Newborn Abomination,,,67992,95188,TRUE,,+6%,+5%,,,,,2026-09-19 02:35 UTC,2026-09-18T22:52:00Z
1021,Voidripper,Rapier,,Rare,185,https://swordburst2.fandom.com/Special:Redirect/file/Voidripper.png,https://swordburst2.fandom.com/wiki/Voidripper,???????,3194,5110,,,TRUE,11%,+4%,+2%,,,,,2026-09-19 02:35 UTC,2026-09-18T22:52:00Z
1022,Vorpal Blade,Greatsword,,Rare,92,https://swordburst2.fandom.com/Special:Redirect/file/Vorpal_Blade.png,https://swordburst2.fandom.com/wiki/Vorpal_Blade,Guard Hound,1112,1779,,,TRUE,18%,,,,,,,2026-09-19 02:35 UTC,2026-09-18T22:52:00Z
1023,Void Paladin Shield,Accessory,Shield,Common,88,https://swordburst2.fandom.com/Special:Redirect/file/Void_Paladin_Shield.png,https://swordburst2.fandom.com/wiki/Void_Paladin_Shield,Transylvania Shop,,,1475,,TRUE,,+1%,+1%,,,,,2026-09-19 02:35 UTC,2026-09-18T22:52:00Z
1024,Volcanic Core,Accessory,Limited (Shield,Legendary,100,https://swordburst2.fandom.com/Special:Redirect/file/Volcanic_Core.png,https://swordburst2.fandom.com/wiki/Volcanic_Core,*Arcadia Exclusive Shop,,,2362,,TRUE,,+10%,+10%,2-3,,clean_legendaries,Seventh Edition,2026-09-19 02:35 UTC,2026-09-18T22:52:00Z
1025,Voltbrand,Longsword,Dagger <small>()</small,Legendary,50,https://swordburst2.fandom.com/Special:Redirect/file/Voltbrand.png,https://swordburst2.fandom.com/wiki/Voltbrand,Sa'jun the Centurian Chieftain,420,840,,,TRUE,12%,+5%,+5%,0.5-1,0.5-1,clean_legendaries,Floor 5,2026-09-19 02:35 UTC,2026-09-18T22:52:00Z
1026,Vortix,Spear,Limited Merchant (Limited,Rare,65,https://swordburst2.fandom.com/Special:Redirect/file/Vortix.png,https://swordburst2.fandom.com/wiki/Vortix,*Arcadia Exclusive Shop,710,1136,,,TRUE,23%,5%,5%,0.5-1,0.5-1,misc,Second Edition,2026-09-19 02:35 UTC,2026-09-18T22:52:00Z
1027,Volio,Rapier,Limited Merchant (Limited,Uncommon,40,https://swordburst2.fandom.com/Special:Redirect/file/Volio.png,https://swordburst2.fandom.com/wiki/Volio,*Arcadia Exclusive Shop,370,518,,,TRUE,20%,2%,2%,1-2,1-2,misc,Second Edition,2026-09-19 02:35 UTC,2026-09-18T22:52:00Z
1028,Wasp's Sting,Rapier,Limited,Legendary,250,https://swordburst2.fandom.com/Special:Redirect/file/Wasp's_Sting.png,https://swordburst2.fandom.com/wiki/Wasp's_Sting,Helmfirth Exclusive Shop,5800,11600,,,TRUE,21%,+10%,+16%,2-3,2,clean_legendaries,Eleventh Edition,2026-09-19 02:35 UTC,2026-09-18T22:52:00Z
1029,Water Bane,Longsword,,Uncommon,385,https://swordburst2.fandom.com/Special:Redirect/file/Water_Bane.png,https://swordburst2.fandom.com/wiki/Water_Bane,Cryptic Coelacanth,29212,40897,,,TRUE,12%,16%,16%,,,,,2026-09-19 02:35 UTC,2026-09-18T22:52:00Z
1030,Weeping Scythe,Scythe,FL Limited,Legendary,120,https://swordburst2.fandom.com/Special:Redirect/file/Weeping_Scythe.png,https://swordburst2.fandom.com/wiki/Weeping_Scythe,Eternal Domain Dungeon,+28 per level,,,,FALSE,16%,+15%,+15%,1,,clean_legendaries,Egg Realm (2025),2026-09-19 02:35 UTC,2026-09-18T22:52:00Z
1031,Whispering Slayer,Longsword,Attack on Titan (Limited,Legendary,300,https://swordburst2.fandom.com/Special:Redirect/file/Whispering_Slayer.png,https://swordburst2.fandom.com/wiki/Whispering_Slayer,*Helmfirth Exclusive Shop,11425,22850,,,TRUE,12%,+15%,+15%,3-4,3-4,clean_legendaries,Fourth Edition,2026-09-19 02:35 UTC,2026-09-18T22:52:00Z
1032,White Priest Robe,Armor,,Common,27,https://swordburst2.fandom.com/Special:Redirect/file/White_Priest_Robe.png,https://swordburst2.fandom.com/wiki/White_Priest_Robe,Angry Snowman,,,720,1008,TRUE,,,,,,,,2026-09-19 02:35 UTC,2026-09-18T22:52:00Z
1033,Whal Leather Cloak,Armor,Attire <small>()</small,Rare,25,https://swordburst2.fandom.com/Special:Redirect/file/Whal_Leather_Cloak.png,https://swordburst2.fandom.com/wiki/Whal_Leather_Cloak,Item Crystal (formerly),,,10,14,TRUE,,,,4-5,4-5,misc,Item Crystal,2026-09-19 02:35 UTC,2026-09-18T22:52:00Z
1034,Widow's Kiss,Katana,Da Kiss,Legendary,375,https://swordburst2.fandom.com/Special:Redirect/file/Widow's_Kiss.png,https://swordburst2.fandom.com/wiki/Widow's_Kiss,Rekindled Unborn,22000,44000,,,TRUE,25%,20%,20%,0.2 - 0.5,,clean_legendaries,Floor 6 / Undershroud,2026-09-19 02:35 UTC,2026-09-18T22:52:00Z
1035,Willow Spear,Spear,The Seven Deadly Sins (Limited,Rare,35,https://swordburst2.fandom.com/Special:Redirect/file/Willow_Spear.png,https://swordburst2.fandom.com/wiki/Willow_Spear,*Arcadia Exclusive Shop,348,556,,,TRUE,6%,+5%,+5%,1,1,misc,Fourth Edition,2026-09-19 02:35 UTC,2026-09-18T22:52:00Z
1036,Windshear,Greatsword,Limited Merchant (Limited,Rare,170,https://swordburst2.fandom.com/Special:Redirect/file/Windshear.png,https://swordburst2.fandom.com/wiki/Windshear,*Helmfirth Exclusive Shop,2900,4640,,,TRUE,20%,+4%,+4%,1,1,misc,Second Edition,2026-09-19 02:35 UTC,2026-09-18T22:52:00Z
1037,Winged Guard Armor,Armor,,Uncommon,24,https://swordburst2.fandom.com/Special:Redirect/file/Winged_Guard_Armor.png,https://swordburst2.fandom.com/wiki/Winged_Guard_Armor,Borik the BeeKeeper,,,493,,TRUE,,,,,,,,2026-09-19 02:35 UTC,2026-09-18T22:52:00Z
1038,Winter's Crescent,Scythe,Limited Frozen Wonders Collection,Legendary,400,https://swordburst2.fandom.com/Special:Redirect/file/Winter's_Crescent.webp,https://swordburst2.fandom.com/wiki/Winter's_Crescent,Helmfirth Exclusive Shop,30000,60000,,,TRUE,36%,+50%,+50%,15,15-20,clean_legendaries,Fourteenth Edition,2026-09-19 02:35 UTC,2026-09-18T22:52:00Z
1039,Winter's Sting,Rapier,Limited Merchant <small>()</small,Rare,180,https://swordburst2.fandom.com/Special:Redirect/file/Winter's_Sting.png,https://swordburst2.fandom.com/wiki/Winter's_Sting,Helmfirth Exclusive Shop,3051,4881,,,TRUE,8%,+5%,+5%,,,,,2026-09-19 02:35 UTC,2026-09-18T22:52:00Z
1040,Winter's Conquest,Greatsword,Limited,Rare,32,https://swordburst2.fandom.com/Special:Redirect/file/Winter’s_Conquest.png,https://swordburst2.fandom.com/wiki/Winter's_Conquest,Jolrock the Snow Protecter,294,470,,,TRUE,18%,+3%,+3%,8,6,misc,Winter Event,2026-09-19 02:35 UTC,2026-09-18T22:52:00Z
1041,Winter Merchant,Armor,Limited,Legendary,225,https://swordburst2.fandom.com/Special:Redirect/file/Winter_Merchant.png,https://swordburst2.fandom.com/wiki/Winter_Merchant,"Kloff, Marauder of the Frost",,,110000,,TRUE,,+8%,+8%,0.5 - 1,,clean_legendaries,Easter Realm (2023),2026-09-19 02:35 UTC,2026-09-18T22:52:00Z
1042,Winterbane,Scythe,Limited <small>()</small,Rare,75,https://swordburst2.fandom.com/Special:Redirect/file/Winterbane.png,https://swordburst2.fandom.com/wiki/Winterbane,Glacius Howler,1318,,,,TRUE,18%,-15%,+45%,0.5,,misc,Winter Event,2026-09-19 02:35 UTC,2026-09-18T22:52:00Z
1043,Winged Slicer,Scythe,Limited Merchant (Limited,Legendary,55,https://swordburst2.fandom.com/Special:Redirect/file/Winged_Slicer.png,https://swordburst2.fandom.com/wiki/Winged_Slicer,*Arcadia Exclusive Shop,580,1160,,,TRUE,30%,+5%,+8%,4-5,1,clean_legendaries,Third Edition,2026-09-19 02:35 UTC,2026-09-18T22:52:00Z
1044,Wisp Spear,Spear,,Uncommon,62,https://swordburst2.fandom.com/Special:Redirect/file/Wisp_Spear.png,https://swordburst2.fandom.com/wiki/Wisp_Spear,Frogazoid,617,863,,,TRUE,10%,,,,,,,2026-09-19 02:35 UTC,2026-09-18T22:52:00Z
1045,Wolf Leather Armor,Armor,,Common,7,https://swordburst2.fandom.com/Special:Redirect/file/Wolf_Leather_Armor.png,https://swordburst2.fandom.com/wiki/Wolf_Leather_Armor,Wolf,,,51,71,TRUE,,,,,,,,2026-09-19 02:35 UTC,2026-09-18T22:52:00Z
1046,Wood Mask,Accessory,Mask,Common,21,https://swordburst2.fandom.com/Special:Redirect/file/Wood_Mask.png,https://swordburst2.fandom.com/wiki/Wood_Mask,Pearl Guardian,,,,,FALSE,,+10%,,,,,,2026-09-19 02:35 UTC,2026-09-18T22:52:00Z
1047,Witherer,Greatsword,,Legendary,275,https://swordburst2.fandom.com/Special:Redirect/file/Witherer_Icon.png,https://swordburst2.fandom.com/wiki/Witherer,Limor the Devourer,9052,18104,,,TRUE,18%,+6%,+16%,1,1,clean_legendaries,Floor 12,2026-09-19 02:35 UTC,2026-09-18T22:52:00Z
1048,Wraith's Whisper,Longsword,Fate/stay Night (Limited,Legendary,350,https://swordburst2.fandom.com/Special:Redirect/file/Wraith's_Whisper.png,https://swordburst2.fandom.com/wiki/Wraith's_Whisper,*Helmfirth Exclusive Shop,20245,40490,,,TRUE,18%,+18%,+18%,3-4,3-4,clean_legendaries,Fourth Edition,2026-09-19 02:35 UTC,2026-09-18T22:52:00Z
1049,Worldslayer,Katana,,Legendary,150,https://swordburst2.fandom.com/Special:Redirect/file/Worldslayer.png,https://swordburst2.fandom.com/wiki/Worldslayer,"Da, the Demeanor",2168,4336,,,TRUE,15%,,+6%,1,1,clean_legendaries,Floor 11,2026-09-19 02:35 UTC,2026-09-18T22:52:00Z
1050,Wrapped Chainmail,Armor,,Common,7,https://swordburst2.fandom.com/Special:Redirect/file/Wrapped_Chainmail.png,https://swordburst2.fandom.com/wiki/Wrapped_Chainmail,Novice Shop,,,51,71,TRUE,,,,,,,,2026-09-19 02:35 UTC,2026-09-18T22:52:00Z
1051,Wrath of the Sea,Longsword,Limited,Legendary,200,https://swordburst2.fandom.com/Special:Redirect/file/Wrath_of_the_Sea.png,https://swordburst2.fandom.com/wiki/Wrath_of_the_Sea,Helmfirth Exclusive Shop,3400,6800,,,TRUE,15%,+6%,+6%,5-6,3-4,clean_legendaries,Eighth Edition,2026-09-19 02:35 UTC,2026-09-18T22:52:00Z
1052,X Striker,Longsword,,Uncommon,155,https://swordburst2.fandom.com/Special:Redirect/file/X_Striker.png,https://swordburst2.fandom.com/wiki/X_Striker,"*Watcher *Ra, the Enlightener (formerly)",2300,3220,,,TRUE,12%,+3%,,,,,,2026-09-19 02:35 UTC,2026-09-18T22:52:00Z
1053,Wrathful Tranquility,Spear,,Tribute,425,https://swordburst2.fandom.com/Special:Redirect/file/Wrathful_Tranquility.png,https://swordburst2.fandom.com/wiki/Wrathful_Tranquility,Corrupted Atheon,36400,,,,TRUE,40%,,,15-20,15,tributes,Atheon's Realm,2026-09-19 02:35 UTC,2026-09-18T22:52:00Z
1054,Xilphas,Katana,,Legendary,275,https://swordburst2.fandom.com/Special:Redirect/file/Xilphas_Icon.png,https://swordburst2.fandom.com/wiki/Xilphas,Radioactive Experiment,9052,18104,,,TRUE,15%,+4%,+18%,4,4,clean_legendaries,Floor 12,2026-09-19 02:35 UTC,2026-09-18T22:52:00Z
1055,Wooden Bulwark Shield,Accessory,Shield,Rare,50,https://swordburst2.fandom.com/Special:Redirect/file/Wooden_Bulwark_Shield.png,https://swordburst2.fandom.com/wiki/Wooden_Bulwark_Shield,Sa'jun the Centurian Chieftain,,,815,,TRUE,,+3%,+3%,,,,,2026-09-19 02:35 UTC,2026-09-18T22:52:00Z
1056,Yato's Calamity,Greatsword,Administrator Blade <small>()</small,Tribute,450,https://swordburst2.fandom.com/Special:Redirect/file/Yato's_Calamity.png,https://swordburst2.fandom.com/wiki/Yato's_Calamity,Rekindled Unborn,90000,,,,TRUE,35%,60%,60%,700-800,,tributes,Floor 6 / Undershroud,2026-09-19 02:35 UTC,2026-09-18T22:52:00Z
1057,Y Striker,Rapier,,Uncommon,155,https://swordburst2.fandom.com/Special:Redirect/file/Y_Striker.png,https://swordburst2.fandom.com/wiki/Y_Striker,Command Falcon,2300,3220,,,TRUE,11%,,+8%,,,,,2026-09-19 02:35 UTC,2026-09-18T22:52:00Z
1058,Yellow Cape,Accessory,Cape,Rare,1,https://swordburst2.fandom.com/Special:Redirect/file/Yellow_Cape.png,https://swordburst2.fandom.com/wiki/Yellow_Cape,Egg Mimic,,,,,FALSE,,3%,12%,,,,,2026-09-19 02:35 UTC,2026-09-18T22:52:00Z
1059,Yuletide's Malice,Longsword,,Rare,225,https://swordburst2.fandom.com/Special:Redirect/file/Yuletide's_Malice1.png,https://swordburst2.fandom.com/wiki/Yuletide's_Malice,Watcher,+31 per level,,,,FALSE,14%,+15%,+15%,,,,,2026-09-19 02:35 UTC,2026-09-18T22:52:00Z
1060,Yokai Rephaser,Katana,Limited Merchant (Limited,Tribute,400,https://swordburst2.fandom.com/Special:Redirect/file/Yokai_Rephaser.png,https://swordburst2.fandom.com/wiki/Yokai_Rephaser,Helmfirth Exclusive Shop,25000,50000,,,TRUE,35%,+45%,+45%,5,5,tributes,Third Edition,2026-09-19 02:35 UTC,2026-09-18T22:52:00Z
1061,Yami no Õzora,Greatsword,SL Limited,Tribute,350,https://swordburst2.fandom.com/Special:Redirect/file/Yami_no_Õzora.png,https://swordburst2.fandom.com/wiki/Yami_no_Õzora,Helmfirth Exclusive Shop,23500,47000,,,TRUE,40%,+45%,+45%,30,18,tributes,Tenth Edition,2026-09-19 02:35 UTC,2026-09-18T22:52:00Z
1062,Z Striker,Longsword,,Common,110,https://swordburst2.fandom.com/Special:Redirect/file/Z_Striker.png,https://swordburst2.fandom.com/wiki/Z_Striker,Reaper,1368,1915,,,TRUE,12%,,,,,,,2026-09-19 02:35 UTC,2026-09-18T22:52:00Z
1063,Zircon Buster,Greatsword,,Uncommon,62,https://swordburst2.fandom.com/Special:Redirect/file/Zircon_Buster.png,https://swordburst2.fandom.com/wiki/Zircon_Buster,Snapper,617,863,,,TRUE,18%,,,,,,,2026-09-19 02:35 UTC,2026-09-18T22:52:00Z
1064,Zaber Blade,Greatsword,,Uncommon,155,https://swordburst2.fandom.com/Special:Redirect/file/Zaber_Blade.png,https://swordburst2.fandom.com/wiki/Zaber_Blade,Elite Reaper,2300,3220,,,TRUE,18%,+4%,,,,,,2026-09-19 02:35 UTC,2026-09-18T22:52:00Z
1065,Mecha Shield,Accessory,Mecha Shield,Rare,200,https://swordburst2.fandom.com/Special:Redirect/file/Mecha_Shield.png,https://swordburst2.fandom.com/wiki/Mecha_Shield,Helmfirth Exclusive Shop,,,19000,,TRUE,,+9%,+9%,0.3-0.5,0.3-0.5,misc,Fourth Edition,2026-09-19 02:35 UTC,2026-09-18T22:52:00Z
1066,Gilded Slash,Scythe,,Tribute,65,https://swordburst2.fandom.com/Special:Redirect/file/Gilded_Slash.png,https://swordburst2.fandom.com/wiki/Gilded_Slash,Desolate Dunes,1500,3000,,,TRUE,20%,+25%,+25%,?,?,tributes,Floor 5,2026-09-19 02:35 UTC,2026-09-18T22:52:00Z
1067,Dragons Sight,Katana,,Tribute,450,https://swordburst2.fandom.com/Special:Redirect/file/Dragons_Sight.png,https://swordburst2.fandom.com/wiki/Dragons_Sight,Rekindled Unborn,41500,83000,,,TRUE,45%,+30%,+80%,?,?,tributes,Floor 6 / Undershroud,2026-09-19 02:35 UTC,2026-09-18T22:52:00Z
1068,Nuclear Sovereign,Spear,,Tribute,300,https://swordburst2.fandom.com/Special:Redirect/file/Nuclear_Sovereign.png,https://swordburst2.fandom.com/wiki/Nuclear_Sovereign,Warlord,12000,24000,,,TRUE,60%,,+70%,,,,,2026-09-19 02:35 UTC,2026-09-18T22:52:00Z
1069,Experimental Sovereign,Spear,,Tribute,300,https://swordburst2.fandom.com/Special:Redirect/file/Experimental_Sovereign.png,https://swordburst2.fandom.com/wiki/Experimental_Sovereign,Radioactive Experiment,12500,25000,,,TRUE,75%,+35%,+35%,,,,,2026-09-19 02:35 UTC,2026-09-18T22:52:00Z
1070,Infernal Sovereign,Spear,,Tribute,300,https://swordburst2.fandom.com/Special:Redirect/file/Infernal_Sovereign.png,https://swordburst2.fandom.com/wiki/Infernal_Sovereign,"C-618 Uriotol, The Forgotten Hunter",12500,25000,,,TRUE,60%,+70%,,,,,,2026-09-19 02:35 UTC,2026-09-18T22:52:00Z
1071,Radioactive Sovereign,Spear,,Tribute,300,https://swordburst2.fandom.com/Special:Redirect/file/Radioactive_Sovereign.png,https://swordburst2.fandom.com/wiki/Radioactive_Sovereign,Limor the Devourer,12500,25000,,,TRUE,75%,+35%,+35%,?,?,tributes,Floor 12,2026-09-19 02:35 UTC,2026-09-18T22:52:00Z
1072,Toxic Dragon,Companion,,,,https://swordburst2.fandom.com/Special:Redirect/file/Toxic_Dragon.png,,Dragon Pals,,,,,FALSE,,,,8,,accessories,Dragon Pals,2026-09-19 02:35 UTC,2026-09-18T22:52:00Z
1073,Frozen Dragon,Companion,,,,https://swordburst2.fandom.com/Special:Redirect/file/Frozen_Dragon.png,,Dragon Pals,,,,,FALSE,,,,10,,accessories,Dragon Pals,2026-09-19 02:35 UTC,2026-09-18T22:52:00Z
1074,Crimson Dragon,Companion,,,,https://swordburst2.fandom.com/Special:Redirect/file/Crimson_Dragon.png,,Dragon Pals,,,,,FALSE,,,,12-15,,accessories,Dragon Pals,2026-09-19 02:35 UTC,2026-09-18T22:52:00Z
1075,Enchanted Dragon,Companion,,,,https://swordburst2.fandom.com/Special:Redirect/file/Enchanted_Dragon.png,,Dragon Pals,,,,,FALSE,,,,20-24,,accessories,Dragon Pals,2026-09-19 02:35 UTC,2026-09-18T22:52:00Z
1076,Divine Dragon,Companion,,,,https://swordburst2.fandom.com/Special:Redirect/file/Divine_Dragon.png,,Dragon Pals,,,,,FALSE,,,,50-60,,accessories,Dragon Pals,2026-09-19 02:35 UTC,2026-09-18T22:52:00Z
1077,Void Dragon,Companion,,,,https://swordburst2.fandom.com/Special:Redirect/file/Void_Dragon.png,,Dragon Pals,,,,,FALSE,,,,60-70,,accessories,Dragon Pals,2026-09-19 02:35 UTC,2026-09-18T22:52:00Z
1078,Chocolate Bunny,Companion,,,,https://swordburst2.fandom.com/Special:Redirect/file/Chocolate_Bunny.png,,Bunny Pals,,,,,FALSE,,,,6-8,,accessories,Bunny Pals,2026-09-19 02:35 UTC,2026-09-18T22:52:00Z
1079,Snowy Bunny,Companion,,,,https://swordburst2.fandom.com/Special:Redirect/file/Snowy_Bunny.png,,Bunny Pals,,,,,FALSE,,,,15,,accessories,Bunny Pals,2026-09-19 02:35 UTC,2026-09-18T22:52:00Z
1080,Volcanic Bunny,Companion,,,,https://swordburst2.fandom.com/Special:Redirect/file/Volcanic_Bunny.png,,Bunny Pals,,,,,FALSE,,,,10,,accessories,Bunny Pals,2026-09-19 02:35 UTC,2026-09-18T22:52:00Z
1081,Phantom Bunny,Companion,,,,https://swordburst2.fandom.com/Special:Redirect/file/Phantom_Bunny.png,,Bunny Pals,,,,,FALSE,,,,20,,accessories,Bunny Pals,2026-09-19 02:35 UTC,2026-09-18T22:52:00Z
1082,Lovely Bunny,Companion,,,,https://swordburst2.fandom.com/Special:Redirect/file/Lovely_Bunny.png,,Bunny Pals,,,,,FALSE,,,,25,,accessories,Bunny Pals,2026-09-19 02:35 UTC,2026-09-18T22:52:00Z
1083,Godly Bunny,Companion,,,,https://swordburst2.fandom.com/Special:Redirect/file/Godly_Bunny.png,,Bunny Pals,,,,,FALSE,,,,60-70,,accessories,Bunny Pals,2026-09-19 02:35 UTC,2026-09-18T22:52:00Z
1084,Lebond Plushie,Companion,,,,https://swordburst2.fandom.com/Special:Redirect/file/Lebond_PLUSHIE.png,,Contributor Plushies,,,,,FALSE,,,,,,,,2026-09-19 02:35 UTC,2026-09-18T22:52:00Z
1085,Reizo Plushie,Companion,,,,https://swordburst2.fandom.com/Special:Redirect/file/Reizo_PLUSHIE.png,,Contributor Plushies,,,,,FALSE,,,,,,,,2026-09-19 02:35 UTC,2026-09-18T22:52:00Z
1086,Lone Plushie,Companion,,,,https://swordburst2.fandom.com/Special:Redirect/file/Lone_PLUSHIE.png,,Contributor Plushies,,,,,FALSE,,,,,,,,2026-09-19 02:35 UTC,2026-09-18T22:52:00Z
1087,Vieny Plushie,Companion,,,,https://swordburst2.fandom.com/Special:Redirect/file/Vieny_PLUSHIE.png,,Contributor Plushies,,,,,FALSE,,,,,,,,2026-09-19 02:35 UTC,2026-09-18T22:52:00Z
1088,Yato Plushie,Companion,,,,https://swordburst2.fandom.com/Special:Redirect/file/Yato_PLUSHIE.png,,Contributor Plushies,,,,,FALSE,,,,,,,,2026-09-19 02:35 UTC,2026-09-18T22:52:00Z
1089,BGM Plushie,Companion,,,,https://swordburst2.fandom.com/Special:Redirect/file/BGM_PLUSHIE.png,,Contributor Plushies,,,,,FALSE,,,,,,,,2026-09-19 02:35 UTC,2026-09-18T22:52:00Z
1090,Axio Plushie,Companion,,,,https://swordburst2.fandom.com/Special:Redirect/file/Axio_PLUSHIE.png,,Contributor Plushies,,,,,FALSE,,,,,,,,2026-09-19 02:35 UTC,2026-09-18T22:52:00Z
1091,Gray Fish,Companion,,,,https://swordburst2.fandom.com/Special:Redirect/file/Gray_Fish.png,,Fish Pals,,,,,FALSE,,,,5-6,,accessories,Fish Pals,2026-09-19 02:35 UTC,2026-09-18T22:52:00Z
1092,Blue Fish,Companion,,,,https://swordburst2.fandom.com/Special:Redirect/file/Blue_Fish.png,,Fish Pals,,,,,FALSE,,,,10-15,,accessories,Fish Pals,2026-09-19 02:35 UTC,2026-09-18T22:52:00Z
1093,Yellow Fish,Companion,,,,https://swordburst2.fandom.com/Special:Redirect/file/Yellow_Fish.png,,Fish Pals,,,,,FALSE,,,,10,,accessories,Fish Pals,2026-09-19 02:35 UTC,2026-09-18T22:52:00Z
1094,Lovely Fish,Companion,,,,https://swordburst2.fandom.com/Special:Redirect/file/Lovely_Fish.png,,Fish Pals,,,,,FALSE,,,,25-30,,accessories,Fish Pals,2026-09-19 02:35 UTC,2026-09-18T22:52:00Z
1095,Deep Sea Fish,Companion,,,,https://swordburst2.fandom.com/Special:Redirect/file/Deep_Sea_Fish.png,,Fish Pals,,,,,FALSE,,,,15,,accessories,Fish Pals,2026-09-19 02:35 UTC,2026-09-18T22:52:00Z
1096,Crimson Fish,Companion,,,,https://swordburst2.fandom.com/Special:Redirect/file/Crimson_Fish.png,,Fish Pals,,,,,FALSE,,,,30-35,,accessories,Fish Pals,2026-09-19 02:35 UTC,2026-09-18T22:52:00Z
1097,Rainbow Fish,Companion,,,,https://swordburst2.fandom.com/Special:Redirect/file/Rainbow_Fish.png,,Fish Pals,,,,,FALSE,,,,800,,accessories,Fish Pals,2026-09-19 02:35 UTC,2026-09-18T22:52:00Z
1098,Nature Kitsune,Companion,,,,https://swordburst2.fandom.com/Special:Redirect/file/Nature_Kitsune.png,,Kitsune Pals,,,,,FALSE,,,,,,,,2026-09-19 02:35 UTC,2026-09-18T22:52:00Z
1099,Lightning Kitsune,Companion,,,,https://swordburst2.fandom.com/Special:Redirect/file/Lightning_Kitsune.png,,Kitsune Pals,,,,,FALSE,,,,,,,,2026-09-19 02:35 UTC,2026-09-18T22:52:00Z
1100,Sakura Kitsune,Companion,,,,https://swordburst2.fandom.com/Special:Redirect/file/Sakura_Kitsune.png,,Kitsune Pals,,,,,FALSE,,,,,,,,2026-09-19 02:35 UTC,2026-09-18T22:52:00Z
1101,Light Kitsune,Companion,,,,https://swordburst2.fandom.com/Special:Redirect/file/Light_Kitsune.png,,Kitsune Pals,,,,,FALSE,,,,,,,,2026-09-19 02:35 UTC,2026-09-18T22:52:00Z
1102,Snow Kitsune,Companion,,,,https://swordburst2.fandom.com/Special:Redirect/file/Snow_Kitsune.png,,Kitsune Pals,,,,,FALSE,,,,,,,,2026-09-19 02:35 UTC,2026-09-18T22:52:00Z
1103,Crimson Kitsune,Companion,,,,https://swordburst2.fandom.com/Special:Redirect/file/Crimson_Kitsune.png,,Kitsune Pals,,,,,FALSE,,,,,,,,2026-09-19 02:35 UTC,2026-09-18T22:52:00Z
1104,THING,Companion,,,,https://swordburst2.fandom.com/Special:Redirect/file/THING.png,,Kitsune Pals,,,,,FALSE,,,,,,,,2026-09-19 02:35 UTC,2026-09-18T22:52:00Z
1105,Mini Atheon,Companion,,,,https://swordburst2.fandom.com/Special:Redirect/file/Mini_Atheon.png,,Atheon,,,,,FALSE,,,,25-30,,tributes,Atheon's Realm,2026-09-19 02:35 UTC,2026-09-18T22:52:00Z
1106,Heartstruck Bear,Companion,,,,https://swordburst2.fandom.com/Special:Redirect/file/Heartstruck_Bear.png,,Broken Bearus,,,,,FALSE,,,,,,,,2026-09-19 02:35 UTC,2026-09-18T22:52:00Z
1107,Glorp,Companion,,,,https://swordburst2.fandom.com/Special:Redirect/file/Glorp.png,,From BGM,,,,,FALSE,,,,,,,,2026-09-19 02:35 UTC,2026-09-18T22:52:00Z
1108,Hellfire Pumpkin,Companion,,,,https://swordburst2.fandom.com/Special:Redirect/file/Hellfire_Pumpkin.png,,Crystal Forge,,,,,FALSE,,,,,,,,2026-09-19 02:35 UTC,2026-09-18T22:52:00Z
1109,Sleepy,Aura,,,,https://swordburst2.fandom.com/Special:Redirect/file/Sleepy_Aura.png,,Slumber Chest,,,,,FALSE,,,,3-4,,accessories,Head Gears N/A Untradeable,2026-09-19 02:35 UTC,2026-09-18T22:52:00Z
1110,Butcher's Glory,Longsword,Dagger,Legendary,375,https://swordburst2.fandom.com/Special:Redirect/file/Butcher's_Glory.png,https://swordburst2.fandom.com/wiki/Butcher's_Glory,The Waiter,22450,44900,,,TRUE,12%,+20%,+20%,0.5-1,0.5-1,clean_legendaries,- Rotational Floors -,2026-09-19 02:35 UTC,2026-09-18T22:52:00Z
1111,Chef's Embrace,Accessory,Helmet,Legendary,400,https://swordburst2.fandom.com/Special:Redirect/file/Chef's_Embrace.png,https://swordburst2.fandom.com/wiki/Chef's_Embrace,"Ramseis, Chef of Souls",,,140000,,TRUE,,+37%,+5%,1,,clean_legendaries,- Rotational Floors -,2026-09-19 02:35 UTC,2026-09-18T22:52:00Z
1112,Vyroth's Breath,Katana,Limited Merchant,Rare,275,https://swordburst2.fandom.com/Special:Redirect/file/Vyroth's_Breath.png,https://swordburst2.fandom.com/wiki/Vyroth's_Breath,Helmfirth Exclusive Shop,7498,11996,,,TRUE,16%,+9%,+9%,4-5,4-5,misc,Seventh Edition,2026-09-19 02:35 UTC,2026-09-18T22:52:00Z
1113,Catastrophic Devastation,Spear,Limited Merchant,Rare,250,https://swordburst2.fandom.com/Special:Redirect/file/Catastrophic_Devastation.png,https://swordburst2.fandom.com/wiki/Catastrophic_Devastation,Helmfirth Exclusive Shop,5931,9489,,,TRUE,15%,+8%,+8%,2-4,2-4,misc,Seventh Edition,2026-09-19 02:35 UTC,2026-09-18T22:52:00Z
1114,Cerulean Rebellion,Rapier,Cyberpunk (Limited Merchant,Rare,250,https://swordburst2.fandom.com/Special:Redirect/file/Cereulean_Rebellion.png,https://swordburst2.fandom.com/wiki/Cerulean_Rebellion,Helmfirth Exclusive Shop,5910,9456,,,TRUE,15%,+8%,+8%,0.1 - 0.2,0.1 - 0.2,misc,Sixth Edition,2026-09-19 02:35 UTC,2026-09-18T22:52:00Z
1115,Mecha Javelin,Spear,Mecha Limited,Rare,200,https://swordburst2.fandom.com/Special:Redirect/file/Mecha_Javelin.png,https://swordburst2.fandom.com/wiki/Mecha_Javelin,Helmfirth Exclusive Shop,3900,6240,,,TRUE,18%,+9%,+9%,0.3-0.7,0.3-0.7,misc,Fourth Edition,2026-09-19 02:35 UTC,2026-09-18T22:52:00Z
1116,Polychrome Dimension,Aura,,,,https://swordburst2.fandom.com/Special:Redirect/file/Polychrome_Dimension.png,,Astral Fury Aura Chest,,,,,FALSE,,,,1 - 1.5,,auras,Idol Star Bundle 500 Arising Star,2026-09-19 02:35 UTC,2026-09-18T22:52:00Z
1117,Cosmic flow,Aura,,,,https://swordburst2.fandom.com/Special:Redirect/file/Cosmic_Flow.png,,Astral Fury Aura Chest,,,,,FALSE,,,,1 - 1.5,,auras,Idol Star Bundle 500 Arising Star,2026-09-19 02:35 UTC,2026-09-18T22:52:00Z
1118,Starfury,Aura,,,,https://swordburst2.fandom.com/Special:Redirect/file/Starfury.png,,Astral Fury Aura Chest,,,,,FALSE,,,,1 - 1.5,,auras,Idol Star Bundle 500 Arising Star,2026-09-19 02:35 UTC,2026-09-18T22:52:00Z
1119,Astral Speckle,Aura,,,,https://swordburst2.fandom.com/Special:Redirect/file/Astral_Speckle.png,,Astral Fury Aura Chest,,,,,FALSE,,,,1 - 1.5,,auras,Idol Star Bundle 500 Arising Star,2026-09-19 02:35 UTC,2026-09-18T22:52:00Z
1120,Energetic Nebula,Aura,,,,https://swordburst2.fandom.com/Special:Redirect/file/Energetic_Nebula.png,,Astral Fury Aura Chest,,,,,FALSE,,,,1 - 1.5,,auras,Idol Star Bundle 500 Arising Star,2026-09-19 02:35 UTC,2026-09-18T22:52:00Z
1121,Heated Nebula,Aura,,,,https://swordburst2.fandom.com/Special:Redirect/file/Heated_Nebula.png,,Astral Fury Aura Chest,,,,,FALSE,,,,1 - 1.5,,auras,Idol Star Bundle 500 Arising Star,2026-09-19 02:35 UTC,2026-09-18T22:52:00Z
1122,Aroma Halo,Aura,,,,https://swordburst2.fandom.com/Special:Redirect/file/Aroma_Halo.png,,Sky Garden Aura Chest,,,,,FALSE,,,,1 - 1.5,,auras,Idol Star Bundle 500 Arising Star,2026-09-19 02:35 UTC,2026-09-18T22:52:00Z
1123,Gilded Leaf,Aura,,,,https://swordburst2.fandom.com/Special:Redirect/file/Gilded_Leaf.png,,Sky Garden Aura Chest,,,,,FALSE,,,,1 - 1.5,,auras,Idol Star Bundle 500 Arising Star,2026-09-19 02:35 UTC,2026-09-18T22:52:00Z
1124,Floral Gust,Aura,,,,https://swordburst2.fandom.com/Special:Redirect/file/Floral_Gust.png,,Sky Garden Aura Chest,,,,,FALSE,,,,1 - 1.5,,auras,Idol Star Bundle 500 Arising Star,2026-09-19 02:35 UTC,2026-09-18T22:52:00Z
1125,Cleansing Star,Aura,,,,https://swordburst2.fandom.com/Special:Redirect/file/Cleansing_Star.png,,Sky Garden Aura Chest,,,,,FALSE,,,,1 - 1.5,,auras,Idol Star Bundle 500 Arising Star,2026-09-19 02:35 UTC,2026-09-18T22:52:00Z
1126,Cloud,Aura,,,,https://swordburst2.fandom.com/Special:Redirect/file/Cloud.png,,Sky Garden Aura Chest,,,,,FALSE,,,,1 - 1.5,,auras,Idol Star Bundle 500 Arising Star,2026-09-19 02:35 UTC,2026-09-18T22:52:00Z
1127,Featherweight,Aura,,,,https://swordburst2.fandom.com/Special:Redirect/file/Featherweight.png,,Sky Garden Aura Chest,,,,,FALSE,,,,1 - 1.5,,auras,Idol Star Bundle 500 Arising Star,2026-09-19 02:35 UTC,2026-09-18T22:52:00Z
1128,Dark Viral,Aura,,,,https://swordburst2.fandom.com/Special:Redirect/file/Dark_Viral.png,,Hostile World Aura Chest,,,,,FALSE,,,,1 - 1.5,,auras,Idol Star Bundle 500 Arising Star,2026-09-19 02:35 UTC,2026-09-18T22:52:00Z
1129,Frostbite,Aura,,,,https://swordburst2.fandom.com/Special:Redirect/file/Frostbite.png,,Hostile World Aura Chest,,,,,FALSE,,,,1 - 1.5,,auras,Idol Star Bundle 500 Arising Star,2026-09-19 02:35 UTC,2026-09-18T22:52:00Z
1130,Bloodlust,Aura,,,,https://swordburst2.fandom.com/Special:Redirect/file/Bloodlust.png,,Hostile World Aura Chest,,,,,FALSE,,,,1 - 1.5,,auras,Idol Star Bundle 500 Arising Star,2026-09-19 02:35 UTC,2026-09-18T22:52:00Z
1131,Reactive Speckle,Aura,,,,https://swordburst2.fandom.com/Special:Redirect/file/Reactive_Speckle.png,,Hostile World Aura Chest,,,,,FALSE,,,,1 - 1.5,,auras,Idol Star Bundle 500 Arising Star,2026-09-19 02:35 UTC,2026-09-18T22:52:00Z
1132,Gold Edge,Aura,,,,https://swordburst2.fandom.com/Special:Redirect/file/Gold_Edge.png,,Hostile World Aura Chest,,,,,FALSE,,,,1 - 1.5,,auras,Idol Star Bundle 500 Arising Star,2026-09-19 02:35 UTC,2026-09-18T22:52:00Z
1133,Red Spore,Aura,,,,https://swordburst2.fandom.com/Special:Redirect/file/Red_Spore.png,,Hostile World Aura Chest,,,,,FALSE,,,,1 - 1.5,,auras,Idol Star Bundle 500 Arising Star,2026-09-19 02:35 UTC,2026-09-18T22:52:00Z
1134,Candy Cane,Aura,,,,https://swordburst2.fandom.com/Special:Redirect/file/Candy_Cane.png,,Winter Season Aura Chest,,,,,FALSE,,,,1 - 1.5,,auras,Idol Star Bundle 500 Arising Star,2026-09-19 02:35 UTC,2026-09-18T22:52:00Z
1135,Chilling Snowflake,Aura,,,,https://swordburst2.fandom.com/Special:Redirect/file/Chilling_Snowflake.png,,Winter Season Aura Chest,,,,,FALSE,,,,1 - 1.5,,auras,Idol Star Bundle 500 Arising Star,2026-09-19 02:35 UTC,2026-09-18T22:52:00Z
1136,Coal Studded,Aura,,,,https://swordburst2.fandom.com/Special:Redirect/file/Coal_Studded.png,,Winter Season Aura Chest,,,,,FALSE,,,,1 - 1.5,,auras,Idol Star Bundle 500 Arising Star,2026-09-19 02:35 UTC,2026-09-18T22:52:00Z
1137,Holiday Swirl,Aura,,,,https://swordburst2.fandom.com/Special:Redirect/file/Holiday_Swirl.png,,Winter Season Aura Chest,,,,,FALSE,,,,1 - 1.5,,auras,Idol Star Bundle 500 Arising Star,2026-09-19 02:35 UTC,2026-09-18T22:52:00Z
1138,Polychrome Snowflakes,Aura,,,,https://swordburst2.fandom.com/Special:Redirect/file/Polychrome_Snowflakes.png,,Winter Season Aura Chest,,,,,FALSE,,,,,,,,2026-09-19 02:35 UTC,2026-09-18T22:52:00Z
1139,Holiday Spirit,Aura,,,,https://swordburst2.fandom.com/Special:Redirect/file/Holiday_Spirit.png,,Winter Season Aura Chest,,,,,FALSE,,,,1 - 1.5,,auras,Idol Star Bundle 500 Arising Star,2026-09-19 02:35 UTC,2026-09-18T22:52:00Z
1140,Jack O' Lantern,Aura,,,,https://swordburst2.fandom.com/Special:Redirect/file/Jack_O'_Lantern.png,,Fall Season Chest,,,,,FALSE,,,,1 - 1.5,,auras,Idol Star Bundle 500 Arising Star,2026-09-19 02:35 UTC,2026-09-18T22:52:00Z
1141,Crimson Echoes,Aura,,,,https://swordburst2.fandom.com/Special:Redirect/file/Crimson_Echoes.png,,Fall Season Chest,,,,,FALSE,,,,1 - 1.5,,auras,Idol Star Bundle 500 Arising Star,2026-09-19 02:35 UTC,2026-09-18T22:52:00Z
1142,Sun Spot,Aura,,,,https://swordburst2.fandom.com/Special:Redirect/file/Sun_Spot.png,,Fall Season Chest,,,,,FALSE,,,,1 - 1.5,,auras,Idol Star Bundle 500 Arising Star,2026-09-19 02:35 UTC,2026-09-18T22:52:00Z
1143,Autumn Leaves,Aura,,,,https://swordburst2.fandom.com/Special:Redirect/file/Autumn_Leaves.png,,Fall Season Chest,,,,,FALSE,,,,1 - 1.5,,auras,Idol Star Bundle 500 Arising Star,2026-09-19 02:35 UTC,2026-09-18T22:52:00Z
1144,Treat,Aura,,,,https://swordburst2.fandom.com/Special:Redirect/file/Treat.png,,Fall Season Chest,,,,,FALSE,,,,1 - 1.5,,auras,Idol Star Bundle 500 Arising Star,2026-09-19 02:35 UTC,2026-09-18T22:52:00Z
1145,Deep Dread,Aura,,,,https://swordburst2.fandom.com/Special:Redirect/file/Deep_Dread.png,,Fall Season Chest,,,,,FALSE,,,,1 - 1.5,,auras,Idol Star Bundle 500 Arising Star,2026-09-19 02:35 UTC,2026-09-18T22:52:00Z
1146,Confetti,Aura,,,,https://swordburst2.fandom.com/Special:Redirect/file/Confetti.png,,Release Celebration Aura Chest,,,,,FALSE,,,,1 - 1.5,,auras,Idol Star Bundle 500 Arising Star,2026-09-19 02:35 UTC,2026-09-18T22:52:00Z
1147,Music,Aura,,,,https://swordburst2.fandom.com/Special:Redirect/file/Music.png,,Release Celebration Aura Chest,,,,,FALSE,,,,1 - 1.5,,auras,Idol Star Bundle 500 Arising Star,2026-09-19 02:35 UTC,2026-09-18T22:52:00Z
1148,Heart,Aura,,,,https://swordburst2.fandom.com/Special:Redirect/file/Heart.png,,Release Celebration Aura Chest,,,,,FALSE,,,,1 - 1.5,,auras,Idol Star Bundle 500 Arising Star,2026-09-19 02:35 UTC,2026-09-18T22:52:00Z
1149,Petal,Aura,,,,https://swordburst2.fandom.com/Special:Redirect/file/Petal.png,,Release Celebration Aura Chest,,,,,FALSE,,,,1 - 1.5,,auras,Idol Star Bundle 500 Arising Star,2026-09-19 02:35 UTC,2026-09-18T22:52:00Z
1150,Gold Dust,Aura,,,,https://swordburst2.fandom.com/Special:Redirect/file/Gold_Dust.png,,Release Celebration Aura Chest,,,,,FALSE,,,,1 - 1.5,,auras,Idol Star Bundle 500 Arising Star,2026-09-19 02:35 UTC,2026-09-18T22:52:00Z
1151,Flower,Aura,,,,https://swordburst2.fandom.com/Special:Redirect/file/Flower.png,,Release Celebration Aura Chest,,,,,FALSE,,,,1 - 1.5,,auras,Idol Star Bundle 500 Arising Star,2026-09-19 02:35 UTC,2026-09-18T22:52:00Z
1152,Infernal,Aura,,,,https://swordburst2.fandom.com/Special:Redirect/file/Infernal.png,,Early Access Aura Chest,,,,,FALSE,,,,N/A,,auras,Idol Star Bundle 500 Arising Star,2026-09-19 02:35 UTC,2026-09-18T22:52:00Z
1153,Cursed Flame,Aura,,,,https://swordburst2.fandom.com/Special:Redirect/file/Cursed_Flame.png,,Early Access Aura Chest,,,,,FALSE,,,,N/A,,auras,Idol Star Bundle 500 Arising Star,2026-09-19 02:35 UTC,2026-09-18T22:52:00Z
1154,Galactic,Aura,,,,https://swordburst2.fandom.com/Special:Redirect/file/Galactic.png,,Early Access Aura Chest,,,,,FALSE,,,,N/A,,auras,Idol Star Bundle 500 Arising Star,2026-09-19 02:35 UTC,2026-09-18T22:52:00Z
1155,Moonlit Crescent,Aura,,,,https://swordburst2.fandom.com/Special:Redirect/file/Moonlit_Crescent.png,,Early Access Aura Chest,,,,,FALSE,,,,N/A,,auras,Idol Star Bundle 500 Arising Star,2026-09-19 02:35 UTC,2026-09-18T22:52:00Z
1156,Dark Polychrome,Aura,,,,https://swordburst2.fandom.com/Special:Redirect/file/Dark_Polychrome.png,,Early Access Aura Chest,,,,,FALSE,,,,N/A,,auras,Idol Star Bundle 500 Arising Star,2026-09-19 02:35 UTC,2026-09-18T22:52:00Z
1157,Yellow Shock,Aura,,,,https://swordburst2.fandom.com/Special:Redirect/file/Yellow_Shock.png,,Early Access Aura Chest,,,,,FALSE,,,,N/A,,auras,Idol Star Bundle 500 Arising Star,2026-09-19 02:35 UTC,2026-09-18T22:52:00Z
1158,Orange Body Aura,Body Aura,Body,,,https://swordburst2.fandom.com/Special:Redirect/file/Orange_Body_Aura.png,,Body Aura Chest,,,,,FALSE,,,,,,,,2026-09-19 02:35 UTC,2026-09-18T22:52:00Z
1159,Blue Body Aura,Body Aura,Body,,,https://swordburst2.fandom.com/Special:Redirect/file/Blue_Body_Aura.png,,Body Aura Chest,,,,,FALSE,,,,,,,,2026-09-19 02:35 UTC,2026-09-18T22:52:00Z
1160,Green Body Aura,Body Aura,Body,,,https://swordburst2.fandom.com/Special:Redirect/file/Green_Body_Aura.png,,Body Aura Chest,,,,,FALSE,,,,,,,,2026-09-19 02:35 UTC,2026-09-18T22:52:00Z
1161,Purple Body Aura,Body Aura,Body,,,https://swordburst2.fandom.com/Special:Redirect/file/Purple_Body_Aura.png,,Body Aura Chest,,,,,FALSE,,,,,,,,2026-09-19 02:35 UTC,2026-09-18T22:52:00Z
1162,Red Body Aura,Body Aura,Body,,,https://swordburst2.fandom.com/Special:Redirect/file/Red_Body_Aura.png,,Body Aura Chest,,,,,FALSE,,,,,,,,2026-09-19 02:35 UTC,2026-09-18T22:52:00Z
1163,Bat Body Aura,Body Aura,Body,,,https://swordburst2.fandom.com/Special:Redirect/file/Bat_Body_Aura.png,,Body Aura Chest,,,,,FALSE,,,,,,,,2026-09-19 02:35 UTC,2026-09-18T22:52:00Z
1164,Inner Workings,Aura,,,,https://swordburst2.fandom.com/Special:Redirect/file/Innerworkings.png,,Sprite Chest,,,,,FALSE,,,,,,,,2026-09-19 02:35 UTC,2026-09-18T22:52:00Z
1165,Pollen,Aura,,,,https://swordburst2.fandom.com/Special:Redirect/file/Pollen.png,,Sprite Chest,,,,,FALSE,,,,1 - 1.5,,auras,Idol Star Bundle 500 Arising Star,2026-09-19 02:35 UTC,2026-09-18T22:52:00Z
1166,Cross,Aura,,,,https://swordburst2.fandom.com/Special:Redirect/file/Cross.png,,Sprite Chest,,,,,FALSE,,,,1 - 1.5,,auras,Idol Star Bundle 500 Arising Star,2026-09-19 02:35 UTC,2026-09-18T22:52:00Z
1167,1up,Aura,,,,https://swordburst2.fandom.com/Special:Redirect/file/1-Up.png,,Sprite Chest,,,,,FALSE,,,,1 - 1.5,,auras,Idol Star Bundle 500 Arising Star,2026-09-19 02:35 UTC,2026-09-18T22:52:00Z
1168,Ghastly,Aura,,,,https://swordburst2.fandom.com/Special:Redirect/file/Ghastly.png,,Sprite Chest,,,,,FALSE,,,,1 - 1.5,,auras,Idol Star Bundle 500 Arising Star,2026-09-19 02:35 UTC,2026-09-18T22:52:00Z
1169,Angelic,Aura,,,,https://swordburst2.fandom.com/Special:Redirect/file/Angelic.png,,Sprite Chest,,,,,FALSE,,,,1 - 1.5,,auras,Idol Star Bundle 500 Arising Star,2026-09-19 02:35 UTC,2026-09-18T22:52:00Z
1170,Blue Halo Body Aura,Body Aura,Body,,,https://swordburst2.fandom.com/Special:Redirect/file/Blue_Halo_Body_Aura.png,,Halo Body Aura Chest,,,,,FALSE,,,,,,,,2026-09-19 02:35 UTC,2026-09-18T22:52:00Z
1171,Green/Aqua Halo Body Aura,Body Aura,Body,,,https://swordburst2.fandom.com/Special:Redirect/file/Green_Halo_Body_Aura.png,,Halo Body Aura Chest,,,,,FALSE,,,,,,,,2026-09-19 02:35 UTC,2026-09-18T22:52:00Z
1172,Orange Halo Body Aura,Body Aura,Body,,,https://swordburst2.fandom.com/Special:Redirect/file/Orange_Halo_Body_Aura.png,,Halo Body Aura Chest,,,,,FALSE,,,,,,,,2026-09-19 02:35 UTC,2026-09-18T22:52:00Z
1173,Pink Halo Body Aura,Body Aura,Body,,,https://swordburst2.fandom.com/Special:Redirect/file/Pink_Halo_Body_Aura.png,,Halo Body Aura Chest,,,,,FALSE,,,,,,,,2026-09-19 02:35 UTC,2026-09-18T22:52:00Z
1174,Yellow Halo Body Aura,Body Aura,Body,,,https://swordburst2.fandom.com/Special:Redirect/file/Yellow_Halo_Body_Aura.png,,Halo Body Aura Chest,,,,,FALSE,,,,,,,,2026-09-19 02:35 UTC,2026-09-18T22:52:00Z
1175,White Halo Body Aura,Body Aura,Body,,,https://swordburst2.fandom.com/Special:Redirect/file/White_Halo_Body_Aura.png,,Halo Body Aura Chest,,,,,FALSE,,,,,,,,2026-09-19 02:35 UTC,2026-09-18T22:52:00Z
1176,Blue Sparkle Body Aura,Body Aura,Body,,,https://swordburst2.fandom.com/Special:Redirect/file/Blue_Sparkle_Body_Aura.png,,Sparkle Body Aura Chest,,,,,FALSE,,,,,,,,2026-09-19 02:35 UTC,2026-09-18T22:52:00Z
1177,Green Sparkle Body Aura,Body Aura,Body,,,https://swordburst2.fandom.com/Special:Redirect/file/Green_Sparkle_Body_Aura.png,,Sparkle Body Aura Chest,,,,,FALSE,,,,,,,,2026-09-19 02:35 UTC,2026-09-18T22:52:00Z
1178,Orange Sparkle Body Aura,Body Aura,Body,,,https://swordburst2.fandom.com/Special:Redirect/file/Orange_Sparkle_Body_Aura.png,,Sparkle Body Aura Chest,,,,,FALSE,,,,,,,,2026-09-19 02:35 UTC,2026-09-18T22:52:00Z
1179,Pink Sparkle Body Aura,Body Aura,Body,,,https://swordburst2.fandom.com/Special:Redirect/file/Pink_Sparkle_Body_Aura.png,,Sparkle Body Aura Chest,,,,,FALSE,,,,,,,,2026-09-19 02:35 UTC,2026-09-18T22:52:00Z
1180,Yellow Sparkle Body Aura,Body Aura,Body,,,https://swordburst2.fandom.com/Special:Redirect/file/Yellow_Sparkle_Body_Aura.png,,Sparkle Body Aura Chest,,,,,FALSE,,,,,,,,2026-09-19 02:35 UTC,2026-09-18T22:52:00Z
1181,White Sparkle Body Aura.png,Body Aura,Body,,,https://swordburst2.fandom.com/Special:Redirect/file/White_Sparkle_Body_Aura.png,,Sparkle Body Aura Chest,,,,,FALSE,,,,,,,,2026-09-19 02:35 UTC,2026-09-18T22:52:00Z
1182,Night Shade,Aura,,,,https://swordburst2.fandom.com/Special:Redirect/file/Night_Shade.png,,Bamboozle Chest,,,,,FALSE,,,,1 - 1.5,,auras,Idol Star Bundle 500 Arising Star,2026-09-19 02:35 UTC,2026-09-18T22:52:00Z
1183,Digital Pixel,Aura,,,,https://swordburst2.fandom.com/Special:Redirect/file/Digital_Pixel.png,,Bamboozle Chest,,,,,FALSE,,,,1 - 1.5,,auras,Idol Star Bundle 500 Arising Star,2026-09-19 02:35 UTC,2026-09-18T22:52:00Z
1184,Electric,Aura,,,,https://swordburst2.fandom.com/Special:Redirect/file/Electric.png,,Bamboozle Chest,,,,,FALSE,,,,1 - 1.5,,auras,Idol Star Bundle 500 Arising Star,2026-09-19 02:35 UTC,2026-09-18T22:52:00Z
1185,Sparkle Dust,Aura,,,,https://swordburst2.fandom.com/Special:Redirect/file/Sparkle_Dust.png,,Bamboozle Chest,,,,,FALSE,,,,1 - 1.5,,auras,Idol Star Bundle 500 Arising Star,2026-09-19 02:35 UTC,2026-09-18T22:52:00Z
1186,Rainbow Mist,Aura,,,,https://swordburst2.fandom.com/Special:Redirect/file/Rainbow_Mist.png,,Bamboozle Chest,,,,,FALSE,,,,1 - 1.5,,auras,Idol Star Bundle 500 Arising Star,2026-09-19 02:35 UTC,2026-09-18T22:52:00Z
1187,Polychrome,Aura,,,,https://swordburst2.fandom.com/Special:Redirect/file/Polychrome.png,,Bamboozle Chest,,,,,FALSE,,,,1 - 1.5,,auras,Idol Star Bundle 500 Arising Star,2026-09-19 02:35 UTC,2026-09-18T22:52:00Z
1188,Bubble Pop,Aura,,,,https://swordburst2.fandom.com/Special:Redirect/file/Bubble_Pop.png,,Bamboozle II Chest,,,,,FALSE,,,,1 - 1.5,,auras,Idol Star Bundle 500 Arising Star,2026-09-19 02:35 UTC,2026-09-18T22:52:00Z
1189,Angelic Butterfly,Aura,,,,https://swordburst2.fandom.com/Special:Redirect/file/Angelic_Butterfly.png,,Bamboozle II Chest,,,,,FALSE,,,,1 - 1.5,,auras,Idol Star Bundle 500 Arising Star,2026-09-19 02:35 UTC,2026-09-18T22:52:00Z
1190,Evil Observer,Aura,,,,https://swordburst2.fandom.com/Special:Redirect/file/Evil_Observer.png,,Bamboozle II Chest,,,,,FALSE,,,,1 - 1.5,,auras,Idol Star Bundle 500 Arising Star,2026-09-19 02:35 UTC,2026-09-18T22:52:00Z
1191,Hex,Aura,,,,https://swordburst2.fandom.com/Special:Redirect/file/Hex.png,,Bamboozle II Chest,,,,,FALSE,,,,1 - 1.5,,auras,Idol Star Bundle 500 Arising Star,2026-09-19 02:35 UTC,2026-09-18T22:52:00Z
1192,Negative Matter,Aura,,,,https://swordburst2.fandom.com/Special:Redirect/file/Negative_Matter.png,,Bamboozle II Chest,,,,,FALSE,,,,1 - 1.5,,auras,Idol Star Bundle 500 Arising Star,2026-09-19 02:35 UTC,2026-09-18T22:52:00Z
1193,Aesthetic Mist,Aura,,,,https://swordburst2.fandom.com/Special:Redirect/file/Aesthetic_Mist.png,,Bamboozle II Chest,,,,,FALSE,,,,1 - 1.5,,auras,Idol Star Bundle 500 Arising Star,2026-09-19 02:35 UTC,2026-09-18T22:52:00Z
1194,XTox,Aura,,,,https://swordburst2.fandom.com/Special:Redirect/file/XTox.png,,Community Chest A,,,,,FALSE,,,,,,,,2026-09-19 02:35 UTC,2026-09-18T22:52:00Z
1195,Grit,Aura,,,,https://swordburst2.fandom.com/Special:Redirect/file/Grit.png,,Community Chest A,,,,,FALSE,,,,,,,,2026-09-19 02:35 UTC,2026-09-18T22:52:00Z
1196,X-Citing,Aura,,,,https://swordburst2.fandom.com/Special:Redirect/file/X-Citing.png,,Community Chest A,,,,,FALSE,,,,,,,,2026-09-19 02:35 UTC,2026-09-18T22:52:00Z
1197,Snow Mist,Aura,,,,https://swordburst2.fandom.com/Special:Redirect/file/Snow_Mist.png,,Community Chest A,,,,,FALSE,,,,,,,,2026-09-19 02:35 UTC,2026-09-18T22:52:00Z
1198,Antique Light,Aura,,,,https://swordburst2.fandom.com/Special:Redirect/file/Antique_Light.png,,Community Chest A,,,,,FALSE,,,,,,,,2026-09-19 02:35 UTC,2026-09-18T22:52:00Z
1199,Astra Starlight,Aura,,,,https://swordburst2.fandom.com/Special:Redirect/file/Astra_Starlight.png,,Community Chest A,,,,,FALSE,,,,,,,,2026-09-19 02:35 UTC,2026-09-18T22:52:00Z
1200,Chromatic Aberration,Aura,,,,https://swordburst2.fandom.com/Special:Redirect/file/Chromatic_Aberration.png,,Community Chest B,,,,,FALSE,,,,,,,,2026-09-19 02:35 UTC,2026-09-18T22:52:00Z
1201,Lushflame,Aura,,,,https://swordburst2.fandom.com/Special:Redirect/file/Lushflame.png,,Community Chest B,,,,,FALSE,,,,,,,,2026-09-19 02:35 UTC,2026-09-18T22:52:00Z
1202,Blue Rainbow,Aura,,,,https://swordburst2.fandom.com/Special:Redirect/file/Blue_Rainbow.png,,Community Chest B,,,,,FALSE,,,,,,,,2026-09-19 02:35 UTC,2026-09-18T22:52:00Z
1203,Shadow Flame,Aura,,,,https://swordburst2.fandom.com/Special:Redirect/file/Shadow_Flame.png,,Community Chest B,,,,,FALSE,,,,,,,,2026-09-19 02:35 UTC,2026-09-18T22:52:00Z
1204,Stardust,Aura,,,,https://swordburst2.fandom.com/Special:Redirect/file/Stardust.png,,Community Chest B,,,,,FALSE,,,,,,,,2026-09-19 02:35 UTC,2026-09-18T22:52:00Z
1205,Void Depth,Aura,,,,https://swordburst2.fandom.com/Special:Redirect/file/Void_Depth.png,,Community Chest B,,,,,FALSE,,,,,,,,2026-09-19 02:35 UTC,2026-09-18T22:52:00Z
1206,Alluring Starlight,Aura,,,,https://swordburst2.fandom.com/Special:Redirect/file/Alluring_Starlight.png,,Void Chest,,,,,FALSE,,,,,,,,2026-09-19 02:35 UTC,2026-09-18T22:52:00Z
1207,Skyval,Aura,,,,https://swordburst2.fandom.com/Special:Redirect/file/Skyval.png,,Void Chest,,,,,FALSE,,,,,,,,2026-09-19 02:35 UTC,2026-09-18T22:52:00Z
1208,Spectral Dust,Aura,,,,https://swordburst2.fandom.com/Special:Redirect/file/Spectral_Dust.png,,Void Chest,,,,,FALSE,,,,,,,,2026-09-19 02:35 UTC,2026-09-18T22:52:00Z
1209,Chroma Bubble,Aura,,,,https://swordburst2.fandom.com/Special:Redirect/file/Chroma_Bubble.png,,Void Chest,,,,,FALSE,,,,,,,,2026-09-19 02:35 UTC,2026-09-18T22:52:00Z
1210,Gala Nova,Aura,,,,https://swordburst2.fandom.com/Special:Redirect/file/Gala_Nova.png,,Void Chest,,,,,FALSE,,,,,,,,2026-09-19 02:35 UTC,2026-09-18T22:52:00Z
1211,Hazy Anaglyph,Aura,,,,https://swordburst2.fandom.com/Special:Redirect/file/Hazy_Anaglyph.png,,Void Chest,,,,,FALSE,,,,,,,,2026-09-19 02:35 UTC,2026-09-18T22:52:00Z
1212,Campfire,Aura,,,,https://swordburst2.fandom.com/Special:Redirect/file/Campfire.png,,Summer Chest,,,,,FALSE,,,,20,,auras,General,2026-09-19 02:35 UTC,2026-09-18T22:52:00Z
1213,Abyssal Flame,Aura,,,,https://swordburst2.fandom.com/Special:Redirect/file/Abyssal_Flame.png,,Summer Chest,,,,,FALSE,,,,30-40,,auras,General,2026-09-19 02:35 UTC,2026-09-18T22:52:00Z
1214,Fireworks,Aura,,,,https://swordburst2.fandom.com/Special:Redirect/file/Fireworks.png,,Summer Chest,,,,,FALSE,,,,7,,auras,General,2026-09-19 02:35 UTC,2026-09-18T22:52:00Z
1215,Fireflies,Aura,,,,https://swordburst2.fandom.com/Special:Redirect/file/Fireflies.png,,Summer Chest,,,,,FALSE,,,,,,,,2026-09-19 02:35 UTC,2026-09-18T22:52:00Z
1216,Thunderstorm,Aura,,,,https://swordburst2.fandom.com/Special:Redirect/file/Thunderstorm.png,,Summer Chest,,,,,FALSE,,,,20-23,,auras,General,2026-09-19 02:35 UTC,2026-09-18T22:52:00Z
1217,Solar,Aura,,,,https://swordburst2.fandom.com/Special:Redirect/file/Solar.png,,Summer Chest,,,,,FALSE,,,,10-14,,auras,General,2026-09-19 02:35 UTC,2026-09-18T22:52:00Z
1218,Sunflare,Aura,,,,https://swordburst2.fandom.com/Special:Redirect/file/Sunflare.png,,Polarized Chest,,,,,FALSE,,,,,,,,2026-09-19 02:35 UTC,2026-09-18T22:52:00Z
1219,Azure Sky,Aura,,,,https://swordburst2.fandom.com/Special:Redirect/file/Azure_Sky.png,,Polarized Chest,,,,,FALSE,,,,,,,,2026-09-19 02:35 UTC,2026-09-18T22:52:00Z
1220,Shimmering Light,Aura,,,,https://swordburst2.fandom.com/Special:Redirect/file/Dim_Lights.png,,Polarized Chest,,,,,FALSE,,,,,,,,2026-09-19 02:35 UTC,2026-09-18T22:52:00Z
1221,Cosmical,Aura,,,,https://swordburst2.fandom.com/Special:Redirect/file/Cosmical.png,,Polarized Chest,,,,,FALSE,,,,,,,,2026-09-19 02:35 UTC,2026-09-18T22:52:00Z
1222,Aetheral Cage,Aura,,,,https://swordburst2.fandom.com/Special:Redirect/file/Aetheral_Cage.png,,Polarized Chest,,,,,FALSE,,,,,,,,2026-09-19 02:35 UTC,2026-09-18T22:52:00Z
1223,Flow,Aura,,,,https://swordburst2.fandom.com/Special:Redirect/file/Flow.png,,Polarized Chest,,,,,FALSE,,,,,,,,2026-09-19 02:35 UTC,2026-09-18T22:52:00Z
1224,Feline Glare,Aura,,,,https://swordburst2.fandom.com/Special:Redirect/file/Feline_Glare.png,,Spooky Chest (Halloween),,,,,FALSE,,,,10,,auras,General,2026-09-19 02:35 UTC,2026-09-18T22:52:00Z
1225,Ghostly Apparition,Aura,,,,https://swordburst2.fandom.com/Special:Redirect/file/Ghostly_Apparition.png,,Spooky Chest (Halloween),,,,,FALSE,,,,25,,auras,General,2026-09-19 02:35 UTC,2026-09-18T22:52:00Z
1226,Malevolent Webs,Aura,,,,https://swordburst2.fandom.com/Special:Redirect/file/Malevolent_Webs.png,,Spooky Chest (Halloween),,,,,FALSE,,,,11-13,,auras,General,2026-09-19 02:35 UTC,2026-09-18T22:52:00Z
1227,Crescent Sky,Aura,,,,https://swordburst2.fandom.com/Special:Redirect/file/Crescent_Sky.png,,Spooky Chest (Halloween),,,,,FALSE,,,,8,,auras,General,2026-09-19 02:35 UTC,2026-09-18T22:52:00Z
1228,Phantasmagoric Bats,Aura,,,,https://swordburst2.fandom.com/Special:Redirect/file/Phantasmagoric_Bats.png,,Spooky Chest (Halloween),,,,,FALSE,,,,45-50,,auras,General,2026-09-19 02:35 UTC,2026-09-18T22:52:00Z
1229,Demonic,Aura,,,,https://swordburst2.fandom.com/Special:Redirect/file/Demonic.png,,Spooky Chest (Halloween),,,,,FALSE,,,,25,,auras,General,2026-09-19 02:35 UTC,2026-09-18T22:52:00Z
1230,Heart's Content,Aura,,,,https://swordburst2.fandom.com/Special:Redirect/file/Heart's_Content.png,,Rosemary Chest,,,,,FALSE,,,,25,,auras,General,2026-09-19 02:35 UTC,2026-09-18T22:52:00Z
1231,Valentine Essence,Aura,,,,https://swordburst2.fandom.com/Special:Redirect/file/Valentine_Essence.png,,Rosemary Chest,,,,,FALSE,,,,15-16,,auras,General,2026-09-19 02:35 UTC,2026-09-18T22:52:00Z
1232,Ruby Delight,Aura,,,,https://swordburst2.fandom.com/Special:Redirect/file/Ruby_Delight.png,,Rosemary Chest,,,,,FALSE,,,,10,,auras,General,2026-09-19 02:35 UTC,2026-09-18T22:52:00Z
1233,Sweetheart,Aura,,,,https://swordburst2.fandom.com/Special:Redirect/file/Sweetheart.png,,Rosemary Chest,,,,,FALSE,,,,,,,,2026-09-19 02:35 UTC,2026-09-18T22:52:00Z
1234,Wickedheart,Aura,,,,https://swordburst2.fandom.com/Special:Redirect/file/Wickedheart.png,,Rosemary Chest,,,,,FALSE,,,,25-30,,auras,General,2026-09-19 02:35 UTC,2026-09-18T22:52:00Z
1235,Love Struck,Aura,,,,https://swordburst2.fandom.com/Special:Redirect/file/Love_Struck.png,,Rosemary Chest,,,,,FALSE,,,,,,,,2026-09-19 02:35 UTC,2026-09-18T22:52:00Z
1236,Flake Flurry,Aura,,,,https://swordburst2.fandom.com/Special:Redirect/file/Flake_Flurry.png,,Frost Chest,,,,,FALSE,,,,20-22,,auras,General,2026-09-19 02:35 UTC,2026-09-18T22:52:00Z
1237,Flash Freeze,Aura,,,,https://swordburst2.fandom.com/Special:Redirect/file/Flash_Freeze.png,,Frost Chest,,,,,FALSE,,,,6-8,,auras,General,2026-09-19 02:35 UTC,2026-09-18T22:52:00Z
1238,Golden Glint,Aura,,,,https://swordburst2.fandom.com/Special:Redirect/file/Golden_Glint.png,,Frost Chest,,,,,FALSE,,,,35-40,,auras,General,2026-09-19 02:35 UTC,2026-09-18T22:52:00Z
1239,Party Explosion,Aura,,,,https://swordburst2.fandom.com/Special:Redirect/file/Party_Explosion.png,,Frost Chest,,,,,FALSE,,,,40,,auras,General,2026-09-19 02:35 UTC,2026-09-18T22:52:00Z
1240,Candied Aurora,Aura,,,,https://swordburst2.fandom.com/Special:Redirect/file/Candied_Aurora.png,,Frost Chest,,,,,FALSE,,,,6-7,,auras,General,2026-09-19 02:35 UTC,2026-09-18T22:52:00Z
1241,Peppermint Swirl,Aura,,,,https://swordburst2.fandom.com/Special:Redirect/file/Peppermint_Swirl.png,,Frost Chest,,,,,FALSE,,,,40-45,,auras,General,2026-09-19 02:35 UTC,2026-09-18T22:52:00Z
1242,Rose,Aura,,,,https://swordburst2.fandom.com/Special:Redirect/file/Rose.png,,Heart Chest,,,,,FALSE,,,,,,,,2026-09-19 02:35 UTC,2026-09-18T22:52:00Z
1243,Heartwarmth,Aura,,,,https://swordburst2.fandom.com/Special:Redirect/file/Heartwarmth.png,,Heart Chest,,,,,FALSE,,,,,,,,2026-09-19 02:35 UTC,2026-09-18T22:52:00Z
1244,Wandering Love,Aura,,,,https://swordburst2.fandom.com/Special:Redirect/file/Wandering_Love.png,,Heart Chest,,,,,FALSE,,,,,,,,2026-09-19 02:35 UTC,2026-09-18T22:52:00Z
1245,Chocolate,Aura,,,,https://swordburst2.fandom.com/Special:Redirect/file/Chocolate.png,,Heart Chest,,,,,FALSE,,,,,,,,2026-09-19 02:35 UTC,2026-09-18T22:52:00Z
1246,Spiral Love,Aura,,,,https://swordburst2.fandom.com/Special:Redirect/file/Spiral_Love.png,,Heart Chest,,,,,FALSE,,,,,,,,2026-09-19 02:35 UTC,2026-09-18T22:52:00Z
1247,Soul,Aura,,,,https://swordburst2.fandom.com/Special:Redirect/file/Soul.png,,Heart Chest,,,,,FALSE,,,,,,,,2026-09-19 02:35 UTC,2026-09-18T22:52:00Z
1248,Pure Dream,Aura,,,,https://swordburst2.fandom.com/Special:Redirect/file/Pure_Dream.png,,Slumber Chest,,,,,FALSE,,,,6-8,,auras,General,2026-09-19 02:35 UTC,2026-09-18T22:52:00Z
1249,Sweet Fantasy,Aura,,,,https://swordburst2.fandom.com/Special:Redirect/file/Sweet_Fantasy.png,,Slumber Chest,,,,,FALSE,,,,35-40,,auras,General,2026-09-19 02:35 UTC,2026-09-18T22:52:00Z
1250,Scarlet Memory,Aura,,,,https://swordburst2.fandom.com/Special:Redirect/file/Scarlet_Memory.png,,Slumber Chest,,,,,FALSE,,,,18-20,,auras,General,2026-09-19 02:35 UTC,2026-09-18T22:52:00Z
1251,Umbral Nightmare,Aura,,,,https://swordburst2.fandom.com/Special:Redirect/file/Umbral_Nightmare.png,,Slumber Chest,,,,,FALSE,,,,8,,auras,General,2026-09-19 02:35 UTC,2026-09-18T22:52:00Z
1252,Treacherous Dream,Aura,,,,https://swordburst2.fandom.com/Special:Redirect/file/Treacherous_Dream.png,,Slumber Chest,,,,,FALSE,,,,25-27,,auras,General,2026-09-19 02:35 UTC,2026-09-18T22:52:00Z
1253,Clover,Aura,,,,https://swordburst2.fandom.com/Special:Redirect/file/Spring_Season_Aura_1.png,,Spring Season Chest,,,,,FALSE,,,,20-22,,auras,General,2026-09-19 02:35 UTC,2026-09-18T22:52:00Z
1254,Swirl,Aura,,,,https://swordburst2.fandom.com/Special:Redirect/file/Spring_Season_Aura_2.png,,Spring Season Chest,,,,,FALSE,,,,18-20,,auras,General,2026-09-19 02:35 UTC,2026-09-18T22:52:00Z
1255,Bunny Spirit,Aura,,,,https://swordburst2.fandom.com/Special:Redirect/file/Spring_Season_Aura_3.png,,Spring Season Chest,,,,,FALSE,,,,30,,auras,General,2026-09-19 02:35 UTC,2026-09-18T22:52:00Z
1256,Egg Shine,Aura,,,,https://swordburst2.fandom.com/Special:Redirect/file/Spring_Season_Aura_4.png,,Spring Season Chest,,,,,FALSE,,,,30-40,,auras,General,2026-09-19 02:35 UTC,2026-09-18T22:52:00Z
1257,Hallowed Easter,Aura,,,,https://swordburst2.fandom.com/Special:Redirect/file/Spring_Season_Aura_5.png,,Spring Season Chest,,,,,FALSE,,,,15,,auras,General,2026-09-19 02:35 UTC,2026-09-18T22:52:00Z
1258,Pastel Halo,Aura,,,,https://swordburst2.fandom.com/Special:Redirect/file/Spring_Season_Aura_6.png,,Spring Season Chest,,,,,FALSE,,,,30,,auras,General,2026-09-19 02:35 UTC,2026-09-18T22:52:00Z
1259,Shoreshells aura,Aura,,,,https://swordburst2.fandom.com/Special:Redirect/file/Summer_Y2_Aura_1.png,,Summer Y2 Chest,,,,,FALSE,,,,,,,,2026-09-19 02:35 UTC,2026-09-18T22:52:00Z
1260,Dawning Sunlight aura,Aura,,,,https://swordburst2.fandom.com/Special:Redirect/file/Summer_Y2_Aura_2.png,,Summer Y2 Chest,,,,,FALSE,,,,,,,,2026-09-19 02:35 UTC,2026-09-18T22:52:00Z
1261,Flowing Tides aura,Aura,,,,https://swordburst2.fandom.com/Special:Redirect/file/Summer_Y2_Aura_3.png,,Summer Y2 Chest,,,,,FALSE,,,,,,,,2026-09-19 02:35 UTC,2026-09-18T22:52:00Z
1262,Starry Blast aura,Aura,,,,https://swordburst2.fandom.com/Special:Redirect/file/Summer_Y2_Aura_4.png,,Summer Y2 Chest,,,,,FALSE,,,,,,,,2026-09-19 02:35 UTC,2026-09-18T22:52:00Z
1263,Sunflare Eclipse aura,Aura,,,,https://swordburst2.fandom.com/Special:Redirect/file/Summer_Y2_Aura_5.png,,Summer Y2 Chest,,,,,FALSE,,,,,,,,2026-09-19 02:35 UTC,2026-09-18T22:52:00Z
1264,Sunshine aura,Aura,,,,https://swordburst2.fandom.com/Special:Redirect/file/Summer_Y2_Aura_6.png,,Summer Y2 Chest,,,,,FALSE,,,,,,,,2026-09-19 02:35 UTC,2026-09-18T22:52:00Z
1265,Corrupting Void,Body Aura,Body,,,https://swordburst2.fandom.com/Special:Redirect/file/Lost_Arts_Body_Aura_1.png,,Lost Arts Body Aura Chest,,,,,FALSE,,,,35-40,,auras,Idol Star Bundle 500 Arising Star,2026-09-19 02:35 UTC,2026-09-18T22:52:00Z
1266,Chroma,Body Aura,Body,,,https://swordburst2.fandom.com/Special:Redirect/file/Lost_Arts_Body_Aura_2.png,,Lost Arts Body Aura Chest,,,,,FALSE,,,,20-25,,auras,Idol Star Bundle 500 Arising Star,2026-09-19 02:35 UTC,2026-09-18T22:52:00Z
1267,Enchanted Snowstorm,Body Aura,Body,,,https://swordburst2.fandom.com/Special:Redirect/file/Lost_Arts_Body_Aura_3.png,,Lost Arts Body Aura Chest,,,,,FALSE,,,,20,,auras,Idol Star Bundle 500 Arising Star,2026-09-19 02:35 UTC,2026-09-18T22:52:00Z
1268,Crimson Curse,Body Aura,Body,,,https://swordburst2.fandom.com/Special:Redirect/file/Lost_Arts_Body_Aura_4.png,,Lost Arts Body Aura Chest,,,,,FALSE,,,,60-70,,auras,Idol Star Bundle 500 Arising Star,2026-09-19 02:35 UTC,2026-09-18T22:52:00Z
1269,Galaxy Heart,Body Aura,Body,,,https://swordburst2.fandom.com/Special:Redirect/file/Lost_Arts_Body_Aura_5.png,,Lost Arts Body Aura Chest,,,,,FALSE,,,,40,,auras,Idol Star Bundle 500 Arising Star,2026-09-19 02:35 UTC,2026-09-18T22:52:00Z
1270,Golden,Body Aura,Body,,,https://swordburst2.fandom.com/Special:Redirect/file/Lost_Arts_Body_Aura_6.png,,Lost Arts Body Aura Chest,,,,,FALSE,,,,40-45,,auras,Idol Star Bundle 500 Arising Star,2026-09-19 02:35 UTC,2026-09-18T22:52:00Z
1271,Kite Conflict,Aura,,,,https://swordburst2.fandom.com/Special:Redirect/file/Kite_Conflict.png,,Geo Chest,,,,,FALSE,,,,,,,,2026-09-19 02:35 UTC,2026-09-18T22:52:00Z
1272,Ashened Crescent,Aura,,,,https://swordburst2.fandom.com/Special:Redirect/file/Ash_Crescents.png,,Geo Chest,,,,,FALSE,,,,,,,,2026-09-19 02:35 UTC,2026-09-18T22:52:00Z
1273,Digitize,Aura,,,,https://swordburst2.fandom.com/Special:Redirect/file/Digitize.png,,Geo Chest,,,,,FALSE,,,,,,,,2026-09-19 02:35 UTC,2026-09-18T22:52:00Z
1274,Wishscape,Aura,,,,https://swordburst2.fandom.com/Special:Redirect/file/Wishscape.png,,Geo Chest,,,,,FALSE,,,,,,,,2026-09-19 02:35 UTC,2026-09-18T22:52:00Z
1275,Solar Halo,Aura,,,,https://swordburst2.fandom.com/Special:Redirect/file/Solar_Halo.png,,Geo Chest,,,,,FALSE,,,,,,,,2026-09-19 02:35 UTC,2026-09-18T22:52:00Z
1276,Void Codec,Aura,,,,https://swordburst2.fandom.com/Special:Redirect/file/Void_Codec.png,,Geo Chest,,,,,FALSE,,,,,,,,2026-09-19 02:35 UTC,2026-09-18T22:52:00Z
1277,Immortality,Aura,,,,https://swordburst2.fandom.com/Special:Redirect/file/Immortality.png,,Elysian Authorities Chest,,,,,FALSE,,,,3,,auras,General,2026-09-19 02:35 UTC,2026-09-18T22:52:00Z
1278,Eternal Void,Aura,,,,https://swordburst2.fandom.com/Special:Redirect/file/EternalVoid.png,,Elysian Authorities Chest,,,,,FALSE,,,,6,,auras,General,2026-09-19 02:35 UTC,2026-09-18T22:52:00Z
1279,Arcane Rose,Aura,,,,https://swordburst2.fandom.com/Special:Redirect/file/Arcanerose.png,,Elysian Authorities Chest,,,,,FALSE,,,,5,,auras,General,2026-09-19 02:35 UTC,2026-09-18T22:52:00Z
1280,Tempest Wrath,Aura,,,,https://swordburst2.fandom.com/Special:Redirect/file/Tempestwrath.png,,Elysian Authorities Chest,,,,,FALSE,,,,8-9,,auras,General,2026-09-19 02:35 UTC,2026-09-18T22:52:00Z
1281,Cosmorium,Aura,,,,https://swordburst2.fandom.com/Special:Redirect/file/Cosmorium.png,,Elysian Authorities Chest,,,,,FALSE,,,,7-8,,auras,General,2026-09-19 02:35 UTC,2026-09-18T22:52:00Z
1282,Vengeful Darkness,Aura,,,,https://swordburst2.fandom.com/Special:Redirect/file/Vengefuldarkness.png,,Elysian Authorities Chest,,,,,FALSE,,,,12-14,,auras,General,2026-09-19 02:35 UTC,2026-09-18T22:52:00Z
1283,Gusting Wind,Aura,,,,https://swordburst2.fandom.com/Special:Redirect/file/Gusting_WInd.png,,Chaotic Convergence Chest,,,,,FALSE,,,,,,,,2026-09-19 02:35 UTC,2026-09-18T22:52:00Z
1284,Chromatic Dust,Aura,,,,https://swordburst2.fandom.com/Special:Redirect/file/Chromatic_Dust.png,,Chaotic Convergence Chest,,,,,FALSE,,,,,,,,2026-09-19 02:35 UTC,2026-09-18T22:52:00Z
1285,Reality Shatter,Aura,,,,https://swordburst2.fandom.com/Special:Redirect/file/Reality_Shatter.png,,Chaotic Convergence Chest,,,,,FALSE,,,,,,,,2026-09-19 02:35 UTC,2026-09-18T22:52:00Z
1286,Singularity Point,Aura,,,,https://swordburst2.fandom.com/Special:Redirect/file/Singularity_Point.png,,Chaotic Convergence Chest,,,,,FALSE,,,,,,,,2026-09-19 02:35 UTC,2026-09-18T22:52:00Z
1287,Equality,Aura,,,,https://swordburst2.fandom.com/Special:Redirect/file/Equality.png,,Chaotic Convergence Chest,,,,,FALSE,,,,,,,,2026-09-19 02:35 UTC,2026-09-18T22:52:00Z
1288,Violet Nebula,Aura,,,,https://swordburst2.fandom.com/Special:Redirect/file/Violet_Nebula.png,,Chaotic Convergence Chest,,,,,FALSE,,,,,,,,2026-09-19 02:35 UTC,2026-09-18T22:52:00Z
1289,Toxic Body Aura,Body Aura,Body,,,https://swordburst2.fandom.com/Special:Redirect/file/Toxic_Body_Aura.png,,Celestial Body Aura Chest,,,,,FALSE,,,,,,,,2026-09-19 02:35 UTC,2026-09-18T22:52:00Z
1290,Azure Fire,Body Aura,Body,,,https://swordburst2.fandom.com/Special:Redirect/file/Azure_Fire.png,,Celestial Body Aura Chest,,,,,FALSE,,,,15,,auras,Idol Star Bundle 500 Arising Star,2026-09-19 02:35 UTC,2026-09-18T22:52:00Z
1291,Nebula Heart,Body Aura,Body,,,https://swordburst2.fandom.com/Special:Redirect/file/Nebula_Heart.png,,Celestial Body Aura Chest,,,,,FALSE,,,,8-10,,auras,Idol Star Bundle 500 Arising Star,2026-09-19 02:35 UTC,2026-09-18T22:52:00Z
1292,Chaos,Body Aura,Body,,,https://swordburst2.fandom.com/Special:Redirect/file/Chaos.png,,Celestial Body Aura Chest,,,,,FALSE,,,,15-17,,auras,Idol Star Bundle 500 Arising Star,2026-09-19 02:35 UTC,2026-09-18T22:52:00Z
1293,Sacred Desire,Body Aura,Body,,,https://swordburst2.fandom.com/Special:Redirect/file/Sacred_Desire.png,,Celestial Body Aura Chest,,,,,FALSE,,,,50,,auras,Idol Star Bundle 500 Arising Star,2026-09-19 02:35 UTC,2026-09-18T22:52:00Z
1294,Holy Light,Body Aura,Body,,,https://swordburst2.fandom.com/Special:Redirect/file/Holy_Light.png,,Celestial Body Aura Chest,,,,,FALSE,,,,30-35,,auras,Idol Star Bundle 500 Arising Star,2026-09-19 02:35 UTC,2026-09-18T22:52:00Z
1295,Cursed Repulsion,Aura,,,,https://swordburst2.fandom.com/Special:Redirect/file/Cursed_Repulsion..png,,Sinister Aura Chest,,,,,FALSE,,,,15,,auras,General,2026-09-19 02:35 UTC,2026-09-18T22:52:00Z
1296,Halloween's Spirit,Aura,,,,https://swordburst2.fandom.com/Special:Redirect/file/Halloween's_Spirit..png,,Sinister Aura Chest,,,,,FALSE,,,,40-45,,auras,General,2026-09-19 02:35 UTC,2026-09-18T22:52:00Z
1297,Enchanted Candy,Aura,,,,https://swordburst2.fandom.com/Special:Redirect/file/Enchanted_Candy..png,,Sinister Aura Chest,,,,,FALSE,,,,3-4,,auras,General,2026-09-19 02:35 UTC,2026-09-18T22:52:00Z
1298,Voided Distinction,Aura,,,,https://swordburst2.fandom.com/Special:Redirect/file/Voided_Distinction.png,,Sinister Aura Chest,,,,,FALSE,,,,40,,auras,General,2026-09-19 02:35 UTC,2026-09-18T22:52:00Z
1299,Cauldron's Mystique,Aura,,,,https://swordburst2.fandom.com/Special:Redirect/file/Cauldron's_Mystique..png,,Sinister Aura Chest,,,,,FALSE,,,,4-5,,auras,General,2026-09-19 02:35 UTC,2026-09-18T22:52:00Z
1300,Flaming Prominence,Aura,,,,https://swordburst2.fandom.com/Special:Redirect/file/Flaming_Prominence..png,,Sinister Aura Chest,,,,,FALSE,,,,14-15,,auras,General,2026-09-19 02:35 UTC,2026-09-18T22:52:00Z
1301,Blood Magic,Aura,,,,https://swordburst2.fandom.com/Special:Redirect/file/Blood_Magic..png,,Cursed Specters Aura Chest,,,,,FALSE,,,,35,,auras,General,2026-09-19 02:35 UTC,2026-09-18T22:52:00Z
1302,Almighty,Aura,,,,https://swordburst2.fandom.com/Special:Redirect/file/Almighty_Aura..png,,Cursed Specters Aura Chest,,,,,FALSE,,,,12,,auras,General,2026-09-19 02:35 UTC,2026-09-18T22:52:00Z
1303,Hallow's Revenge,Aura,,,,https://swordburst2.fandom.com/Special:Redirect/file/Hallow's_Revenge..png,,Cursed Specters Aura Chest,,,,,FALSE,,,,10-12,,auras,General,2026-09-19 02:35 UTC,2026-09-18T22:52:00Z
1304,Fiend's Plasma,Aura,,,,https://swordburst2.fandom.com/Special:Redirect/file/Fiend's_Plasma..png,,Cursed Specters Aura Chest,,,,,FALSE,,,,25,,auras,General,2026-09-19 02:35 UTC,2026-09-18T22:52:00Z
1305,Hallowed Fire,Aura,,,,https://swordburst2.fandom.com/Special:Redirect/file/Hallowed_Fire.png,,Cursed Specters Aura Chest,,,,,FALSE,,,,6-7,,auras,General,2026-09-19 02:35 UTC,2026-09-18T22:52:00Z
1306,Ghastly Glitch,Aura,,,,https://swordburst2.fandom.com/Special:Redirect/file/Ghastly_Glitch..png,,Cursed Specters Aura Chest,,,,,FALSE,,,,10-11,,auras,General,2026-09-19 02:35 UTC,2026-09-18T22:52:00Z
1307,Sweet Candy Canes,Aura,,,,https://swordburst2.fandom.com/Special:Redirect/file/Sweet_Candy_Canes.png,,Holiday Treasures Aura Chest,,,,,FALSE,,,,,,,,2026-09-19 02:35 UTC,2026-09-18T22:52:00Z
1308,Gleaming Stars,Aura,,,,https://swordburst2.fandom.com/Special:Redirect/file/Gleaming_Stars.png,,Holiday Treasures Aura Chest,,,,,FALSE,,,,25,,auras,General,2026-09-19 02:35 UTC,2026-09-18T22:52:00Z
1309,Silver Glint,Aura,,,,https://swordburst2.fandom.com/Special:Redirect/file/Silver_Glint.png,,Holiday Treasures Aura Chest,,,,,FALSE,,,,8-10,,auras,General,2026-09-19 02:35 UTC,2026-09-18T22:52:00Z
1310,Frostbitten Affection,Aura,,,,https://swordburst2.fandom.com/Special:Redirect/file/Frostbitten_Affection.png,,Holiday Treasures Aura Chest,,,,,FALSE,,,,18,,auras,General,2026-09-19 02:35 UTC,2026-09-18T22:52:00Z
1311,Festive Light,Aura,,,,https://swordburst2.fandom.com/Special:Redirect/file/Festive_Light.png,,Holiday Treasures Aura Chest,,,,,FALSE,,,,,,,,2026-09-19 02:35 UTC,2026-09-18T22:52:00Z
1312,Horai Spirit,Aura,,,,https://swordburst2.fandom.com/Special:Redirect/file/Horai_Spirit.png,,Holiday Treasures Aura Chest,,,,,FALSE,,,,3-4,,auras,General,2026-09-19 02:35 UTC,2026-09-18T22:52:00Z
1313,Accursed Shadow,Aura,,,,https://swordburst2.fandom.com/Special:Redirect/file/Accursed_Shadow.png,,Community Chest C,,,,,FALSE,,,,,,,,2026-09-19 02:35 UTC,2026-09-18T22:52:00Z
1314,Sanguine Stargaze,Aura,,,,https://swordburst2.fandom.com/Special:Redirect/file/Sanguine_Stargaze.png,,Community Chest C,,,,,FALSE,,,,,,,,2026-09-19 02:35 UTC,2026-09-18T22:52:00Z
1315,Midnight Eclipse,Aura,,,,https://swordburst2.fandom.com/Special:Redirect/file/Midnight_Eclipse.png,,Community Chest C,,,,,FALSE,,,,,,,,2026-09-19 02:35 UTC,2026-09-18T22:52:00Z
1316,Hollowed Ember,Aura,,,,https://swordburst2.fandom.com/Special:Redirect/file/Hollowed_Ember.png,,Community Chest C,,,,,FALSE,,,,,,,,2026-09-19 02:35 UTC,2026-09-18T22:52:00Z
1317,Starry Blizzard,Aura,,,,https://swordburst2.fandom.com/Special:Redirect/file/Starry_Blizzard.png,,Community Chest C,,,,,FALSE,,,,,,,,2026-09-19 02:35 UTC,2026-09-18T22:52:00Z
1318,Sunset Flutter,Aura,,,,https://swordburst2.fandom.com/Special:Redirect/file/Sunset_Flutter.png,,Community Chest C,,,,,FALSE,,,,,,,,2026-09-19 02:35 UTC,2026-09-18T22:52:00Z
1319,Lover's Envy,Aura,,,,https://swordburst2.fandom.com/Special:Redirect/file/Lover's_Envy.png,,Eternal Love Chest,,,,,FALSE,,,,12,,auras,General,2026-09-19 02:35 UTC,2026-09-18T22:52:00Z
1320,Love Rush,Aura,,,,https://swordburst2.fandom.com/Special:Redirect/file/Love_Rush.png,,Eternal Love Chest,,,,,FALSE,,,,30,,auras,Purchasable in Burst Store 1-2 Orange Burst 1-2,2026-09-19 02:35 UTC,2026-09-18T22:52:00Z
1321,Virtual Love,Aura,,,,https://swordburst2.fandom.com/Special:Redirect/file/Virtual_Love.png,,Eternal Love Chest,,,,,FALSE,,,,20,,auras,Purchasable in Burst Store 1-2 Orange Burst 1-2,2026-09-19 02:35 UTC,2026-09-18T22:52:00Z
1322,Fierce Love,Aura,,,,https://swordburst2.fandom.com/Special:Redirect/file/Fierce_Love..png,,Eternal Love Chest,,,,,FALSE,,,,15,,auras,General,2026-09-19 02:35 UTC,2026-09-18T22:52:00Z
1323,Slumbering Affection,Aura,,,,https://swordburst2.fandom.com/Special:Redirect/file/Slumbering_Affection..png,,Eternal Love Chest,,,,,FALSE,,,,15,,auras,General,2026-09-19 02:35 UTC,2026-09-18T22:52:00Z
1324,Glistening Hearts,Aura,,,,https://swordburst2.fandom.com/Special:Redirect/file/Glistening_Hearts.png,,Eternal Love Chest,,,,,FALSE,,,,30,,auras,General,2026-09-19 02:35 UTC,2026-09-18T22:52:00Z
1325,Snowman's Paradise,Aura,,,,https://swordburst2.fandom.com/Special:Redirect/file/Snowman's_Paradise.png,,Frozen Wonders Chest,,,,,FALSE,,,,,,,,2026-09-19 02:35 UTC,2026-09-18T22:52:00Z
1326,Gingerbread Spirit,Aura,,,,https://swordburst2.fandom.com/Special:Redirect/file/Gingerbread_Spirit.png,,Frozen Wonders Chest,,,,,FALSE,,,,10-12,,auras,General,2026-09-19 02:35 UTC,2026-09-18T22:52:00Z
1327,Blessed Blizzard,Aura,,,,https://swordburst2.fandom.com/Special:Redirect/file/Blessed_Blizzard.png,,Frozen Wonders Chest,,,,,FALSE,,,,40,,auras,General,2026-09-19 02:35 UTC,2026-09-18T22:52:00Z
1328,Azathoth's Winter Wrath,Aura,,,,https://swordburst2.fandom.com/Special:Redirect/file/Azathoth's_Winter_Wrath.png,,Frozen Wonders Chest,,,,,FALSE,,,,,,,,2026-09-19 02:35 UTC,2026-09-18T22:52:00Z
1329,Lovely Borealis,Aura,,,,https://swordburst2.fandom.com/Special:Redirect/file/Lovely_Borealis.png,,Frozen Wonders Chest,,,,,FALSE,,,,22-25,,auras,General,2026-09-19 02:35 UTC,2026-09-18T22:52:00Z
1330,Yuletide Lights,Aura,,,,https://swordburst2.fandom.com/Special:Redirect/file/Yuletide_Lights.png,,Frozen Wonders Chest,,,,,FALSE,,,,18-20,,auras,General,2026-09-19 02:35 UTC,2026-09-18T22:52:00Z
1331,Luscious Mist Aura,Aura,,,,https://swordburst2.fandom.com/Special:Redirect/file/Luscious_Mist_Aura.png,,Sakura Blossoms Chest,,,,,FALSE,,,,,,,,2026-09-19 02:35 UTC,2026-09-18T22:52:00Z
1332,Petal Storm Aura,Aura,,,,https://swordburst2.fandom.com/Special:Redirect/file/Petal_Storm_Aura.png,,Sakura Blossoms Chest,,,,,FALSE,,,,,,,,2026-09-19 02:35 UTC,2026-09-18T22:52:00Z
1333,Cyber Bloom Aura,Aura,,,,https://swordburst2.fandom.com/Special:Redirect/file/Cyber_Bloom_Aura.png,,Sakura Blossoms Chest,,,,,FALSE,,,,,,,,2026-09-19 02:35 UTC,2026-09-18T22:52:00Z
1334,Sakura Strikes Aura,Aura,,,,https://swordburst2.fandom.com/Special:Redirect/file/Sakura_Strikes_Aura.png,,Sakura Blossoms Chest,,,,,FALSE,,,,,,,,2026-09-19 02:35 UTC,2026-09-18T22:52:00Z
1335,Incandescent Blossom Aura,Aura,,,,https://swordburst2.fandom.com/Special:Redirect/file/Incandescent_Blossom_Aura.png,,Sakura Blossoms Chest,,,,,FALSE,,,,,,,,2026-09-19 02:35 UTC,2026-09-18T22:52:00Z
1336,Mystic Fire Aura,Aura,,,,https://swordburst2.fandom.com/Special:Redirect/file/Mystic_Fire_Aura.png,,Sakura Blossoms Chest,,,,,FALSE,,,,,,,,2026-09-19 02:35 UTC,2026-09-18T22:52:00Z
1337,Sand Gust,Aura,,,,https://swordburst2.fandom.com/Special:Redirect/file/Sand_Gust_Aura.png,,Starry Waves Chest,,,,,FALSE,,,,3-5,,auras,General,2026-09-19 02:35 UTC,2026-09-18T22:52:00Z
1338,Midnight Fireworks,Aura,,,,https://swordburst2.fandom.com/Special:Redirect/file/Midnight_Fireworks_Aura.png,,Starry Waves Chest,,,,,FALSE,,,,5-9,,auras,General,2026-09-19 02:35 UTC,2026-09-18T22:52:00Z
1339,Solstice Surge,Aura,,,,https://swordburst2.fandom.com/Special:Redirect/file/Solstice_Surge_Aura.png,,Starry Waves Chest,,,,,FALSE,,,,,,,,2026-09-19 02:35 UTC,2026-09-18T22:52:00Z
1340,Kaleidoscopic,Aura,,,,https://swordburst2.fandom.com/Special:Redirect/file/Kaleidoscopic_Aura.png,,Starry Waves Chest,,,,,FALSE,,,,25-35,,auras,General,2026-09-19 02:35 UTC,2026-09-18T22:52:00Z
1341,Bubble Reef,Aura,,,,https://swordburst2.fandom.com/Special:Redirect/file/Bubble_Reef_Aura.png,,Starry Waves Chest,,,,,FALSE,,,,12-15,,auras,General,2026-09-19 02:35 UTC,2026-09-18T22:52:00Z
1342,Interstellar Ripple,Aura,,,,https://swordburst2.fandom.com/Special:Redirect/file/Interstellar_Ripple_Aura.png,,Starry Waves Chest,,,,,FALSE,,,,12-15,,auras,General,2026-09-19 02:35 UTC,2026-09-18T22:52:00Z
1343,Grey Raincloud,Aura,,,,https://swordburst2.fandom.com/Special:Redirect/file/Grey_Raincloud_Aura.png,,Tropic Chest,,,,,FALSE,,,,3-4,,auras,General,2026-09-19 02:35 UTC,2026-09-18T22:52:00Z
1344,Luminescence,Aura,,,,https://swordburst2.fandom.com/Special:Redirect/file/Luminescence_Aura.png,,Tropic Chest,,,,,FALSE,,,,,,,,2026-09-19 02:35 UTC,2026-09-18T22:52:00Z
1345,Mirage Flame,Aura,,,,https://swordburst2.fandom.com/Special:Redirect/file/Mirage_Flame_Aura.png,,Tropic Chest,,,,,FALSE,,,,8-10,,auras,General,2026-09-19 02:35 UTC,2026-09-18T22:52:00Z
1346,Ethereal Shine,Aura,,,,https://swordburst2.fandom.com/Special:Redirect/file/Ethereal_Shine_Aura.png,,Tropic Chest,,,,,FALSE,,,,5-6,,auras,General,2026-09-19 02:35 UTC,2026-09-18T22:52:00Z
1347,Crystal Nebula,Aura,,,,https://swordburst2.fandom.com/Special:Redirect/file/Crystal_Nebula_Aura.png,,Tropic Chest,,,,,FALSE,,,,10-14,,auras,General,2026-09-19 02:35 UTC,2026-09-18T22:52:00Z
1348,Sparkler,Aura,,,,https://swordburst2.fandom.com/Special:Redirect/file/Sparkler_Aura.png,,Tropic Chest,,,,,FALSE,,,,20-25,,auras,General,2026-09-19 02:35 UTC,2026-09-18T22:52:00Z
1349,Cosmic Observer Body Aura,Body Aura,Body,,,https://swordburst2.fandom.com/Special:Redirect/file/Cosmic_Observer_Body_Aura.png,,Scenic Harmony Body Aura Chest,,,,,FALSE,,,,,,,,2026-09-19 02:35 UTC,2026-09-18T22:52:00Z
1350,Turbulent Tides Body Aura,Body Aura,Body,,,https://swordburst2.fandom.com/Special:Redirect/file/Turbulent_Tides_Body_Aura.png,,Scenic Harmony Body Aura Chest,,,,,FALSE,,,,,,,,2026-09-19 02:35 UTC,2026-09-18T22:52:00Z
1351,Tempest Flow Body Aura,Body Aura,Body,,,https://swordburst2.fandom.com/Special:Redirect/file/Tempest_Flow_Body_Aura.png,,Scenic Harmony Body Aura Chest,,,,,FALSE,,,,,,,,2026-09-19 02:35 UTC,2026-09-18T22:52:00Z
1352,Solaris Body Aura,Body Aura,Body,,,https://swordburst2.fandom.com/Special:Redirect/file/Solaris_Body_Aura.png,,Scenic Harmony Body Aura Chest,,,,,FALSE,,,,,,,,2026-09-19 02:35 UTC,2026-09-18T22:52:00Z
1353,Lunar Body Aura,Body Aura,Body,,,https://swordburst2.fandom.com/Special:Redirect/file/Lunar_Body_Aura.png,,Scenic Harmony Body Aura Chest,,,,,FALSE,,,,,,,,2026-09-19 02:35 UTC,2026-09-18T22:52:00Z
1354,Floral Breath Body Aura,Body Aura,Body,,,https://swordburst2.fandom.com/Special:Redirect/file/Floral_Breath_Body_Aura.png,,Scenic Harmony Body Aura Chest,,,,,FALSE,,,,,,,,2026-09-19 02:35 UTC,2026-09-18T22:52:00Z
1355,Divine Light,Aura,,,,https://swordburst2.fandom.com/Special:Redirect/file/Divine_Light_Aura.png,,Astral Spectra Aura Chest,,,,,FALSE,,,,3-4,,auras,General,2026-09-19 02:35 UTC,2026-09-18T22:52:00Z
1356,Arcane Flames,Aura,,,,https://swordburst2.fandom.com/Special:Redirect/file/Arcane_Flames_Aura.png,,Astral Spectra Aura Chest,,,,,FALSE,,,,4,,auras,General,2026-09-19 02:35 UTC,2026-09-18T22:52:00Z
1357,Antimatter,Aura,,,,https://swordburst2.fandom.com/Special:Redirect/file/Antimatter_Aura.png,,Astral Spectra Aura Chest,,,,,FALSE,,,,6,,auras,General,2026-09-19 02:35 UTC,2026-09-18T22:52:00Z
1358,Glistening Shards,Aura,,,,https://swordburst2.fandom.com/Special:Redirect/file/Glistening_Shards_Aura.png,,Astral Spectra Aura Chest,,,,,FALSE,,,,3-4,,auras,General,2026-09-19 02:35 UTC,2026-09-18T22:52:00Z
1359,Neutron Spark,Aura,,,,https://swordburst2.fandom.com/Special:Redirect/file/Neutron_Spark_Aura.png,,Astral Spectra Aura Chest,,,,,FALSE,,,,3-4,,auras,General,2026-09-19 02:35 UTC,2026-09-18T22:52:00Z
1360,Astral Rose,Aura,,,,https://swordburst2.fandom.com/Special:Redirect/file/Astral_Rose_Aura.png,,Astral Spectra Aura Chest,,,,,FALSE,,,,10-11,,auras,General,2026-09-19 02:35 UTC,2026-09-18T22:52:00Z
1361,Duality Symphony,Aura,,,,https://swordburst2.fandom.com/Special:Redirect/file/Duality_Symphony.png,,Ethereal Fantasy Chest,,,,,FALSE,,,,4-5,,auras,General,2026-09-19 02:35 UTC,2026-09-18T22:52:00Z
1362,Euphoric Eclipse,Aura,,,,https://swordburst2.fandom.com/Special:Redirect/file/Euphoric_Eclipse.png,,Ethereal Fantasy Chest,,,,,FALSE,,,,3-4,,auras,General,2026-09-19 02:35 UTC,2026-09-18T22:52:00Z
1363,Frosted Ephmeral,Aura,,,,https://swordburst2.fandom.com/Special:Redirect/file/Frosted_Ephmeral.png,,Ethereal Fantasy Chest,,,,,FALSE,,,,,,,,2026-09-19 02:35 UTC,2026-09-18T22:52:00Z
1364,Lovelight Haze,Aura,,,,https://swordburst2.fandom.com/Special:Redirect/file/Lovelight_Haze.png,,Ethereal Fantasy Chest,,,,,FALSE,,,,3-4,,auras,General,2026-09-19 02:35 UTC,2026-09-18T22:52:00Z
1365,Celestial Mirage,Aura,,,,https://swordburst2.fandom.com/Special:Redirect/file/Celestial_Mirage.png,,Ethereal Fantasy Chest,,,,,FALSE,,,,4-5,,auras,General,2026-09-19 02:35 UTC,2026-09-18T22:52:00Z
1366,Emerald Emanation,Aura,,,,https://swordburst2.fandom.com/Special:Redirect/file/Emerald_Emanation.png,,Ethereal Fantasy Chest,,,,,FALSE,,,,2-3,,auras,General,2026-09-19 02:35 UTC,2026-09-18T22:52:00Z
1367,Spiced Mischief,Aura,,,,https://swordburst2.fandom.com/Special:Redirect/file/Spice_Mischief_Aura.png,,Witch's Taboo Chest,,,,,FALSE,,,,,,,,2026-09-19 02:35 UTC,2026-09-18T22:52:00Z
1368,Wicked Spell,Aura,,,,https://swordburst2.fandom.com/Special:Redirect/file/Wicked_Spell_Aura.png,,Witch's Taboo Chest,,,,,FALSE,,,,,,,,2026-09-19 02:35 UTC,2026-09-18T22:52:00Z
1369,Runic Dispelling,Aura,,,,https://swordburst2.fandom.com/Special:Redirect/file/Runic_Dispelling_Aura.png,,Witch's Taboo Chest,,,,,FALSE,,,,,,,,2026-09-19 02:35 UTC,2026-09-18T22:52:00Z
1370,Death's Melody,Aura,,,,https://swordburst2.fandom.com/Special:Redirect/file/Death's_Melody_Aura.png,,Witch's Taboo Chest,,,,,FALSE,,,,,,,,2026-09-19 02:35 UTC,2026-09-18T22:52:00Z
1371,Primordoal Prescience,Aura,,,,https://swordburst2.fandom.com/Special:Redirect/file/Primordoal_Prescience_Aura.png,,Witch's Taboo Chest,,,,,FALSE,,,,,,,,2026-09-19 02:35 UTC,2026-09-18T22:52:00Z
1372,Sleek Ensnare,Aura,,,,https://swordburst2.fandom.com/Special:Redirect/file/Sleek_Ensnare_Aura.png,,Witch's Taboo Chest,,,,,FALSE,,,,,,,,2026-09-19 02:35 UTC,2026-09-18T22:52:00Z
1373,Ragged Will,Aura,,,,https://swordburst2.fandom.com/Special:Redirect/file/RaggedWillIcon.png,,Holly Nightshade Chest,,,,,FALSE,,,,1-2,,auras,Witch's Taboo 2 Spiced Mischeif 2-3,2026-09-19 02:35 UTC,2026-09-18T22:52:00Z
1374,Starred Abyss,Aura,,,,https://swordburst2.fandom.com/Special:Redirect/file/StarredAbyssIcon.png,,Holly Nightshade Chest,,,,,FALSE,,,,3-4,,auras,Witch's Taboo 2 Spiced Mischeif 2-3,2026-09-19 02:35 UTC,2026-09-18T22:52:00Z
1375,Webbed Permafrost,Aura,,,,https://swordburst2.fandom.com/Special:Redirect/file/WebbedPermafrostIcon.png,,Holly Nightshade Chest,,,,,FALSE,,,,16-25,,auras,Witch's Taboo 2 Spiced Mischeif 2-3,2026-09-19 02:35 UTC,2026-09-18T22:52:00Z
1376,Frost Fire,Aura,,,,https://swordburst2.fandom.com/Special:Redirect/file/FrostFireIcon.png,,Holly Nightshade Chest,,,,,FALSE,,,,20-25,,auras,Witch's Taboo 2 Spiced Mischeif 2-3,2026-09-19 02:35 UTC,2026-09-18T22:52:00Z
1377,Stargazer's Wish,Aura,,,,https://swordburst2.fandom.com/Special:Redirect/file/StargazerIcon.png,,Holly Nightshade Chest,,,,,FALSE,,,,10-15,,auras,Witch's Taboo 2 Spiced Mischeif 2-3,2026-09-19 02:35 UTC,2026-09-18T22:52:00Z
1378,Hallowed Starscape,Aura,,,,https://swordburst2.fandom.com/Special:Redirect/file/HallowedStarscapeIcon.png,,Holly Nightshade Chest,,,,,FALSE,,,,20-25,,auras,Witch's Taboo 2 Spiced Mischeif 2-3,2026-09-19 02:35 UTC,2026-09-18T22:52:00Z
1379,Tender Desire,Aura,,,,https://swordburst2.fandom.com/Special:Redirect/file/Tender_Desire.png,,Daring Emotions Aura Chest,,,,,FALSE,,,,2-3,,auras,Witch's Taboo 2 Spiced Mischeif 2-3,2026-09-19 02:35 UTC,2026-09-18T22:52:00Z
1380,Infatuation Duality,Aura,,,,https://swordburst2.fandom.com/Special:Redirect/file/Infatuation_Duality.png,,Daring Emotions Aura Chest,,,,,FALSE,,,,3-5,,auras,Witch's Taboo 2 Spiced Mischeif 2-3,2026-09-19 02:35 UTC,2026-09-18T22:52:00Z
1381,Choco Delight,Aura,,,,https://swordburst2.fandom.com/Special:Redirect/file/Choco_Delight.png,,Daring Emotions Aura Chest,,,,,FALSE,,,,3-4,,auras,Witch's Taboo 2 Spiced Mischeif 2-3,2026-09-19 02:35 UTC,2026-09-18T22:52:00Z
1382,Heart's Accord,Aura,,,,https://swordburst2.fandom.com/Special:Redirect/file/Heart's_Accord.png,,Daring Emotions Aura Chest,,,,,FALSE,,,,6-8,,auras,Witch's Taboo 2 Spiced Mischeif 2-3,2026-09-19 02:35 UTC,2026-09-18T22:52:00Z
1383,Glittering Essence,Aura,,,,https://swordburst2.fandom.com/Special:Redirect/file/Glittering_Essence.png,,Daring Emotions Aura Chest,,,,,FALSE,,,,10-15,,auras,Witch's Taboo 2 Spiced Mischeif 2-3,2026-09-19 02:35 UTC,2026-09-18T22:52:00Z
1384,Lustful Shimmer,Aura,,,,https://swordburst2.fandom.com/Special:Redirect/file/Lustful_Shimmer.png,,Daring Emotions Aura Chest,,,,,FALSE,,,,18-20,,auras,Witch's Taboo 2 Spiced Mischeif 2-3,2026-09-19 02:35 UTC,2026-09-18T22:52:00Z
1385,Luminous Sparkle,Body Aura,Body,,,https://swordburst2.fandom.com/Special:Redirect/file/Luminous_Sparkle.png,,Radiant Resonance Body Chest,,,,,FALSE,,,,3-4,,auras,Idol Star Bundle 500 Arising Star,2026-09-19 02:35 UTC,2026-09-18T22:52:00Z
1386,Rose Essence Heart,Body Aura,Body,,,https://swordburst2.fandom.com/Special:Redirect/file/Rose_Essence_Heart.png,,Radiant Resonance Body Chest,,,,,FALSE,,,,6-8,,auras,Idol Star Bundle 500 Arising Star,2026-09-19 02:35 UTC,2026-09-18T22:52:00Z
1387,Azure Halo,Body Aura,Body,,,https://swordburst2.fandom.com/Special:Redirect/file/Azure_Halo.png,,Radiant Resonance Body Chest,,,,,FALSE,,,,3-4,,auras,Idol Star Bundle 500 Arising Star,2026-09-19 02:35 UTC,2026-09-18T22:52:00Z
1388,Crimson Rupture,Body Aura,Body,,,https://swordburst2.fandom.com/Special:Redirect/file/Crimson_Rupture.png,,Radiant Resonance Body Chest,,,,,FALSE,,,,7-9,,auras,Idol Star Bundle 500 Arising Star,2026-09-19 02:35 UTC,2026-09-18T22:52:00Z
1389,Ethereal Love Bloom,Body Aura,Body,,,https://swordburst2.fandom.com/Special:Redirect/file/Ethereal_Love_Blossom.png,,Radiant Resonance Body Chest,,,,,FALSE,,,,15-18,,auras,Idol Star Bundle 500 Arising Star,2026-09-19 02:35 UTC,2026-09-18T22:52:00Z
1390,Shadowed Reverence,Body Aura,Body,,,https://swordburst2.fandom.com/Special:Redirect/file/Shadowed_Reverence.png,,Radiant Resonance Body Chest,,,,,FALSE,,,,16-20,,auras,Idol Star Bundle 500 Arising Star,2026-09-19 02:35 UTC,2026-09-18T22:52:00Z
1391,White Bunny Body Aura,Body Aura,Body,,,https://swordburst2.fandom.com/Special:Redirect/file/White_Bunny_Body_Aura.png,,Bunny Bloom Body Aura Chest,,,,,FALSE,,,,,,,,2026-09-19 02:35 UTC,2026-09-18T22:52:00Z
1392,Golden Bunny Body Aura,Body Aura,Body,,,https://swordburst2.fandom.com/Special:Redirect/file/Golden_Bunny_Body_Aura.png,,Bunny Bloom Body Aura Chest,,,,,FALSE,,,,,,,,2026-09-19 02:35 UTC,2026-09-18T22:52:00Z
1393,Tuxedo Bunny Body Aura,Body Aura,Body,,,https://swordburst2.fandom.com/Special:Redirect/file/Tuxedo_Bunny_Body_Aura.png,,Bunny Bloom Body Aura Chest,,,,,FALSE,,,,,,,,2026-09-19 02:35 UTC,2026-09-18T22:52:00Z
1394,Black Bunny Body Aura,Body Aura,Body,,,https://swordburst2.fandom.com/Special:Redirect/file/Black_Bunny_Body_Aura.png,,Bunny Bloom Body Aura Chest,,,,,FALSE,,,,,,,,2026-09-19 02:35 UTC,2026-09-18T22:52:00Z
1395,Crimson Bunny Body Aura,Body Aura,Body,,,https://swordburst2.fandom.com/Special:Redirect/file/Crimson_Bunny_Body_Aura.png,,Bunny Bloom Body Aura Chest,,,,,FALSE,,,,,,,,2026-09-19 02:35 UTC,2026-09-18T22:52:00Z
1396,Prismatic Bunny Body Aura,Body Aura,Body,,,https://swordburst2.fandom.com/Special:Redirect/file/Prismatic_Bunny_Body_Aura.png,,Bunny Bloom Body Aura Chest,,,,,FALSE,,,,,,,,2026-09-19 02:35 UTC,2026-09-18T22:52:00Z
1397,White Kitty Body Aura,Body Aura,Body,,,https://swordburst2.fandom.com/Special:Redirect/file/White_Kitty_Body_Aura.png,,Spring Paws Body Aura Chest,,,,,FALSE,,,,,,,,2026-09-19 02:35 UTC,2026-09-18T22:52:00Z
1398,Golden Kitty Body Aura,Body Aura,Body,,,https://swordburst2.fandom.com/Special:Redirect/file/Golden_Kitty_Body_Aura.png,,Spring Paws Body Aura Chest,,,,,FALSE,,,,,,,,2026-09-19 02:35 UTC,2026-09-18T22:52:00Z
1399,Black Kitty Body Aura,Body Aura,Body,,,https://swordburst2.fandom.com/Special:Redirect/file/Black_Kitty_Body_Aura.png,,Spring Paws Body Aura Chest,,,,,FALSE,,,,,,,,2026-09-19 02:35 UTC,2026-09-18T22:52:00Z
1400,Wonder Kitty Body Aura,Body Aura,Body,,,https://swordburst2.fandom.com/Special:Redirect/file/Wonder_Kitty_Body_Aura.png,,Spring Paws Body Aura Chest,,,,,FALSE,,,,,,,,2026-09-19 02:35 UTC,2026-09-18T22:52:00Z
1401,Tuxedo Kitty Body Aura,Body Aura,Body,,,https://swordburst2.fandom.com/Special:Redirect/file/Tuxedo_Kitty_Body_Aura.png,,Spring Paws Body Aura Chest,,,,,FALSE,,,,,,,,2026-09-19 02:35 UTC,2026-09-18T22:52:00Z
1402,Prismatic Kitty Body Aura,Body Aura,Body,,,https://swordburst2.fandom.com/Special:Redirect/file/Prismatic_Kitty_Body_Aura.png,,Spring Paws Body Aura Chest,,,,,FALSE,,,,,,,,2026-09-19 02:35 UTC,2026-09-18T22:52:00Z
1403,Amethyst Shards,Aura,,,,https://swordburst2.fandom.com/Special:Redirect/file/Amethyst_Shards.png,,Twilight Meadows Aura Chest,,,,,FALSE,,,,2,,auras,Witch's Taboo 2 Spiced Mischeif 2-3,2026-09-19 02:35 UTC,2026-09-18T22:52:00Z
1404,Dark Swarm,Aura,,,,https://swordburst2.fandom.com/Special:Redirect/file/Dark_Swarm.png,,Twilight Meadows Aura Chest,,,,,FALSE,,,,1,,auras,Witch's Taboo 2 Spiced Mischeif 2-3,2026-09-19 02:35 UTC,2026-09-18T22:52:00Z
1405,Shiny,Aura,,,,https://swordburst2.fandom.com/Special:Redirect/file/Shiny.png,,Twilight Meadows Aura Chest,,,,,FALSE,,,,4-5,,auras,Witch's Taboo 2 Spiced Mischeif 2-3,2026-09-19 02:35 UTC,2026-09-18T22:52:00Z
1406,Pixie Dust,Aura,,,,https://swordburst2.fandom.com/Special:Redirect/file/Pixie_Dust.png,,Twilight Meadows Aura Chest,,,,,FALSE,,,,3-4,,auras,Witch's Taboo 2 Spiced Mischeif 2-3,2026-09-19 02:35 UTC,2026-09-18T22:52:00Z
1407,Glamourous Stars,Aura,,,,https://swordburst2.fandom.com/Special:Redirect/file/Glamourous_Stars.png,,Twilight Meadows Aura Chest,,,,,FALSE,,,,6-8,,auras,Witch's Taboo 2 Spiced Mischeif 2-3,2026-09-19 02:35 UTC,2026-09-18T22:52:00Z
1408,Gale Flames,Aura,,,,https://swordburst2.fandom.com/Special:Redirect/file/Gale_Flames.png,,Twilight Meadows Aura Chest,,,,,FALSE,,,,,,,,2026-09-19 02:35 UTC,2026-09-18T22:52:00Z
1409,Unformed Void,Aura,,,,https://swordburst2.fandom.com/Special:Redirect/file/Unformed_Void.png,,Echoes of Elegy Aura Chest,,,,,FALSE,,,,10-15,,auras,Witch's Taboo 2 Spiced Mischeif 2-3,2026-09-19 02:35 UTC,2026-09-18T22:52:00Z
1410,Achromatic Flame,Aura,,,,https://swordburst2.fandom.com/Special:Redirect/file/Achromatic_Flame.png,,Echoes of Elegy Aura Chest,,,,,FALSE,,,,2-3,,auras,Witch's Taboo 2 Spiced Mischeif 2-3,2026-09-19 02:35 UTC,2026-09-18T22:52:00Z
1411,Shadow's Light,Aura,,,,https://swordburst2.fandom.com/Special:Redirect/file/Shadow's_Light.png,,Echoes of Elegy Aura Chest,,,,,FALSE,,,,6-8,,auras,Witch's Taboo 2 Spiced Mischeif 2-3,2026-09-19 02:35 UTC,2026-09-18T22:52:00Z
1412,Cheerful Glitter,Aura,,,,https://swordburst2.fandom.com/Special:Redirect/file/Prismatic_Concerto.png,,Echoes of Elegy Aura Chest,,,,,FALSE,,,,8,,auras,Witch's Taboo 2 Spiced Mischeif 2-3,2026-09-19 02:35 UTC,2026-09-18T22:52:00Z
1413,Prismatic Concerto,Aura,,,,https://swordburst2.fandom.com/Special:Redirect/file/Cheerful_Glitter.png,,Echoes of Elegy Aura Chest,,,,,FALSE,,,,20-22,,auras,Witch's Taboo 2 Spiced Mischeif 2-3,2026-09-19 02:35 UTC,2026-09-18T22:52:00Z
1414,Butterspy Protection,Aura,,,,https://swordburst2.fandom.com/Special:Redirect/file/Butterspy_Protection.png,,Echoes of Elegy Aura Chest,,,,,FALSE,,,,25,,auras,Witch's Taboo 2 Spiced Mischeif 2-3,2026-09-19 02:35 UTC,2026-09-18T22:52:00Z
1415,Icy Wind,Aura,,,,https://swordburst2.fandom.com/Special:Redirect/file/IcyWind.png,,Elemental Aura Chest,,,,,FALSE,,,,2-3,,auras,Witch's Taboo 2 Spiced Mischeif 2-3,2026-09-19 02:35 UTC,2026-09-18T22:52:00Z
1416,Natures Blessing,Aura,,,,https://swordburst2.fandom.com/Special:Redirect/file/NaturesBlessing.png,,Elemental Aura Chest,,,,,FALSE,,,,2-3,,auras,Witch's Taboo 2 Spiced Mischeif 2-3,2026-09-19 02:35 UTC,2026-09-18T22:52:00Z
1417,Earthen Energy,Aura,,,,https://swordburst2.fandom.com/Special:Redirect/file/EarthenEnergy.png,,Elemental Aura Chest,,,,,FALSE,,,,15-20,,auras,Witch's Taboo 2 Spiced Mischeif 2-3,2026-09-19 02:35 UTC,2026-09-18T22:52:00Z
1418,Aether Mist,Aura,,,,https://swordburst2.fandom.com/Special:Redirect/file/AetherMist.png,,Elemental Aura Chest,,,,,FALSE,,,,2-3,,auras,Witch's Taboo 2 Spiced Mischeif 2-3,2026-09-19 02:35 UTC,2026-09-18T22:52:00Z
1419,Sanguine Spark,Aura,,,,https://swordburst2.fandom.com/Special:Redirect/file/SanguineSpark.png,,Elemental Aura Chest,,,,,FALSE,,,,25,,auras,Witch's Taboo 2 Spiced Mischeif 2-3,2026-09-19 02:35 UTC,2026-09-18T22:52:00Z
1420,Spiral Eclipse,Aura,,,,https://swordburst2.fandom.com/Special:Redirect/file/SpiralEclipse.png,,Elemental Aura Chest,,,,,FALSE,,,,17-18,,auras,Witch's Taboo 2 Spiced Mischeif 2-3,2026-09-19 02:35 UTC,2026-09-18T22:52:00Z
1421,Serenity Realm,Aura,,,,https://swordburst2.fandom.com/Special:Redirect/file/Serenity_Realm.png,,Gracious Domain Chest,,,,,FALSE,,,,,,,,2026-09-19 02:35 UTC,2026-09-18T22:52:00Z
1422,Draconic Emblem,Aura,,,,https://swordburst2.fandom.com/Special:Redirect/file/Draconic_Emblem.png,,Gracious Domain Chest,,,,,FALSE,,,,,,,,2026-09-19 02:35 UTC,2026-09-18T22:52:00Z
1423,Fragmented Jewels,Aura,,,,https://swordburst2.fandom.com/Special:Redirect/file/Fragmented_Jewels.png,,Gracious Domain Chest,,,,,FALSE,,,,,,,,2026-09-19 02:35 UTC,2026-09-18T22:52:00Z
1424,Healing Domain,Aura,,,,https://swordburst2.fandom.com/Special:Redirect/file/Healing_Domain.png,,Gracious Domain Chest,,,,,FALSE,,,,,,,,2026-09-19 02:35 UTC,2026-09-18T22:52:00Z
1425,Occulted Fireflies,Aura,,,,https://swordburst2.fandom.com/Special:Redirect/file/Occulted_Fireflies.png,,Gracious Domain Chest,,,,,FALSE,,,,,,,,2026-09-19 02:35 UTC,2026-09-18T22:52:00Z
1426,Flaring Skylights,Aura,,,,https://swordburst2.fandom.com/Special:Redirect/file/Flaring_Skylights.png,,Gracious Domain Chest,,,,,FALSE,,,,,,,,2026-09-19 02:35 UTC,2026-09-18T22:52:00Z
1427,Jade Mist,Aura,,,,https://swordburst2.fandom.com/Special:Redirect/file/Jade_Mist.png,,Eternal Tranquility Chest,,,,,FALSE,,,,2-3,,auras,Gracious Domain 3 Serenity Realm 3-4,2026-09-19 02:35 UTC,2026-09-18T22:52:00Z
1428,Tranquil Sparkle,Aura,,,,https://swordburst2.fandom.com/Special:Redirect/file/Tranquill_Sparkle.png,,Eternal Tranquility Chest,,,,,FALSE,,,,5,,auras,Gracious Domain 3 Serenity Realm 3-4,2026-09-19 02:35 UTC,2026-09-18T22:52:00Z
1429,Chaotic Gleam,Aura,,,,https://swordburst2.fandom.com/Special:Redirect/file/Chaotic_Gleam.png,,Eternal Tranquility Chest,,,,,FALSE,,,,4-6,,auras,Gracious Domain 3 Serenity Realm 3-4,2026-09-19 02:35 UTC,2026-09-18T22:52:00Z
1430,Conflagrant Calamity,Aura,,,,https://swordburst2.fandom.com/Special:Redirect/file/Conflagrant_Calamity.png,,Eternal Tranquility Chest,,,,,FALSE,,,,4-6,,auras,Gracious Domain 3 Serenity Realm 3-4,2026-09-19 02:35 UTC,2026-09-18T22:52:00Z
1431,Chaos Collide,Aura,,,,https://swordburst2.fandom.com/Special:Redirect/file/Chaos_Collide_.png,,Eternal Tranquility Chest,,,,,FALSE,,,,12-15,,auras,Gracious Domain 3 Serenity Realm 3-4,2026-09-19 02:35 UTC,2026-09-18T22:52:00Z
1432,Dragon's Mirage,Aura,,,,https://swordburst2.fandom.com/Special:Redirect/file/Dragon's_Mirage.png,,Eternal Tranquility Chest,,,,,FALSE,,,,25-30,,auras,Gracious Domain 3 Serenity Realm 3-4,2026-09-19 02:35 UTC,2026-09-18T22:52:00Z
1433,Sparkling Woes,Aura,,,,https://swordburst2.fandom.com/Special:Redirect/file/Sparkling_Woes1.png,,Colliding Polarities Aura Chest,,,,,FALSE,,,,1-2,,auras,Gracious Domain 3 Serenity Realm 3-4,2026-09-19 02:35 UTC,2026-09-18T22:52:00Z
1434,Collapsing Eclipse,Aura,,,,https://swordburst2.fandom.com/Special:Redirect/file/Collapsing_Eclipse.png,,Colliding Polarities Aura Chest,,,,,FALSE,,,,4-5,,auras,Gracious Domain 3 Serenity Realm 3-4,2026-09-19 02:35 UTC,2026-09-18T22:52:00Z
1435,Contrast Current,Aura,,,,https://swordburst2.fandom.com/Special:Redirect/file/Contrast_Current1.png,,Colliding Polarities Aura Chest,,,,,FALSE,,,,10,,auras,Gracious Domain 3 Serenity Realm 3-4,2026-09-19 02:35 UTC,2026-09-18T22:52:00Z
1436,Duality Flutter,Aura,,,,https://swordburst2.fandom.com/Special:Redirect/file/Duality_Flutter1.png,,Colliding Polarities Aura Chest,,,,,FALSE,,,,30-35,,auras,Gracious Domain 3 Serenity Realm 3-4,2026-09-19 02:35 UTC,2026-09-18T22:52:00Z
1437,White Flame,Aura,,,,https://swordburst2.fandom.com/Special:Redirect/file/White_Flame1.png,,Colliding Polarities Aura Chest,,,,,FALSE,,,,10-12,,auras,Gracious Domain 3 Serenity Realm 3-4,2026-09-19 02:35 UTC,2026-09-18T22:52:00Z
1438,Dark Flare,Aura,,,,https://swordburst2.fandom.com/Special:Redirect/file/Dark_Flare1.png,,Colliding Polarities Aura Chest,,,,,FALSE,,,,10,,auras,Gracious Domain 3 Serenity Realm 3-4,2026-09-19 02:35 UTC,2026-09-18T22:52:00Z
1439,Kapow Body Aura,Body Aura,Body,,,https://swordburst2.fandom.com/Special:Redirect/file/Kapow_Body_Aura.png,,Mythic Essense Body Aura Chest,,,,,FALSE,,,,,,,,2026-09-19 02:35 UTC,2026-09-18T22:52:00Z
1440,Duality Flow Body Aura,Body Aura,Body,,,https://swordburst2.fandom.com/Special:Redirect/file/Duality_Flow_Body_Aura.png,,Mythic Essense Body Aura Chest,,,,,FALSE,,,,,,,,2026-09-19 02:35 UTC,2026-09-18T22:52:00Z
1441,Glacial Snowflake Body Aura,Body Aura,Body,,,https://swordburst2.fandom.com/Special:Redirect/file/Glacial_Snowflake_Body_Aura.png,,Mythic Essense Body Aura Chest,,,,,FALSE,,,,,,,,2026-09-19 02:35 UTC,2026-09-18T22:52:00Z
1442,Falling Star Body Aura,Body Aura,Body,,,https://swordburst2.fandom.com/Special:Redirect/file/Falling_Star_Body_Aura.png,,Mythic Essense Body Aura Chest,,,,,FALSE,,,,,,,,2026-09-19 02:35 UTC,2026-09-18T22:52:00Z
1443,Calamity Body Aura,Body Aura,Body,,,https://swordburst2.fandom.com/Special:Redirect/file/Calamity_Body_Aura.png,,Mythic Essense Body Aura Chest,,,,,FALSE,,,,,,,,2026-09-19 02:35 UTC,2026-09-18T22:52:00Z
1444,Plasma Wrath Body Aura,Body Aura,Body,,,https://swordburst2.fandom.com/Special:Redirect/file/Plasma_Wrath_Body_Aura.png,,Mythic Essense Body Aura Chest,,,,,FALSE,,,,,,,,2026-09-19 02:35 UTC,2026-09-18T22:52:00Z
1445,Arcane Magic Body Aura,Body Aura,Body,,,https://swordburst2.fandom.com/Special:Redirect/file/Arcane_Magic_Body_Aura.png,,Mythic Essense Body Aura Chest,,,,,FALSE,,,,,,,,2026-09-19 02:35 UTC,2026-09-18T22:52:00Z
1446,Soft Corals Aura,Aura,,,,https://swordburst2.fandom.com/Special:Redirect/file/Soft_Coral_Aura.png,,Deep Dive Aura Chest,,,,,FALSE,,,,,,,,2026-09-19 02:35 UTC,2026-09-18T22:52:00Z
1447,Starving Venom Aura,Aura,,,,https://swordburst2.fandom.com/Special:Redirect/file/Starving_Venom_Aura.png,,Deep Dive Aura Chest,,,,,FALSE,,,,,,,,2026-09-19 02:35 UTC,2026-09-18T22:52:00Z
1448,Terrifying Poison Aura,Aura,,,,https://swordburst2.fandom.com/Special:Redirect/file/Terrifying_Poison_Aura.png,,Deep Dive Aura Chest,,,,,FALSE,,,,,,,,2026-09-19 02:35 UTC,2026-09-18T22:52:00Z
1449,Depth's Light Aura,Aura,,,,https://swordburst2.fandom.com/Special:Redirect/file/Depth's_Light_Aura.png,,Deep Dive Aura Chest,,,,,FALSE,,,,,,,,2026-09-19 02:35 UTC,2026-09-18T22:52:00Z
1450,Angler Trap Aura,Aura,,,,https://swordburst2.fandom.com/Special:Redirect/file/Angler_Trap_Aura.png,,Deep Dive Aura Chest,,,,,FALSE,,,,,,,,2026-09-19 02:35 UTC,2026-09-18T22:52:00Z
1451,Abyss Current Aura,Aura,,,,https://swordburst2.fandom.com/Special:Redirect/file/Abyss_Current_Aura_.png,,Deep Dive Aura Chest,,,,,FALSE,,,,,,,,2026-09-19 02:35 UTC,2026-09-18T22:52:00Z
1452,Bubble Protection Body Aura,Body Aura,Body,,,https://swordburst2.fandom.com/Special:Redirect/file/Bubble_Protection_Body_Aura.png,,Submerged Secrets Body Aura Chest,,,,,FALSE,,,,,,,,2026-09-19 02:35 UTC,2026-09-18T22:52:00Z
1453,Starfish Body Aura,Body Aura,Body,,,https://swordburst2.fandom.com/Special:Redirect/file/Starfish_Body_Aura.png,,Submerged Secrets Body Aura Chest,,,,,FALSE,,,,,,,,2026-09-19 02:35 UTC,2026-09-18T22:52:00Z
1454,Aqua Veil Body Aura,Body Aura,Body,,,https://swordburst2.fandom.com/Special:Redirect/file/Aqua_Veil_Body_Aura.png,,Submerged Secrets Body Aura Chest,,,,,FALSE,,,,,,,,2026-09-19 02:35 UTC,2026-09-18T22:52:00Z
1455,Whirlpool Body Aura,Body Aura,Body,,,https://swordburst2.fandom.com/Special:Redirect/file/Whirlpool_Body_Aura.png,,Submerged Secrets Body Aura Chest,,,,,FALSE,,,,,,,,2026-09-19 02:35 UTC,2026-09-18T22:52:00Z
1456,Sharkborne Body Aura,Body Aura,Body,,,https://swordburst2.fandom.com/Special:Redirect/file/Sharkborne_Body_Aura.png,,Submerged Secrets Body Aura Chest,,,,,FALSE,,,,,,,,2026-09-19 02:35 UTC,2026-09-18T22:52:00Z
1457,Sovereign Presence Body Aura,Body Aura,Body,,,https://swordburst2.fandom.com/Special:Redirect/file/Sovereign_Presence_Body_Aura.png,,Submerged Secrets Body Aura Chest,,,,,FALSE,,,,,,,,2026-09-19 02:35 UTC,2026-09-18T22:52:00Z
1458,Arctic Evil,Body Aura,Body,,,https://swordburst2.fandom.com/Special:Redirect/file/ArcticEvil.png,,Hellbound Body Aura Chest,,,,,FALSE,,,,,,,,2026-09-19 02:35 UTC,2026-09-18T22:52:00Z
1459,Fiery Devil,Body Aura,Body,,,https://swordburst2.fandom.com/Special:Redirect/file/FieryDevil.png,,Hellbound Body Aura Chest,,,,,FALSE,,,,3-4,,auras,Idol Star Bundle 500 Arising Star,2026-09-19 02:35 UTC,2026-09-18T22:52:00Z
1460,Peony Devil,Body Aura,Body,,,https://swordburst2.fandom.com/Special:Redirect/file/PeonyDevil.png,,Hellbound Body Aura Chest,,,,,FALSE,,,,15,,auras,Idol Star Bundle 500 Arising Star,2026-09-19 02:35 UTC,2026-09-18T22:52:00Z
1461,Mischief Evil,Body Aura,Body,,,https://swordburst2.fandom.com/Special:Redirect/file/MischiefEvil.png,,Hellbound Body Aura Chest,,,,,FALSE,,,,,,,,2026-09-19 02:35 UTC,2026-09-18T22:52:00Z
1462,Hellraiser Devil,Body Aura,Body,,,https://swordburst2.fandom.com/Special:Redirect/file/HellraiserDevil.png,,Hellbound Body Aura Chest,,,,,FALSE,,,,40,,auras,Idol Star Bundle 500 Arising Star,2026-09-19 02:35 UTC,2026-09-18T22:52:00Z
1463,Shadow Veil,Body Aura,Body,,,https://swordburst2.fandom.com/Special:Redirect/file/ShadowVeil.png,,Hellbound Body Aura Chest,,,,,FALSE,,,,40,,auras,Idol Star Bundle 500 Arising Star,2026-09-19 02:35 UTC,2026-09-18T22:52:00Z
1464,Sky Angel Body Aura,Body Aura,Body,,,https://swordburst2.fandom.com/Special:Redirect/file/BlueBAyes.png,,Heaven Sent Body Aura Chest,,,,,FALSE,,,,,,,,2026-09-19 02:35 UTC,2026-09-18T22:52:00Z
1465,Dawn Angel Body Aura,Body Aura,Body,,,https://swordburst2.fandom.com/Special:Redirect/file/DawnBA.png,,Heaven Sent Body Aura Chest,,,,,FALSE,,,,,,,,2026-09-19 02:35 UTC,2026-09-18T22:52:00Z
1466,Fallen Angel Body Aura,Body Aura,Body,,,https://swordburst2.fandom.com/Special:Redirect/file/FallenBA.png,,Heaven Sent Body Aura Chest,,,,,FALSE,,,,,,,,2026-09-19 02:35 UTC,2026-09-18T22:52:00Z
1467,Earthen Body Aura,Body Aura,Body,,,https://swordburst2.fandom.com/Special:Redirect/file/EarthenBA.png,,Heaven Sent Body Aura Chest,,,,,FALSE,,,,,,,,2026-09-19 02:35 UTC,2026-09-18T22:52:00Z
1468,Corrupted Angel Body Aura,Body Aura,Body,,,https://swordburst2.fandom.com/Special:Redirect/file/CorruptedAngelBA.png,,Heaven Sent Body Aura Chest,,,,,FALSE,,,,,,,,2026-09-19 02:35 UTC,2026-09-18T22:52:00Z
1469,Angel Body Aura,Body Aura,Body,,,https://swordburst2.fandom.com/Special:Redirect/file/AngelBodyAura.png,,Heaven Sent Body Aura Chest,,,,,FALSE,,,,,,,,2026-09-19 02:35 UTC,2026-09-18T22:52:00Z
1470,Floating Gifts Body Aura,Body Aura,Body,,,https://swordburst2.fandom.com/Special:Redirect/file/Floating_Gifts_Body_Aura.png,,Winter Event v1 Body Aura Chest,,,,,FALSE,,,,,,,,2026-09-19 02:35 UTC,2026-09-18T22:52:00Z
1471,Red Ribbon Body Aura,Body Aura,Body,,,https://swordburst2.fandom.com/Special:Redirect/file/Red_Ribbon_Body_Aura.png,,Winter Event v1 Body Aura Chest,,,,,FALSE,,,,,,,,2026-09-19 02:35 UTC,2026-09-18T22:52:00Z
1472,Glowing Sprites Body Aura,Body Aura,Body,,,https://swordburst2.fandom.com/Special:Redirect/file/Glowing_Sprites_Body_Aura.png,,Winter Event v1 Body Aura Chest,,,,,FALSE,,,,,,,,2026-09-19 02:35 UTC,2026-09-18T22:52:00Z
1473,Festive Lights Body Aura,Body Aura,Body,,,https://swordburst2.fandom.com/Special:Redirect/file/Festive_Lights_Body_Aura.png,,Winter Event v1 Body Aura Chest,,,,,FALSE,,,,,,,,2026-09-19 02:35 UTC,2026-09-18T22:52:00Z
1474,Glimmering Starlight Body Aura,Body Aura,Body,,,https://swordburst2.fandom.com/Special:Redirect/file/Glimmering_Starlight_Body_Aura.png,,Winter Event v1 Body Aura Chest,,,,,FALSE,,,,,,,,2026-09-19 02:35 UTC,2026-09-18T22:52:00Z
1475,Icey Wings Body Aura,Body Aura,Body,,,https://swordburst2.fandom.com/Special:Redirect/file/Icey_Wings_Body_Aura.png,,Winter Event v1 Body Aura Chest,,,,,FALSE,,,,,,,,2026-09-19 02:35 UTC,2026-09-18T22:52:00Z
1476,Christmas Spirit Aura,Aura,,,,https://swordburst2.fandom.com/Special:Redirect/file/Christmas_Spirit.png,,Frosted Wonders Aura Chest,,,,,FALSE,,,,,,,,2026-09-19 02:35 UTC,2026-09-18T22:52:00Z
1477,Jolly Mints Aura,Aura,,,,https://swordburst2.fandom.com/Special:Redirect/file/Jolly_Mints.png,,Frosted Wonders Aura Chest,,,,,FALSE,,,,,,,,2026-09-19 02:35 UTC,2026-09-18T22:52:00Z
1478,Glittering Aurora Aura,Aura,,,,https://swordburst2.fandom.com/Special:Redirect/file/Glittering_Aurora.png,,Frosted Wonders Aura Chest,,,,,FALSE,,,,,,,,2026-09-19 02:35 UTC,2026-09-18T22:52:00Z
1479,Snowstorm Aura,Aura,,,,https://swordburst2.fandom.com/Special:Redirect/file/Snowstorm.png,,Frosted Wonders Aura Chest,,,,,FALSE,,,,,,,,2026-09-19 02:35 UTC,2026-09-18T22:52:00Z
1480,North Star Aura,Aura,,,,https://swordburst2.fandom.com/Special:Redirect/file/North_Star_Aura.png,,Frosted Wonders Aura Chest,,,,,FALSE,,,,,,,,2026-09-19 02:35 UTC,2026-09-18T22:52:00Z
1481,Prismatic Haze Aura,Aura,,,,https://swordburst2.fandom.com/Special:Redirect/file/Prismatic_Haze.png,,Frosted Wonders Aura Chest,,,,,FALSE,,,,,,,,2026-09-19 02:35 UTC,2026-09-18T22:52:00Z
1482,Heart Candy Body Aura,Body Aura,Body,,,https://swordburst2.fandom.com/Special:Redirect/file/Heart_Candy_Body_Aura.webp,,Charming Shot Body Auras,,,,,FALSE,,,,,,,,2026-09-19 02:35 UTC,2026-09-18T22:52:00Z
1483,Crystal Hearts Body Aura,Body Aura,Body,,,https://swordburst2.fandom.com/Special:Redirect/file/Crystal_Hearts_Body_Aura.webp,,Charming Shot Body Auras,,,,,FALSE,,,,,,,,2026-09-19 02:35 UTC,2026-09-18T22:52:00Z
1484,Cupid's Arrow Body Aura,Body Aura,Body,,,https://swordburst2.fandom.com/Special:Redirect/file/Cupid's_Arrow_Body_Aura.webp,,Charming Shot Body Auras,,,,,FALSE,,,,,,,,2026-09-19 02:35 UTC,2026-09-18T22:52:00Z
1485,Enamored Hearts Body Aura,Body Aura,Body,,,https://swordburst2.fandom.com/Special:Redirect/file/Enamored_Hearts_Body_Aura.webp,,Charming Shot Body Auras,,,,,FALSE,,,,,,,,2026-09-19 02:35 UTC,2026-09-18T22:52:00Z
1486,Lover's Daydream Body Aura,Body Aura,Body,,,https://swordburst2.fandom.com/Special:Redirect/file/Lover's_Daydream_Body_Aura.webp,,Charming Shot Body Auras,,,,,FALSE,,,,,,,,2026-09-19 02:35 UTC,2026-09-18T22:52:00Z
1487,Corrupted Lovestorm Body Aura,Body Aura,Body,,,https://swordburst2.fandom.com/Special:Redirect/file/Corrupted_Lovestorm_Body_Aura.webp,,Charming Shot Body Auras,,,,,FALSE,,,,,,,,2026-09-19 02:35 UTC,2026-09-18T22:52:00Z
1488,Roselight Heart Aura,Aura,,,,https://swordburst2.fandom.com/Special:Redirect/file/Roselight_Heart_Aura.webp,,SweetHeart Aura Chest,,,,,FALSE,,,,,,,,2026-09-19 02:35 UTC,2026-09-18T22:52:00Z
1489,Cupid's Whisper Aura,Aura,,,,https://swordburst2.fandom.com/Special:Redirect/file/Cupid's_Whisper_Aura.webp,,SweetHeart Aura Chest,,,,,FALSE,,,,,,,,2026-09-19 02:35 UTC,2026-09-18T22:52:00Z
1490,Sealed Affection Aura,Aura,,,,https://swordburst2.fandom.com/Special:Redirect/file/Sealed_Affection_Aura.webp,,SweetHeart Aura Chest,,,,,FALSE,,,,,,,,2026-09-19 02:35 UTC,2026-09-18T22:52:00Z
1491,Crimson Devotion Aura,Aura,,,,https://swordburst2.fandom.com/Special:Redirect/file/Crimson_Devotion_Aura.webp,,SweetHeart Aura Chest,,,,,FALSE,,,,,,,,2026-09-19 02:35 UTC,2026-09-18T22:52:00Z
1492,Velvet Truffle Aura,Aura,,,,https://swordburst2.fandom.com/Special:Redirect/file/Velvet_Truffle_Aura.webp,,SweetHeart Aura Chest,,,,,FALSE,,,,,,,,2026-09-19 02:35 UTC,2026-09-18T22:52:00Z
1493,Everbloom Grace Aura,Aura,,,,https://swordburst2.fandom.com/Special:Redirect/file/Everbloom_Grace_Aura.webp,,SweetHeart Aura Chest,,,,,FALSE,,,,,,,,2026-09-19 02:35 UTC,2026-09-18T22:52:00Z
1494,Radiant Celebration Aura,Aura,,,,https://swordburst2.fandom.com/Special:Redirect/file/Radiant_Celebration_Aura.png,,Winter's Symphony Aura Chest,,,,,FALSE,,,,,,,,2026-09-19 02:35 UTC,2026-09-18T22:52:00Z
1495,Dreamspark Canopy Aura,Aura,,,,https://swordburst2.fandom.com/Special:Redirect/file/Dreamspark_Canopy_Aura.png,,Winter's Symphony Aura Chest,,,,,FALSE,,,,,,,,2026-09-19 02:35 UTC,2026-09-18T22:52:00Z
1496,Liberation Aura,Aura,,,,https://swordburst2.fandom.com/Special:Redirect/file/Liberation_Aura.png,,Winter's Symphony Aura Chest,,,,,FALSE,,,,,,,,2026-09-19 02:35 UTC,2026-09-18T22:52:00Z
1497,Polar Vortex Aura,Aura,,,,https://swordburst2.fandom.com/Special:Redirect/file/Polar_Vortex_Aura.png,,Winter's Symphony Aura Chest,,,,,FALSE,,,,,,,,2026-09-19 02:35 UTC,2026-09-18T22:52:00Z
1498,Marbled Void Aura,Aura,,,,https://swordburst2.fandom.com/Special:Redirect/file/Marbled_Void_Aura.png,,Winter's Symphony Aura Chest,,,,,FALSE,,,,,,,,2026-09-19 02:35 UTC,2026-09-18T22:52:00Z
1499,Ice Monarch Aura,Aura,,,,https://swordburst2.fandom.com/Special:Redirect/file/Ice_Monarch_Aura.png,,Winter's Symphony Aura Chest,,,,,FALSE,,,,,,,,2026-09-19 02:35 UTC,2026-09-18T22:52:00Z
1500,Sanguine's Destiny Aura,Aura,,,,https://swordburst2.fandom.com/Special:Redirect/file/Sanguine's_Destiny_Aura.webp,,Prismatic Fate Aura Chest,,,,,FALSE,,,,,,,,2026-09-19 02:35 UTC,2026-09-18T22:52:00Z
1501,Veridical Vitality Aura,Aura,,,,https://swordburst2.fandom.com/Special:Redirect/file/Veridical_Vitality_Aura.webp,,Prismatic Fate Aura Chest,,,,,FALSE,,,,,,,,2026-09-19 02:35 UTC,2026-09-18T22:52:00Z
1502,Burning Ambition Aura,Aura,,,,https://swordburst2.fandom.com/Special:Redirect/file/Burning_Ambition_Aura.webp,,Prismatic Fate Aura Chest,,,,,FALSE,,,,,,,,2026-09-19 02:35 UTC,2026-09-18T22:52:00Z
1503,Royal Providence Aura,Aura,,,,https://swordburst2.fandom.com/Special:Redirect/file/Royal_Providence_Aura.webp,,Prismatic Fate Aura Chest,,,,,FALSE,,,,,,,,2026-09-19 02:35 UTC,2026-09-18T22:52:00Z
1504,Spectral Amethyst Aura,Aura,,,,https://swordburst2.fandom.com/Special:Redirect/file/Spectral_Amethyst_Aura.webp,,Prismatic Fate Aura Chest,,,,,FALSE,,,,,,,,2026-09-19 02:35 UTC,2026-09-18T22:52:00Z
1505,Prismatic Serenity Aura,Aura,,,,https://swordburst2.fandom.com/Special:Redirect/file/Prismatic_Serenity_Aura.webp,,Prismatic Fate Aura Chest,,,,,FALSE,,,,,,,,2026-09-19 02:35 UTC,2026-09-18T22:52:00Z
1506,Update Is... Aura,Aura,,,,https://swordburst2.fandom.com/Special:Redirect/file/Update_is...webp,,April Fools Aura Chest,,,,,FALSE,,,,30-40,,auras,Gracious Domain 3 Serenity Realm 3-4,2026-09-19 02:35 UTC,2026-09-18T22:52:00Z
1507,Clown Pepe Aura,Aura,,,,https://swordburst2.fandom.com/Special:Redirect/file/Clown_Pepe_Aura2.webp,,April Fools Aura Chest,,,,,FALSE,,,,10-15,,auras,Gracious Domain 3 Serenity Realm 3-4,2026-09-19 02:35 UTC,2026-09-18T22:52:00Z
1508,Yato's Paycheck Aura,Aura,,,,https://swordburst2.fandom.com/Special:Redirect/file/Yato's_paycheck.png,,April Fools Aura Chest,,,,,FALSE,,,,,,,,2026-09-19 02:35 UTC,2026-09-18T22:52:00Z
1509,Trollface Aura,Aura,,,,https://swordburst2.fandom.com/Special:Redirect/file/Trollface_Aura2.webp,,April Fools Aura Chest,,,,,FALSE,,,,10-15,,auras,Gracious Domain 3 Serenity Realm 3-4,2026-09-19 02:35 UTC,2026-09-18T22:52:00Z
1510,Ratfestt Aura,Aura,,,,https://swordburst2.fandom.com/Special:Redirect/file/Ratfestt_Aura.png,,April Fools Aura Chest,,,,,FALSE,,,,10-15,,auras,Gracious Domain 3 Serenity Realm 3-4,2026-09-19 02:35 UTC,2026-09-18T22:52:00Z
1511,Chicken Wings Aura,Aura,,,,https://swordburst2.fandom.com/Special:Redirect/file/Chicken_Wings_Aura.webp,,April Fools Aura Chest,,,,,FALSE,,,,20,,auras,Gracious Domain 3 Serenity Realm 3-4,2026-09-19 02:35 UTC,2026-09-18T22:52:00Z
1512,Blooming Etoile,Aura,,,,https://swordburst2.fandom.com/Special:Redirect/file/Blooming_Etoile.webp,,Easter Blessing's Aura Chest,,,,,FALSE,,,,20-25,,auras,Gracious Domain 3 Serenity Realm 3-4,2026-09-19 02:35 UTC,2026-09-18T22:52:00Z
1513,Bunny Blessing Aura,Aura,,,,https://swordburst2.fandom.com/Special:Redirect/file/Bunny_Blessing_Aura.webp,,Easter Blessing's Aura Chest,,,,,FALSE,,,,,,,,2026-09-19 02:35 UTC,2026-09-18T22:52:00Z
1514,Easter Essence,Aura,,,,https://swordburst2.fandom.com/Special:Redirect/file/Easter_Essence.webp,,Easter Blessing's Aura Chest,,,,,FALSE,,,,8,,auras,Gracious Domain 3 Serenity Realm 3-4,2026-09-19 02:35 UTC,2026-09-18T22:52:00Z
1515,Flourishing Blooms,Aura,,,,https://swordburst2.fandom.com/Special:Redirect/file/Flourishing_Blooms.webp,,Easter Blessing's Aura Chest,,,,,FALSE,,,,25,,auras,Gracious Domain 3 Serenity Realm 3-4,2026-09-19 02:35 UTC,2026-09-18T22:52:00Z
1516,Golden Eggcelence,Aura,,,,https://swordburst2.fandom.com/Special:Redirect/file/Golden_Eggcelence.webp,,Easter Blessing's Aura Chest,,,,,FALSE,,,,20,,auras,Gracious Domain 3 Serenity Realm 3-4,2026-09-19 02:35 UTC,2026-09-18T22:52:00Z
1517,Grassy Patch,Aura,,,,https://swordburst2.fandom.com/Special:Redirect/file/Grassy_Patch.webp,,Easter Blessing's Aura Chest,,,,,FALSE,,,,2,,auras,Gracious Domain 3 Serenity Realm 3-4,2026-09-19 02:35 UTC,2026-09-18T22:52:00Z
1518,Coldfront Body Aura,Body Aura,Body,,,https://swordburst2.fandom.com/Special:Redirect/file/Coldfront_Body_Aura.webp,,Celestial Body Aura,,,,,FALSE,,,,,,,,2026-09-19 02:35 UTC,2026-09-18T22:52:00Z
1519,Aqua Mist Body Aura,Body Aura,Body,,,https://swordburst2.fandom.com/Special:Redirect/file/Aqua_Mist_Body_Aura.webp,,Celestial Body Aura,,,,,FALSE,,,,,,,,2026-09-19 02:35 UTC,2026-09-18T22:52:00Z
1520,Mist Mage Rune Body Aura,Body Aura,Body,,,https://swordburst2.fandom.com/Special:Redirect/file/Mist_Mage_Rune_Body_Aura.webp,,Celestial Body Aura,,,,,FALSE,,,,,,,,2026-09-19 02:35 UTC,2026-09-18T22:52:00Z
1521,Inferno Burst Body Aura,Body Aura,Body,,,https://swordburst2.fandom.com/Special:Redirect/file/Inferno_Burst_Body_Aura.webp,,Celestial Body Aura,,,,,FALSE,,,,,,,,2026-09-19 02:35 UTC,2026-09-18T22:52:00Z
1522,Blossom Flame Body Aura,Body Aura,Body,,,https://swordburst2.fandom.com/Special:Redirect/file/Blossom_Flame_Body_Aura.webp,,Celestial Body Aura,,,,,FALSE,,,,,,,,2026-09-19 02:35 UTC,2026-09-18T22:52:00Z
1523,Celestial Portal Body Aura,Body Aura,Body,,,https://swordburst2.fandom.com/Special:Redirect/file/Celestial_Portal_Body_Aura.webp,,Celestial Body Aura,,,,,FALSE,,,,,,,,2026-09-19 02:35 UTC,2026-09-18T22:52:00Z
1524,Corrupting Haze aura,Aura,,,,https://swordburst2.fandom.com/Special:Redirect/file/Corrupting_haze_aura.webp,,Chrono Abyss Aura Chest,,,,,FALSE,,,,,,,,2026-09-19 02:35 UTC,2026-09-18T22:52:00Z
1525,Ignition Burst Aura,Aura,,,,https://swordburst2.fandom.com/Special:Redirect/file/Ignition_burst_aura.webp,,Chrono Abyss Aura Chest,,,,,FALSE,,,,,,,,2026-09-19 02:35 UTC,2026-09-18T22:52:00Z
1526,Crimson Carnage aura,Aura,,,,https://swordburst2.fandom.com/Special:Redirect/file/Crimson_carnage_aura.webp,,Chrono Abyss Aura Chest,,,,,FALSE,,,,,,,,2026-09-19 02:35 UTC,2026-09-18T22:52:00Z
1527,Celestial Genesis aura,Aura,,,,https://swordburst2.fandom.com/Special:Redirect/file/Celestial_genesis_aura.webp,,Chrono Abyss Aura Chest,,,,,FALSE,,,,,,,,2026-09-19 02:35 UTC,2026-09-18T22:52:00Z
1528,Smoldering Flame Aura,Aura,,,,https://swordburst2.fandom.com/Special:Redirect/file/Smoldering_flame_aura.webp,,Chrono Abyss Aura Chest,,,,,FALSE,,,,,,,,2026-09-19 02:35 UTC,2026-09-18T22:52:00Z
1529,Voidflame Aura,Aura,,,,https://swordburst2.fandom.com/Special:Redirect/file/Voidflame_aura.webp,,Chrono Abyss Aura Chest,,,,,FALSE,,,,,,,,2026-09-19 02:35 UTC,2026-09-18T22:52:00Z
1530,Laval Glimmer body Aura,Body Aura,Body,,,https://swordburst2.fandom.com/Special:Redirect/file/Laval_glimmer_body_aura.webp,,Molten Body Aura Chest,,,,,FALSE,,,,,,,,2026-09-19 02:35 UTC,2026-09-18T22:52:00Z
1531,Phreatic Detonation Body Aura,Body Aura,Body,,,https://swordburst2.fandom.com/Special:Redirect/file/Phreatic_detonation_body_aura.webp,,Molten Body Aura Chest,,,,,FALSE,,,,,,,,2026-09-19 02:35 UTC,2026-09-18T22:52:00Z
1532,Magmatic Haze Body Aura,Body Aura,Body,,,https://swordburst2.fandom.com/Special:Redirect/file/Magmatic_Haze_Body_Aura.webp,,Molten Body Aura Chest,,,,,FALSE,,,,,,,,2026-09-19 02:35 UTC,2026-09-18T22:52:00Z
1533,Ignis Catalyst Body Aura,Body Aura,Body,,,https://swordburst2.fandom.com/Special:Redirect/file/Ignis_catalyst_body_aura.webp,,Molten Body Aura Chest,,,,,FALSE,,,,,,,,2026-09-19 02:35 UTC,2026-09-18T22:52:00Z
1534,Smoldering Flame Body Aura,Body Aura,Body,,,https://swordburst2.fandom.com/Special:Redirect/file/Smoldering_flame_aura.webp,,Molten Body Aura Chest,,,,,FALSE,,,,,,,,2026-09-19 02:35 UTC,2026-09-18T22:52:00Z
1535,Monochrome Flare Body Aura,Body Aura,Body,,,https://swordburst2.fandom.com/Special:Redirect/file/Monochrome_flare_body_aura.webp,,Molten Body Aura Chest,,,,,FALSE,,,,,,,,2026-09-19 02:35 UTC,2026-09-18T22:52:00Z
1536,Coconut Aura,Aura,,,,https://swordburst2.fandom.com/Special:Redirect/file/Coconut_Aura.png,,Fruit Salads Aura Chest,,,,,FALSE,,,,,,,,2026-09-19 02:35 UTC,2026-09-18T22:52:00Z
1537,Mango Aura.png,Aura,,,,https://swordburst2.fandom.com/Special:Redirect/file/Mango_Aura.png,,Fruit Salads Aura Chest,,,,,FALSE,,,,,,,,2026-09-19 02:35 UTC,2026-09-18T22:52:00Z
1538,Strawberry Aura.png,Aura,,,,https://swordburst2.fandom.com/Special:Redirect/file/Strawberry_Aura.png,,Fruit Salads Aura Chest,,,,,FALSE,,,,,,,,2026-09-19 02:35 UTC,2026-09-18T22:52:00Z
1539,DragonFruit Aura,Aura,,,,https://swordburst2.fandom.com/Special:Redirect/file/DragonFruit_Aura.png,,Fruit Salads Aura Chest,,,,,FALSE,,,,,,,,2026-09-19 02:35 UTC,2026-09-18T22:52:00Z
1540,Watermelon Aura,Aura,,,,https://swordburst2.fandom.com/Special:Redirect/file/Watermelon_Aura.png,,Fruit Salads Aura Chest,,,,,FALSE,,,,,,,,2026-09-19 02:35 UTC,2026-09-18T22:52:00Z
1541,Banana Aura.png,Aura,,,,https://swordburst2.fandom.com/Special:Redirect/file/Banana_Aura.png,,Fruit Salads Aura Chest,,,,,FALSE,,,,,,,,2026-09-19 02:35 UTC,2026-09-18T22:52:00Z
1542,Nightmaric Aberration,Aura,,,,https://swordburst2.fandom.com/Special:Redirect/file/Nightmaric_Aberration_Aura.png,,Atheon,,,,,FALSE,,,,,,,,2026-09-19 02:35 UTC,2026-09-18T22:52:00Z
1543,Vicious Spirit Aura,Aura,,,,https://swordburst2.fandom.com/Special:Redirect/file/Vicious_Spirit_Aura.png,,Corrupted Atheon,,,,,FALSE,,,,,,,,2026-09-19 02:35 UTC,2026-09-18T22:52:00Z
1544,Aethierian Nova,Aura,,,,https://swordburst2.fandom.com/Special:Redirect/file/Aethierian_Nova_Aura.png,,Quest,,,,,FALSE,,,,,,,,2026-09-19 02:35 UTC,2026-09-18T22:52:00Z
1545,Hell's Star Aura,Aura,,,,https://swordburst2.fandom.com/Special:Redirect/file/Hell's_Star_Aura.png,,Quest,,,,,FALSE,,,,,,,,2026-09-19 02:35 UTC,2026-09-18T22:52:00Z
1546,Souls Lament Aura,Aura,,,,https://swordburst2.fandom.com/Special:Redirect/file/Souls_Lament_Aura.png,,Quest,,,,,FALSE,,,,,,,,2026-09-19 02:35 UTC,2026-09-18T22:52:00Z
1547,Azure Voltage,Aura,,,,https://swordburst2.fandom.com/Special:Redirect/file/Azure_Voltage.png,,Quest,,,,,FALSE,,,,4,,auras,Atheon's Realm 2 Nightmaric Abberation 2,2026-09-19 02:35 UTC,2026-09-18T22:52:00Z
1548,Wraith's Curse Aura,Aura,,,,https://swordburst2.fandom.com/Special:Redirect/file/Wraith's_Curse_Aura.png,,Big Candy Bag,,,,,FALSE,,,,,,,,2026-09-19 02:35 UTC,2026-09-18T22:52:00Z
1549,Magic Flare Aura,Aura,,,,https://swordburst2.fandom.com/Special:Redirect/file/Magic_Flare_Aura.png,,Hollow Shopkeeper,,,,,FALSE,,,,,,,,2026-09-19 02:35 UTC,2026-09-18T22:52:00Z
1550,Toxic Ooze Aura,Aura,,,,https://swordburst2.fandom.com/Special:Redirect/file/Toxic_Ooze_Aura.png,,Small Candy Bag,,,,,FALSE,,,,,,,,2026-09-19 02:35 UTC,2026-09-18T22:52:00Z
1551,Starblitz Aura,Aura,,,,https://swordburst2.fandom.com/Special:Redirect/file/StarblitzIconNew.png,,Halloween update,,,,,FALSE,,,,,,,,2026-09-19 02:35 UTC,2026-09-18T22:52:00Z
1552,Scarlet Madness Aura,Aura,,,,https://swordburst2.fandom.com/Special:Redirect/file/Scarlet_Madness_Aura.png,,Terror Incarnate,,,,,FALSE,,,,,,,,2026-09-19 02:35 UTC,2026-09-18T22:52:00Z
1553,Specter Encounter Aura,Aura,,,,https://swordburst2.fandom.com/Special:Redirect/file/Specter_Encounter_Aura.png,,Nightmare Candy Bag,,,,,FALSE,,,,,,,,2026-09-19 02:35 UTC,2026-09-18T22:52:00Z
1554,Jack-o's Light Aura,Aura,,,,https://swordburst2.fandom.com/Special:Redirect/file/Jack-o's_Light_Aura.png,,Nightmare Candy Bag,,,,,FALSE,,,,,,,,2026-09-19 02:35 UTC,2026-09-18T22:52:00Z
1555,Fuscia Malice Aura,Aura,,,,https://swordburst2.fandom.com/Special:Redirect/file/Fuscia_Malice_Aura.png,,"Terror Incarnātus, The Eldritch Unbound",,,,,FALSE,,,,,,,,2026-09-19 02:35 UTC,2026-09-18T22:52:00Z
1556,Starscape,Aura,,,,https://swordburst2.fandom.com/Special:Redirect/file/Starscape.png,,From Vienyx events,,,,,FALSE,,,,,,,,2026-09-19 02:35 UTC,2026-09-18T22:52:00Z
1557,Plasma Aura,Aura,,,,https://swordburst2.fandom.com/Special:Redirect/file/Plasma_Aura_Icon.png,,From BGMMasterYTReal events,,,,,FALSE,,,,,,,,2026-09-19 02:35 UTC,2026-09-18T22:52:00Z
1558,Calamitous Flame Aura,Aura,,,,https://swordburst2.fandom.com/Special:Redirect/file/Calamitous_Flame_Aura.png,,From Ayanakojj events,,,,,FALSE,,,,,,,,2026-09-19 02:35 UTC,2026-09-18T22:52:00Z
1559,Golden Shine Body Aura,Body Aura,Body,,,https://swordburst2.fandom.com/Special:Redirect/file/Golden_Shine_Body_Aura_Fan_Art.png,,Gift of Shine,,,,,FALSE,,,,,,,,2026-09-19 02:35 UTC,2026-09-18T22:52:00Z
1560,Silver Shine Body Aura,Body Aura,Body,,,https://swordburst2.fandom.com/Special:Redirect/file/Silver_Shine_Body_Aura_Fan_Art.png,,Gift of Shine,,,,,FALSE,,,,,,,,2026-09-19 02:35 UTC,2026-09-18T22:52:00Z
1561,Final Spectrum Aura,Aura,,,,https://swordburst2.fandom.com/Special:Redirect/file/Final_Spectrum_Aura.png,,The Final Gift,,,,,FALSE,,,,,,,,2026-09-19 02:35 UTC,2026-09-18T22:52:00Z
1562,Easterian Flame Body Aura,Body Aura,Body,,,https://swordburst2.fandom.com/Special:Redirect/file/Easterian_Flame_Body_Aura.png,,Egg Hunt event,,,,,FALSE,,,,,,,,2026-09-19 02:35 UTC,2026-09-18T22:52:00Z
1563,Eggcellent Burst Body Aura,Body Aura,Body,,,https://swordburst2.fandom.com/Special:Redirect/file/Eggcellent_Burst_Body_Aura.png,,Killer Bunny,,,,,FALSE,,,,,,,,2026-09-19 02:35 UTC,2026-09-18T22:52:00Z
1564,Blue Burst Aura,Body Aura,Body,,,https://swordburst2.fandom.com/Special:Redirect/file/Blue_Burst_Aura.png,,Shop,,,,,FALSE,,,,,,,,2026-09-19 02:35 UTC,2026-09-18T22:52:00Z
1565,Orange Burst Aura,Body Aura,Body,,,https://swordburst2.fandom.com/Special:Redirect/file/Orange_Burst_Aura.png,,Shop,,,,,FALSE,,,,,,,,2026-09-19 02:35 UTC,2026-09-18T22:52:00Z
1566,Ember,Body Aura,Body,,,https://swordburst2.fandom.com/Special:Redirect/file/Ember.png,,Shop,,,,,FALSE,,,,,,,,2026-09-19 02:35 UTC,2026-09-18T22:52:00Z
1567,Frostbound Body Aura,Body Aura,Body,,,https://swordburst2.fandom.com/Special:Redirect/file/Frostbound_Body_Aura.png,,Bundle,,,,,FALSE,,,,,,,,2026-09-19 02:35 UTC,2026-09-18T22:52:00Z
1568,Crimson Flame Body Aura,Body Aura,Body,,,https://swordburst2.fandom.com/Special:Redirect/file/Crimson_Flame_Body_Aura.png,,Bundle,,,,,FALSE,,,,,,,,2026-09-19 02:35 UTC,2026-09-18T22:52:00Z
1569,Idol Star Body Aura,Body Aura,Body,,,https://swordburst2.fandom.com/Special:Redirect/file/Idol_Star_Body_Aura.png,,Bundle,,,,,FALSE,,,,,,,,2026-09-19 02:35 UTC,2026-09-18T22:52:00Z
1570,Arising Star Aura,Aura,,,,https://swordburst2.fandom.com/Special:Redirect/file/Arising_Star.png,,Bundle,,,,,FALSE,,,,,,,,2026-09-19 02:35 UTC,2026-09-18T22:52:00Z
1571,Love Rush Body Aura,Body Aura,Body,,,https://swordburst2.fandom.com/Special:Redirect/file/Love_Rush_Body_Aura..png,,Shop,,,,,FALSE,,,,,,,,2026-09-19 02:35 UTC,2026-09-18T22:52:00Z
1572,Vibrant Affection Body Aura,Body Aura,Body,,,https://swordburst2.fandom.com/Special:Redirect/file/Vibrant_Affection_Body_Aura.png,,Shop,,,,,FALSE,,,,,,,,2026-09-19 02:35 UTC,2026-09-18T22:52:00Z
1573,Virtual Love Body Aura,Body Aura,Body,,,https://swordburst2.fandom.com/Special:Redirect/file/Virtual_Love_Body_Aura.png,,Shop,,,,,FALSE,,,,,,,,2026-09-19 02:35 UTC,2026-09-18T22:52:00Z
1574,Ghostly Body Aura,Body Aura,Body,,,https://swordburst2.fandom.com/Special:Redirect/file/Ghostly_Body_Aura.png,,Shop,,,,,FALSE,,,,,,,,2026-09-19 02:35 UTC,2026-09-18T22:52:00Z
1575,Dark Energy Body Aura,Body Aura,Body,,,https://swordburst2.fandom.com/Special:Redirect/file/Dark_Energy_Body_Aura.png,,Shop,,,,,FALSE,,,,,,,,2026-09-19 02:35 UTC,2026-09-18T22:52:00Z
1576,Hallowing Body Aura,Body Aura,Body,,,https://swordburst2.fandom.com/Special:Redirect/file/Hallowing_Body_Aura.png,,Shop,,,,,FALSE,,,,,,,,2026-09-19 02:35 UTC,2026-09-18T22:52:00Z
1577,Sweetened Body Aura,Body Aura,Body,,,https://swordburst2.fandom.com/Special:Redirect/file/Sweetened_Body_Aura.png,,Shop,,,,,FALSE,,,,,,,,2026-09-19 02:35 UTC,2026-09-18T22:52:00Z
1578,Crow's Madness Body Aura,Body Aura,Body,,,https://swordburst2.fandom.com/Special:Redirect/file/Crow's_Madness_Body_Aura.png,,Shop,,,,,FALSE,,,,,,,,2026-09-19 02:35 UTC,2026-09-18T22:52:00Z
1579,Phantasmatic Violet Body Aura,Body Aura,Body,,,https://swordburst2.fandom.com/Special:Redirect/file/Phantasmatic_Violet_Body_Aura..png,,Shop,,,,,FALSE,,,,,,,,2026-09-19 02:35 UTC,2026-09-18T22:52:00Z
1580,Hellscape Body Aura,Body Aura,Body,,,https://swordburst2.fandom.com/Special:Redirect/file/Hellscape_Body_Aura.png,,Shop,,,,,FALSE,,,,,,,,2026-09-19 02:35 UTC,2026-09-18T22:52:00Z
1581,Scarlet Death Body Aura,Body Aura,Body,,,https://swordburst2.fandom.com/Special:Redirect/file/Scarlet_Death_Body_Aura.png,,Shop,,,,,FALSE,,,,,,,,2026-09-19 02:35 UTC,2026-09-18T22:52:00Z
1582,Pulse Aura,Aura,,,,https://swordburst2.fandom.com/Special:Redirect/file/Pulse_Aura.png,,Emblem Aura Chest,,,,,FALSE,,,,,,,,2026-09-19 02:35 UTC,2026-09-18T22:52:00Z
1583,Recon Aura,Aura,,,,https://swordburst2.fandom.com/Special:Redirect/file/Recon_Aura.png,,Emblem Aura Chest,,,,,FALSE,,,,,,,,2026-09-19 02:35 UTC,2026-09-18T22:52:00Z
1584,Confusion Aura,Aura,,,,https://swordburst2.fandom.com/Special:Redirect/file/Confusion_Aura.png,,Emblem Aura Chest,,,,,FALSE,,,,,,,,2026-09-19 02:35 UTC,2026-09-18T22:52:00Z
1585,Digital Aura,Aura,,,,https://swordburst2.fandom.com/Special:Redirect/file/Digital_Aura.png,,Emblem Aura Chest,,,,,FALSE,,,,,,,,2026-09-19 02:35 UTC,2026-09-18T22:52:00Z
1586,Twinkle Aura,Aura,,,,https://swordburst2.fandom.com/Special:Redirect/file/Twinkle_Aura.png,,Emblem Aura Chest,,,,,FALSE,,,,,,,,2026-09-19 02:35 UTC,2026-09-18T22:52:00Z
1587,Scratches Aura,Aura,,,,https://swordburst2.fandom.com/Special:Redirect/file/Scratches_Aura.png,,Emblem Aura Chest,,,,,FALSE,,,,,,,,2026-09-19 02:35 UTC,2026-09-18T22:52:00Z
1588,Shadow Shard,Miscellaneous,,Tribute,,https://swordburst2.fandom.com/Special:Redirect/file/Shadow_Shard.png,https://swordburst2.fandom.com/wiki/Shadow_Shard,Quests,,,,,FALSE,,,,,,,,2026-09-19 02:35 UTC,2026-09-18T22:52:00Z
1589,Undying Flame Essence,Miscellaneous,,Burst,,https://swordburst2.fandom.com/Special:Redirect/file/Undying_Flame_Essence.png,https://swordburst2.fandom.com/wiki/Undying_Flame_Essence,Atheon or Quests,,,,,FALSE,,,,,,,,2026-09-19 02:35 UTC,2026-09-18T22:52:00Z
1590,Resurrection Crystal,Miscellaneous,,Rare,,https://swordburst2.fandom.com/Special:Redirect/file/Resurrection_Crystal.png,https://swordburst2.fandom.com/wiki/Resurrection_Crystal,"Burst Store, Quests, Rekindled Unborn",,,,,FALSE,,,,,,,,2026-09-19 02:35 UTC,2026-09-18T22:52:00Z
1591,Upgrade Protection Scroll,Miscellaneous,,Rare,,https://swordburst2.fandom.com/Special:Redirect/file/Upgrade_Protection_Scroll.png,https://swordburst2.fandom.com/wiki/Upgrade_Protection_Scroll,"Chests, Quests, Rekindled Unborn",,,,,FALSE,,,,,50k vels,misc,Miscellaneous Items,2026-09-19 02:35 UTC,2026-09-18T22:52:00Z
1592,Common Upgrade Crystal,Miscellaneous,,Common,,https://swordburst2.fandom.com/Special:Redirect/file/Common_Upgrade_Crystal.png,https://swordburst2.fandom.com/wiki/Common_Upgrade_Crystal,Varies,,,,,FALSE,,,,,,,,2026-09-19 02:35 UTC,2026-09-18T22:52:00Z
1593,Uncommon Upgrade Crystal,Miscellaneous,,Uncommon,,https://swordburst2.fandom.com/Special:Redirect/file/Uncommon_Upgrade_Crystal.png,https://swordburst2.fandom.com/wiki/Uncommon_Upgrade_Crystal,Varies,,,,,FALSE,,,,,,,,2026-09-19 02:35 UTC,2026-09-18T22:52:00Z
1594,Rare Upgrade Crystal,Miscellaneous,,Rare,,https://swordburst2.fandom.com/Special:Redirect/file/Rare_Upgrade_Crystal.png,https://swordburst2.fandom.com/wiki/Rare_Upgrade_Crystal,Varies,,,,,FALSE,,,,,,,,2026-09-19 02:35 UTC,2026-09-18T22:52:00Z
1595,Legendary Upgrade Crystal,Miscellaneous,,Legendary,,https://swordburst2.fandom.com/Special:Redirect/file/Legendary_Upgrade_Crystal.png,https://swordburst2.fandom.com/wiki/Legendary_Upgrade_Crystal,Varies,,,,,FALSE,,,,,,,,2026-09-19 02:35 UTC,2026-09-18T22:52:00Z
1596,Tribute Upgrade Crystal,Miscellaneous,,Tribute,,https://swordburst2.fandom.com/Special:Redirect/file/Tributecrystal.png,https://swordburst2.fandom.com/wiki/Tribute_Upgrade_Crystal,Varies,,,,,FALSE,,,,,,,,2026-09-19 02:35 UTC,2026-09-18T22:52:00Z
1597,Burst Upgrade Crystal,Miscellaneous,,Burst,,https://swordburst2.fandom.com/Special:Redirect/file/Burst_Upgrade_Crystal.png,https://swordburst2.fandom.com/wiki/Burst_Upgrade_Crystal,Varies,,,,,FALSE,,,,,,,,2026-09-19 02:35 UTC,2026-09-18T22:52:00Z
1598,???,Miscellaneous,,???,,"https://swordburst2.fandom.com/Special:Redirect/file/""???"".png",https://swordburst2.fandom.com/wiki/???,???,,,,,FALSE,,,,,,,,2026-09-19 02:35 UTC,2026-09-18T22:52:00Z
1599,Small Candy Bag,Miscellaneous,,Uncommon,,https://swordburst2.fandom.com/Special:Redirect/file/Small_Candy_Bag.png,https://swordburst2.fandom.com/wiki/Small_Candy_Bag,"Spooky Hollow (All Mobs), Quests, All Floors With Mobs",,,,,FALSE,,,,,,,,2026-09-19 02:35 UTC,2026-09-18T22:52:00Z
1600,Big Candy Bag,Miscellaneous,,Rare,,https://swordburst2.fandom.com/Special:Redirect/file/Big_Candy_Bag.png,https://swordburst2.fandom.com/wiki/Big_Candy_Bag,"Spooky Hollow, Quests",,,,,FALSE,,,,,,,,2026-09-19 02:35 UTC,2026-09-18T22:52:00Z
1601,Spooky Eye Candy,Miscellaneous,,Rare,,https://swordburst2.fandom.com/Special:Redirect/file/Spooky_Eye_Candy.png,https://swordburst2.fandom.com/wiki/Spooky_Eye_Candy,Varies,,,,,FALSE,,,,,,,,2026-09-19 02:35 UTC,2026-09-18T22:52:00Z
1602,Dreaded Skull Candy,Miscellaneous,,Rare,,https://swordburst2.fandom.com/Special:Redirect/file/Dreaded_Skull_Candy.png,https://swordburst2.fandom.com/wiki/Dreaded_Skull_Candy,Varies,,,,,FALSE,,,,,,,,2026-09-19 02:35 UTC,2026-09-18T22:52:00Z
1603,Ghastly Ghost Candy,Miscellaneous,,Rare,,https://swordburst2.fandom.com/Special:Redirect/file/Ghastly_Ghost_Candy.png,https://swordburst2.fandom.com/wiki/Ghastly_Ghost_Candy,Varies,,,,,FALSE,,,,,,,,2026-09-19 02:35 UTC,2026-09-18T22:52:00Z
1604,Crawling Spider Candy,Miscellaneous,,Rare,,https://swordburst2.fandom.com/Special:Redirect/file/Crawling_Spider_Candy.png,https://swordburst2.fandom.com/wiki/Crawling_Spider_Candy,Varies,,,,,FALSE,,,,,,,,2026-09-19 02:35 UTC,2026-09-18T22:52:00Z
1605,Cursed Bone,Miscellaneous,,Uncommon,,https://swordburst2.fandom.com/Special:Redirect/file/Cursed_Bone.png,https://swordburst2.fandom.com/wiki/Cursed_Bone,Varies,,,,,FALSE,,,,,,,,2026-09-19 02:35 UTC,2026-09-18T22:52:00Z
1606,Cursed Energy,Miscellaneous,,Uncommon,,https://swordburst2.fandom.com/Special:Redirect/file/Cursed_Energy.png,https://swordburst2.fandom.com/wiki/Cursed_Energy,Varies,,,,,FALSE,,,,,,,,2026-09-19 02:35 UTC,2026-09-18T22:52:00Z
1607,Lower Wings of Primordial Terror,Miscellaneous,,Rare,,https://swordburst2.fandom.com/Special:Redirect/file/Lower_Wings_of_Primordial_Terror.png,https://swordburst2.fandom.com/wiki/Lower_Wings_of_Primordial_Terror,Varies,,,,,FALSE,,,,,,,,2026-09-19 02:35 UTC,2026-09-18T22:52:00Z
1608,Upper Wings of Primordial Terror,Miscellaneous,,Rare,,https://swordburst2.fandom.com/Special:Redirect/file/Upper_Wings_of_Primordial_Terror.png,https://swordburst2.fandom.com/wiki/Upper_Wings_of_Primordial_Terror,Varies,,,,,FALSE,,,,,,,,2026-09-19 02:35 UTC,2026-09-18T22:52:00Z
1609,Nightmare Fuel,Miscellaneous,,Legendary,,https://swordburst2.fandom.com/Special:Redirect/file/Nightmare_Fuel.png,https://swordburst2.fandom.com/wiki/Nightmare_Fuel,Varies,,,,,FALSE,,,,,,,,2026-09-19 02:35 UTC,2026-09-18T22:52:00Z
1610,Maiden's Tears,Miscellaneous,,Legendary,,https://swordburst2.fandom.com/Special:Redirect/file/Maiden's_Tears.png,https://swordburst2.fandom.com/wiki/Maiden's_Tears,Varies,,,,,FALSE,,,,,,,,2026-09-19 02:35 UTC,2026-09-18T22:52:00Z
1611,Primordial Core of Terror,Miscellaneous,,Legendary,,https://swordburst2.fandom.com/Special:Redirect/file/Primordial_Core_of_Terror.png,https://swordburst2.fandom.com/wiki/Primordial_Core_of_Terror,Varies,,,,,FALSE,,,,,,,,2026-09-19 02:35 UTC,2026-09-18T22:52:00Z
1612,Nightmare Candy Bag,Miscellaneous,,Rare,,https://swordburst2.fandom.com/Special:Redirect/file/Nightmare_Candy_Bag.png,https://swordburst2.fandom.com/wiki/Nightmare_Candy_Bag,"Permafrost Purgatory, Quests",,,,,FALSE,,,,,,,,2026-09-19 02:35 UTC,2026-09-18T22:52:00Z
1613,Nightmarish Skull Candy,Miscellaneous,,Rare,,https://swordburst2.fandom.com/Special:Redirect/file/Nightmarish_Skull_Candy1.png,https://swordburst2.fandom.com/wiki/Nightmarish_Skull_Candy,Varies,,,,,FALSE,,,,,,,,2026-09-19 02:35 UTC,2026-09-18T22:52:00Z
1614,Nightmarish Eye Candy,Miscellaneous,,Rare,,https://swordburst2.fandom.com/Special:Redirect/file/Nightmarish_Eye_Candy1.png,https://swordburst2.fandom.com/wiki/Nightmarish_Eye_Candy,Varies,,,,,FALSE,,,,,,,,2026-09-19 02:35 UTC,2026-09-18T22:52:00Z
1615,Nightmarish Ghost Candy,Miscellaneous,,Rare,,https://swordburst2.fandom.com/Special:Redirect/file/Nightmarish_Ghost_Candy1.png,https://swordburst2.fandom.com/wiki/Nightmarish_Ghost_Candy,Varies,,,,,FALSE,,,,,,,,2026-09-19 02:35 UTC,2026-09-18T22:52:00Z
1616,Nightmarish Spider Candy,Miscellaneous,,Rare,,https://swordburst2.fandom.com/Special:Redirect/file/Nightmarish_Spider_Candy1.png,https://swordburst2.fandom.com/wiki/Nightmarish_Spider_Candy,Varies,,,,,FALSE,,,,,,,,2026-09-19 02:35 UTC,2026-09-18T22:52:00Z
1617,Dark Energy,Miscellaneous,,Uncommon,,https://swordburst2.fandom.com/Special:Redirect/file/Dark_Energy.png,https://swordburst2.fandom.com/wiki/Dark_Energy,Varies,,,,,FALSE,,,,50,,auras,Purchasable in Burst Store 1-2 Orange Burst 1-2,2026-09-19 02:35 UTC,2026-09-18T22:52:00Z
1618,Nightmarish Lower Wings of Terror,Miscellaneous,,Rare,,https://swordburst2.fandom.com/Special:Redirect/file/Nightmarish_Lower_Wings.png,https://swordburst2.fandom.com/wiki/Nightmarish_Lower_Wings_of_Terror,Varies,,,,,FALSE,,,,,,,,2026-09-19 02:35 UTC,2026-09-18T22:52:00Z
1619,Nightmarish Upper Wings of Terror,Miscellaneous,,Rare,,https://swordburst2.fandom.com/Special:Redirect/file/Nightmarish_Upper_Wings.png,https://swordburst2.fandom.com/wiki/Nightmarish_Upper_Wings_of_Terror,Varies,,,,,FALSE,,,,,,,,2026-09-19 02:35 UTC,2026-09-18T22:52:00Z
1620,Primordial Nightmare Core,Miscellaneous,,Legendary,,https://swordburst2.fandom.com/Special:Redirect/file/Primordial_Nightmare_Core.png,https://swordburst2.fandom.com/wiki/Primordial_Nightmare_Core,Varies,,,,,FALSE,,,,,,,,2026-09-19 02:35 UTC,2026-09-18T22:52:00Z
1621,Gift of Beginnings,Miscellaneous,,Common,,https://swordburst2.fandom.com/Special:Redirect/file/Gift_of_Beginnings.png,https://swordburst2.fandom.com/wiki/Gift_of_Beginnings,Kill any mob in Virhst Woodlands,,,,,FALSE,,,,,,,,2026-09-19 02:35 UTC,2026-09-18T22:52:00Z
1622,Gift of Trading,Miscellaneous,,Uncommon,,https://swordburst2.fandom.com/Special:Redirect/file/Gift_of_Trading.png,https://swordburst2.fandom.com/wiki/Gift_of_Trading,Trade,,,,,FALSE,,,,,,,,2026-09-19 02:35 UTC,2026-09-18T22:52:00Z
1623,Gift of Mimics,Miscellaneous,,Rare,,https://swordburst2.fandom.com/Special:Redirect/file/Gift_of_Mimics.png,https://swordburst2.fandom.com/wiki/Gift_of_Mimics,Mimic,,,,,FALSE,,,,,,,,2026-09-19 02:35 UTC,2026-09-18T22:52:00Z
1624,Gift of Riches,Miscellaneous,,Rare,,https://swordburst2.fandom.com/Special:Redirect/file/Gift_of_Riches.png,https://swordburst2.fandom.com/wiki/Gift_of_Riches,Spend 1 Million Vel on a merchant,,,,,FALSE,,,,,,,,2026-09-19 02:35 UTC,2026-09-18T22:52:00Z
1625,Gift of Snow,Miscellaneous,,Rare,,https://swordburst2.fandom.com/Special:Redirect/file/Gift_of_Snow.png,https://swordburst2.fandom.com/wiki/Gift_of_Snow,Can be found randomly in Frosty Fields,,,,,FALSE,,,,,,,,2026-09-19 02:35 UTC,2026-09-18T22:52:00Z
1626,Gift of Shards,Miscellaneous,,Legendary,,https://swordburst2.fandom.com/Special:Redirect/file/Gift_of_Shards.png,https://swordburst2.fandom.com/wiki/Gift_of_Shards,Crystal Forge,,,,,FALSE,,,,,,,,2026-09-19 02:35 UTC,2026-09-18T22:52:00Z
1627,Gift of Eternal Bloom,Miscellaneous,,Rare,,https://swordburst2.fandom.com/Special:Redirect/file/Gift_of_Eternal_Bloom.png,https://swordburst2.fandom.com/wiki/Gift_of_Eternal_Bloom,Find the purple and white flower in F8,,,,,FALSE,,,,,,,,2026-09-19 02:35 UTC,2026-09-18T22:52:00Z
1628,Gift of Luck,Miscellaneous,,Legendary,,https://swordburst2.fandom.com/Special:Redirect/file/Gift_of_Luck.png,https://swordburst2.fandom.com/wiki/Gift_of_Luck,From all mobs,,,,,FALSE,,,,,,,,2026-09-19 02:35 UTC,2026-09-18T22:52:00Z
1629,Gift of Shine,Miscellaneous,,Legendary,,https://swordburst2.fandom.com/Special:Redirect/file/Gift_of_Shine.png,https://swordburst2.fandom.com/wiki/Gift_of_Shine,From a Shine Mob,,,,,FALSE,,,,,,,,2026-09-19 02:35 UTC,2026-09-18T22:52:00Z
1630,Gift of OG,Miscellaneous,,Legendary,,https://swordburst2.fandom.com/Special:Redirect/file/Gift_of_OG.png,https://swordburst2.fandom.com/wiki/Gift_of_OG,"Cybold, OG Za, the Eldest, OG Duality Reaper",,,,,FALSE,,,,,,,,2026-09-19 02:35 UTC,2026-09-18T22:52:00Z
1631,Gift of Remaster,Miscellaneous,,Legendary,,https://swordburst2.fandom.com/Special:Redirect/file/Gift_of_Remaster.png,https://swordburst2.fandom.com/wiki/Gift_of_Remaster,"Mortis the Flaming Sear, Baal, The Tormentor, Sa'jun the Centurian Chieftain",,,,,FALSE,,,,,,,,2026-09-19 02:35 UTC,2026-09-18T22:52:00Z
1632,Gift of Life,Miscellaneous,,Legendary,,https://swordburst2.fandom.com/Special:Redirect/file/Gift_of_Life.png,https://swordburst2.fandom.com/wiki/Gift_of_Life,Duality Reaper,,,,,FALSE,,,,,,,,2026-09-19 02:35 UTC,2026-09-18T22:52:00Z
1633,Gift of Helmfirth,Miscellaneous,,Rare,,https://swordburst2.fandom.com/Special:Redirect/file/Gift_of_Helmfirth.png,https://swordburst2.fandom.com/wiki/Gift_of_Helmfirth,Helmfirth,,,,,FALSE,,,,,,,,2026-09-19 02:35 UTC,2026-09-18T22:52:00Z
1634,Gift of Puzzles,Miscellaneous,,Tribute,,https://swordburst2.fandom.com/Special:Redirect/file/Gift_of_Puzzles.png,https://swordburst2.fandom.com/wiki/Gift_of_Puzzles,lol,,,,,FALSE,,,,,,,,2026-09-19 02:35 UTC,2026-09-18T22:52:00Z
1635,Gift of Everfrost,Miscellaneous,,Tribute,,https://swordburst2.fandom.com/Special:Redirect/file/Gift_of_Everfrost.png,https://swordburst2.fandom.com/wiki/Gift_of_Everfrost,"Kloff, Marauder of the Frost",,,,,FALSE,,,,,,,,2026-09-19 02:35 UTC,2026-09-18T22:52:00Z
1636,Gift of Eternal Fire,Miscellaneous,,Burst,,https://swordburst2.fandom.com/Special:Redirect/file/Gift_of_Eternal_Fire.png,https://swordburst2.fandom.com/wiki/Gift_of_Eternal_Fire,Atheon,,,,,FALSE,,,,,,,,2026-09-19 02:35 UTC,2026-09-18T22:52:00Z
1637,The Final Gift,Miscellaneous,,Tribute,,https://swordburst2.fandom.com/Special:Redirect/file/The_Final_Gift.png,https://swordburst2.fandom.com/wiki/The_Final_Gift,Crystal Forge,,,,,FALSE,,,,,,,,2026-09-19 02:35 UTC,2026-09-18T22:52:00Z
1638,Gift of Contribution,Miscellaneous,,Tribute,,https://swordburst2.fandom.com/Special:Redirect/file/Gift_of_Contribution.png,https://swordburst2.fandom.com/wiki/Gift_of_Contribution,From a Developer,,,,,FALSE,,,,,,,,2026-09-19 02:35 UTC,2026-09-18T22:52:00Z
1639,Gift of Community,Miscellaneous,,Rare,,https://swordburst2.fandom.com/Special:Redirect/file/Gift_of_Community.png,https://swordburst2.fandom.com/wiki/Gift_of_Community,Community Present,,,,,FALSE,,,,,,,,2026-09-19 02:35 UTC,2026-09-18T22:52:00Z
1640,Gift of Curiosity Color,Miscellaneous,,Rare,,https://swordburst2.fandom.com/Special:Redirect/file/Gift_of_Curiosity_Color.png,https://swordburst2.fandom.com/wiki/Gift_of_Curiosity_Color,"Wa, the Curious",,,,,FALSE,,,,,,,,2026-09-19 02:35 UTC,2026-09-18T22:52:00Z
1641,Gift of Fractures,Miscellaneous,,Legendary,,https://swordburst2.fandom.com/Special:Redirect/file/Gift_of_Fractures.png,https://swordburst2.fandom.com/wiki/Gift_of_Fractures,Crystal Forge,,,,,FALSE,,,,,,,,2026-09-19 02:35 UTC,2026-09-18T22:52:00Z
1642,Gift of Giving,Miscellaneous,,Legendary,,https://swordburst2.fandom.com/Special:Redirect/file/Gift_of_Giving.png,https://swordburst2.fandom.com/wiki/Gift_of_Giving,Give out Gifts in F6,,,,,FALSE,,,,,,,,2026-09-19 02:35 UTC,2026-09-18T22:52:00Z
1643,Gift of Glitches,Miscellaneous,,Legendary,,https://swordburst2.fandom.com/Special:Redirect/file/Gift_of_Glitches.png,https://swordburst2.fandom.com/wiki/Gift_of_Glitches,"Find ""Glitches"" in F11",,,,,FALSE,,,,,,,,2026-09-19 02:35 UTC,2026-09-18T22:52:00Z
1644,Gift of Hauntings,Miscellaneous,,Legendary,,https://swordburst2.fandom.com/Special:Redirect/file/Gift_of_Haunting.png,https://swordburst2.fandom.com/wiki/Gift_of_Hauntings,Permafrost Purgatory,,,,,FALSE,,,,,,,,2026-09-19 02:35 UTC,2026-09-18T22:52:00Z
1645,Gift of Hidden Gems,Miscellaneous,,Uncommon,,https://swordburst2.fandom.com/Special:Redirect/file/Gift_of_Hidden_Gems.png,https://swordburst2.fandom.com/wiki/Gift_of_Hidden_Gems,Common Crystals Trader,,,,,FALSE,,,,,,,,2026-09-19 02:35 UTC,2026-09-18T22:52:00Z
1646,Gift of Lost Archives,Miscellaneous,,Rare,,https://swordburst2.fandom.com/Special:Redirect/file/Gift_of_Lost_Archives.png,https://swordburst2.fandom.com/wiki/Gift_of_Lost_Archives,Craft at the Altar,,,,,FALSE,,,,,,,,2026-09-19 02:35 UTC,2026-09-18T22:52:00Z
1647,Gift of Meadows,Miscellaneous,,Legendary,,https://swordburst2.fandom.com/Special:Redirect/file/Gift_of_Meadows.png,https://swordburst2.fandom.com/wiki/Gift_of_Meadows,Find Rosebushes in F10,,,,,FALSE,,,,,,,,2026-09-19 02:35 UTC,2026-09-18T22:52:00Z
1648,Gift of Rats,Miscellaneous,,Rare,,https://swordburst2.fandom.com/Special:Redirect/file/Gift_of_Rats.png,https://swordburst2.fandom.com/wiki/Gift_of_Rats,King of Rats,,,,,FALSE,,,,,,,,2026-09-19 02:35 UTC,2026-09-18T22:52:00Z
1649,Gift of Shade,Miscellaneous,,Rare,,https://swordburst2.fandom.com/Special:Redirect/file/Gift_of_Shade.png,https://swordburst2.fandom.com/wiki/Gift_of_Shade,Find levers in F10,,,,,FALSE,,,,,,,,2026-09-19 02:35 UTC,2026-09-18T22:52:00Z
1650,Gift of Sorrowful Solace,Miscellaneous,,Legendary,,https://swordburst2.fandom.com/Special:Redirect/file/Gift_of_Sorrowful_Solace.png,https://swordburst2.fandom.com/wiki/Gift_of_Sorrowful_Solace,Find Snowflakes in F3,,,,,FALSE,,,,,,,,2026-09-19 02:35 UTC,2026-09-18T22:52:00Z
1651,Gift of the Seeker,Miscellaneous,,Legendary,,https://swordburst2.fandom.com/Special:Redirect/file/Gift_of_the_Seeker.png,https://swordburst2.fandom.com/wiki/Gift_of_the_Seeker,Find Symbols in F2,,,,,FALSE,,,,,,,,2026-09-19 02:35 UTC,2026-09-18T22:52:00Z
1652,Gift of Unluck,Miscellaneous,,Rare,,https://swordburst2.fandom.com/Special:Redirect/file/Gift_of_Unluck.png,https://swordburst2.fandom.com/wiki/Gift_of_Unluck,Reset your avatar,,,,,FALSE,,,,,,,,2026-09-19 02:35 UTC,2026-09-18T22:52:00Z
1653,The Parting Gift,Miscellaneous,,Tribute,,https://swordburst2.fandom.com/Special:Redirect/file/The_Parting_Gift.png,https://swordburst2.fandom.com/wiki/The_Parting_Gift,Crystal Forge,,,,,FALSE,,,,,,,,2026-09-19 02:35 UTC,2026-09-18T22:52:00Z
1654,Gift of Recognition,Miscellaneous,,Legendary,,https://swordburst2.fandom.com/Special:Redirect/file/Gift_of_Recognition.png,https://swordburst2.fandom.com/wiki/Gift_of_Recognition,Join a Developer,,,,,FALSE,,,,,,,,2026-09-19 02:35 UTC,2026-09-18T22:52:00Z
1655,Shard of Knowledge,Miscellaneous,,Rare,,https://swordburst2.fandom.com/Special:Redirect/file/Shard_of_Knowledge.png,https://swordburst2.fandom.com/wiki/Shard_of_Knowledge,Floor 3,,,,,FALSE,,,,,,,,2026-09-19 02:35 UTC,2026-09-18T22:52:00Z
1656,Shard of Power,Miscellaneous,,Rare,,https://swordburst2.fandom.com/Special:Redirect/file/Shard_of_Power.png,https://swordburst2.fandom.com/wiki/Shard_of_Power,Floor 7,,,,,FALSE,,,,,,,,2026-09-19 02:35 UTC,2026-09-18T22:52:00Z
1657,Shard of Endurance,Miscellaneous,,Rare,,https://swordburst2.fandom.com/Special:Redirect/file/Shard_of_Endurance.png,https://swordburst2.fandom.com/wiki/Shard_of_Endurance,Floor 8,,,,,FALSE,,,,,,,,2026-09-19 02:35 UTC,2026-09-18T22:52:00Z
1658,Shard of Wrath,Miscellaneous,,Rare,,https://swordburst2.fandom.com/Special:Redirect/file/Shard_of_Wrath.png,https://swordburst2.fandom.com/wiki/Shard_of_Wrath,Floor 9,,,,,FALSE,,,,,,,,2026-09-19 02:35 UTC,2026-09-18T22:52:00Z
1659,Fractured Shard,Miscellaneous,,Rare,,https://swordburst2.fandom.com/Special:Redirect/file/Fractured_Shard.png,https://swordburst2.fandom.com/wiki/Fractured_Shard,Dropped by any Mob,,,,,FALSE,,,,,,,,2026-09-19 02:35 UTC,2026-09-18T22:52:00Z
1660,Unborn Lether,Miscellaneous,,Legendary,,https://swordburst2.fandom.com/Special:Redirect/file/Unborn_Lether.png,https://swordburst2.fandom.com/wiki/Unborn_Lether,Dropped by any Mob,,,,,FALSE,,,,,,,,2026-09-19 02:35 UTC,2026-09-18T22:52:00Z
1661,Warlord Mask,Miscellaneous,,Legendary,,https://swordburst2.fandom.com/Special:Redirect/file/Warlord_Mask.png,https://swordburst2.fandom.com/wiki/Warlord_Mask,Dropped by any Mob,,,,,FALSE,,,,,,,,2026-09-19 02:35 UTC,2026-09-18T22:52:00Z
1662,Limor Sludge,Miscellaneous,,Legendary,,https://swordburst2.fandom.com/Special:Redirect/file/Limor_Sludge.png,https://swordburst2.fandom.com/wiki/Limor_Sludge,Dropped by any Mob,,,,,FALSE,,,,,,,,2026-09-19 02:35 UTC,2026-09-18T22:52:00Z
1663,Hunter Core,Miscellaneous,,Legendary,,https://swordburst2.fandom.com/Special:Redirect/file/Hunter_Core.png,https://swordburst2.fandom.com/wiki/Hunter_Core,Dropped by any Mob,,,,,FALSE,,,,,,,,2026-09-19 02:35 UTC,2026-09-18T22:52:00Z
1664,Shard of Banishment,Miscellaneous,,Tribute,,https://swordburst2.fandom.com/Special:Redirect/file/Crystal_of_Banishment.png,https://swordburst2.fandom.com/wiki/Shard_of_Banishment,Eternal Domain Dungeon,,,,,FALSE,,,,,Untradeable,tributes,Egg Realm (2026),2026-09-19 02:35 UTC,2026-09-18T22:52:00Z
1665,Shard of Judgement,Miscellaneous,,Tribute,,https://swordburst2.fandom.com/Special:Redirect/file/Shard_of_Judgement.png,https://swordburst2.fandom.com/wiki/Shard_of_Judgement,Eternal Domain Dungeon,,,,,FALSE,,,,,Untradeable,tributes,Egg Realm (2026),2026-09-19 02:35 UTC,2026-09-18T22:52:00Z
=======
id,name,type,sub_type,category,rarity,level,dmg_clean,dmg_max,def_clean,def_max,upgradeable,crit,health_regen,stamina_regen,obtain,image_link,wiki_link,price_clean_oml,price_max_oml,price_source,price_category,last_updated
1,Rock,Longsword,,Weapon,Common,-1,-915,,,,TRUE,-1%,,,Multiple Drops,https://static.wikia.nocookie.net/swordburst2/images/0/0b/Rock.png/revision/latest,https://swordburst2.fandom.com/wiki/Rock,,1,misc,Easter Event,2026-09-19T00:07:34Z
2,Leek,Longsword,,Weapon,Legendary,1,+145 per Level.,,,,TRUE,30%,,,"2,999",https://static.wikia.nocookie.net/swordburst2/images/5/57/Leek.png/revision/latest,https://swordburst2.fandom.com/wiki/Leek,Untradeable,,clean_legendaries,Idol Star Bundle,2026-09-19T00:07:34Z
3,Steel Longsword,Longsword,,Weapon,Common,1,5,7,,,TRUE,12%,,,100,https://static.wikia.nocookie.net/swordburst2/images/2/22/Steel_Longsword.png/revision/latest,https://swordburst2.fandom.com/wiki/Steel_Longsword,,,,,2026-09-19T00:07:34Z
4,Crystalline,Longsword,,Weapon,Common,1,105,147,,,TRUE,12%,,,Drop,https://static.wikia.nocookie.net/swordburst2/images/9/93/Crystalline.png/revision/latest,https://swordburst2.fandom.com/wiki/Crystalline,4-5,2-3,misc,Winter Event,2026-09-19T00:07:34Z
5,Blade of Grass,Longsword,,Weapon,Common,3,8,11,,,TRUE,12%,,,Drop,https://static.wikia.nocookie.net/swordburst2/images/8/85/Blade_of_Grass.png/revision/latest,https://swordburst2.fandom.com/wiki/Blade_of_Grass,,,,,2026-09-19T00:07:34Z
6,Rogue's Blade,Longsword,,Weapon,Common,5,11,15,,,TRUE,12%,,,255,https://static.wikia.nocookie.net/swordburst2/images/f/f9/Rogue%27s_Blade.png/revision/latest,https://swordburst2.fandom.com/wiki/Rogue%27s_Blade,,,,,2026-09-19T00:07:34Z
7,Palm Leaf Cleaver,Longsword,,Weapon,Common,5,Level Based +3 per level,,,,TRUE,5%,,,Drop,https://static.wikia.nocookie.net/swordburst2/images/8/89/Palm_Leaf_Cleaver.png/revision/latest,https://swordburst2.fandom.com/wiki/Palm_Leaf_Cleaver,,,,,2026-09-19T00:07:34Z
8,Ancestor Blades,Longsword,,Weapon,Common,5,+3/level,,,,FALSE,5%,,,Drop,https://static.wikia.nocookie.net/swordburst2/images/8/8a/Ancestor_Blades.png/revision/latest,https://swordburst2.fandom.com/wiki/Ancestor_Blades,3m - 5m vels,0.5 - 1,misc,Easter Event,2026-09-19T00:07:34Z
9,Ruined Longsword,Longsword,,Weapon,Common,7,15,21,,,TRUE,12%,,,Drop,https://static.wikia.nocookie.net/swordburst2/images/6/64/Ruined_Longsword.png/revision/latest,https://swordburst2.fandom.com/wiki/Ruined_Longsword,,,,,2026-09-19T00:07:34Z
10,Steel Edge,Longsword,,Weapon,Common,9,19,26,,,TRUE,12%,,,450,https://static.wikia.nocookie.net/swordburst2/images/6/62/Steel_Edge.png/revision/latest,https://swordburst2.fandom.com/wiki/Steel_Edge,2-3,1-2,clean_legendaries,Egg Realm (2025),2026-09-19T00:07:34Z
11,Rusty Longsword,Longsword,,Weapon,Common,10,21,29,,,TRUE,12%,,,Drop,https://static.wikia.nocookie.net/swordburst2/images/7/79/Rusty_Longsword.png/revision/latest,https://swordburst2.fandom.com/wiki/Rusty_Longsword,,,,,2026-09-19T00:07:34Z
12,Gilded Excalibur,Longsword,,Weapon,Common,10,26,36,,,TRUE,2%,,,"10,000",https://static.wikia.nocookie.net/swordburst2/images/6/61/Gilded_Excalibur.png/revision/latest,https://swordburst2.fandom.com/wiki/Gilded_Excalibur,1,1,misc,Seventh Edition,2026-09-19T00:07:34Z
13,Skyprince,Longsword,,Weapon,Common,12,25,35,,,TRUE,12%,,,Drop,https://static.wikia.nocookie.net/swordburst2/images/d/d8/Skyprince.png/revision/latest,https://swordburst2.fandom.com/wiki/Skyprince,,,,,2026-09-19T00:07:34Z
14,Kite Blade,Longsword,,Weapon,Common,15,38,53,,,TRUE,12%,,,"1,250",https://static.wikia.nocookie.net/swordburst2/images/c/c4/Kite_Blade.png/revision/latest,https://swordburst2.fandom.com/wiki/Kite_Blade,,,,,2026-09-19T00:07:34Z
15,Gem Blade,Longsword,,Weapon,Common,18,57,79,,,TRUE,12%,,,Drop,https://static.wikia.nocookie.net/swordburst2/images/3/31/Gem_Blade.png/revision/latest,https://swordburst2.fandom.com/wiki/Gem_Blade,,,,,2026-09-19T00:07:34Z
16,Rose Quartz Stinger,Longsword,,Weapon,Rare,20,127,203,,,TRUE,22%,,,"10,000",https://static.wikia.nocookie.net/swordburst2/images/5/57/Rose_Quartz_Stinger.png/revision/latest,https://swordburst2.fandom.com/wiki/Rose_Quartz_Stinger,1,1,misc,Third Edition,2026-09-19T00:07:34Z
17,Nectar Protector,Longsword,,Weapon,Common,21,76,106,,,TRUE,12%,,,"2,250",https://static.wikia.nocookie.net/swordburst2/images/3/3f/Nectar_Protector.png/revision/latest,https://swordburst2.fandom.com/wiki/Nectar_Protector,,,,,2026-09-19T00:07:34Z
18,Knight Claymore,Longsword,,Weapon,Common,21,152,212,,,TRUE,12%,,,"3,750",https://static.wikia.nocookie.net/swordburst2/images/c/c1/Knight_Claymore.png/revision/latest,https://swordburst2.fandom.com/wiki/Knight_Claymore,,,,,2026-09-19T00:07:34Z
19,Resolution,Longsword,,Weapon,Rare,23,85,2023,,,TRUE,23%,,,Unobtainable,https://static.wikia.nocookie.net/swordburst2/images/b/b1/Untitled204_20240718154343.png/revision/latest,https://swordburst2.fandom.com/wiki/Resolution,15-16k,15-16k,misc,Event Items,2026-09-19T00:07:34Z
20,Declaration,Longsword,,Weapon,Rare,24,Clean/Max: 2024,,,,TRUE,12%,,,Unobtainable,https://static.wikia.nocookie.net/swordburst2/images/f/ff/Declaration.png/revision/latest,https://swordburst2.fandom.com/wiki/Declaration,,,,,2026-09-19T00:07:34Z
21,Cyclone Blade,Longsword,,Weapon,Common,24,95,133,,,TRUE,12%,,,Drop,https://static.wikia.nocookie.net/swordburst2/images/e/ea/Cyclone_Blade.png/revision/latest,https://swordburst2.fandom.com/wiki/Cyclone_Blade,,,,,2026-09-19T00:07:34Z
22,Vindicator,Longsword,,Weapon,Rare,24,145,232,,,TRUE,12%,,,Drop,https://static.wikia.nocookie.net/swordburst2/images/b/bb/Vindicator.png/revision/latest,https://swordburst2.fandom.com/wiki/Vindicator,,,,,2026-09-19T00:07:34Z
23,Silver's Edge,Longsword,,Weapon,Common,24,106,148,,,TRUE,4%,,,"19,500",https://static.wikia.nocookie.net/swordburst2/images/2/26/Silver%27s_Edge.png/revision/latest,https://swordburst2.fandom.com/wiki/Silver%27s_Edge,150k vels,150k vels,misc,Sixth Edition,2026-09-19T00:07:34Z
24,OG Divine Inferno,Longsword,,Weapon,Common,24,105,147,,,TRUE,4%,,,"5,000",https://static.wikia.nocookie.net/swordburst2/images/a/a6/OG_Divine_Inferno.png/revision/latest,https://swordburst2.fandom.com/wiki/OG_Divine_Inferno,1-2,1-2,misc,Fifth Edition,2026-09-19T00:07:34Z
25,Ethereal Edge,Longsword,,Weapon,Common,25,102,141,,,TRUE,12%,,,Drop,https://static.wikia.nocookie.net/swordburst2/images/0/0f/Ethereal_Edge.png/revision/latest,https://swordburst2.fandom.com/wiki/Ethereal_Edge,,,,,2026-09-19T00:07:34Z
26,Doomsday Clock,Longsword,,Weapon,Common,25,441,,,,TRUE,12%,,,Drop,https://static.wikia.nocookie.net/swordburst2/images/0/0f/Doomsday_Clock.png/revision/latest,https://swordburst2.fandom.com/wiki/Doomsday_Clock,,,,,2026-09-19T00:07:34Z
27,HypoThermic Blade,Longsword,,Weapon,Common,27,118,165,,,TRUE,12%,,,Drop,https://static.wikia.nocookie.net/swordburst2/images/e/e6/HypoThermic_Blade.png/revision/latest,https://swordburst2.fandom.com/wiki/HypoThermic_Blade,,,,,2026-09-19T00:07:34Z
28,Star Duster,Longsword,,Weapon,Common,29,136,190,,,TRUE,12%,,,Drop,https://static.wikia.nocookie.net/swordburst2/images/3/3c/Star_Duster.png/revision/latest,https://swordburst2.fandom.com/wiki/Star_Duster,,,,,2026-09-19T00:07:34Z
29,Icebreaker,Longsword,,Weapon,Rare,32,316,505,,,TRUE,12%,,,Drop,https://static.wikia.nocookie.net/swordburst2/images/e/eb/Icebreaker.png/revision/latest,https://swordburst2.fandom.com/wiki/Icebreaker,,,,,2026-09-19T00:07:34Z
30,Deep Freeze,Longsword,,Weapon,Common,32,181,253,,,TRUE,12%,,,Drop,https://static.wikia.nocookie.net/swordburst2/images/3/34/Deep_Freeze.png/revision/latest,https://swordburst2.fandom.com/wiki/Deep_Freeze,,,,,2026-09-19T00:07:34Z
31,North Star,Longsword,,Weapon,Rare,32,294,371,,,TRUE,12%,,,Drop,https://static.wikia.nocookie.net/swordburst2/images/f/f4/NorthStar.png/revision/latest,https://swordburst2.fandom.com/wiki/North_Star,10,8,misc,Winter Event,2026-09-19T00:07:34Z
32,Frost Bite,Longsword,,Weapon,Rare,35,210,336,,,TRUE,12%,,,Drop,https://static.wikia.nocookie.net/swordburst2/images/7/73/Frost_Bite.png/revision/latest,https://swordburst2.fandom.com/wiki/Frost_Bite,1 - 1.5,,auras,Idol Star Bundle 500 Arising Star,2026-09-19T00:07:34Z
33,Infernal Slasher,Longsword,,Weapon,Common,35,160,224,,,TRUE,14%,,,"5,000",https://static.wikia.nocookie.net/swordburst2/images/2/28/Infernal_Slasher.png/revision/latest,https://swordburst2.fandom.com/wiki/Infernal_Slasher,1,1,misc,Second Edition,2026-09-19T00:07:34Z
34,Medic Blade,Longsword,,Weapon,Common,36,225,315,,,TRUE,12%,,,"9,000",https://static.wikia.nocookie.net/swordburst2/images/f/f2/Medic_Blade.png/revision/latest,https://swordburst2.fandom.com/wiki/Medic_Blade,,,,,2026-09-19T00:07:34Z
35,Silver Stream,Longsword,,Weapon,Legendary,38,285,570,,,TRUE,11%,,,Drop,https://static.wikia.nocookie.net/swordburst2/images/e/e0/Silver_Stream.png/revision/latest,https://swordburst2.fandom.com/wiki/Silver_Stream,,,,,2026-09-19T00:07:34Z
36,Anduril,Longsword,,Weapon,Common,38,260,364,,,TRUE,12%,,,Drop,https://static.wikia.nocookie.net/swordburst2/images/e/e4/Anduril.png/revision/latest,https://swordburst2.fandom.com/wiki/Anduril,,,,,2026-09-19T00:07:34Z
37,Elfie Blade,Longsword,,Weapon,Common,40,290,406,,,TRUE,12%,,,Drop,https://static.wikia.nocookie.net/swordburst2/images/7/7f/Elfie_Blade.png/revision/latest,https://swordburst2.fandom.com/wiki/Elfie_Blade,,,,,2026-09-19T00:07:34Z
38,Eterna,Longsword,,Weapon,Rare,40,315,504,,,TRUE,12%,,,Drop,https://static.wikia.nocookie.net/swordburst2/images/c/cf/Eterna.png/revision/latest,https://swordburst2.fandom.com/wiki/Eterna,,,,,2026-09-19T00:07:34Z
39,Icesword,Longsword,,Weapon,Common,40,406,,,,TRUE,10%,,,Drop,https://static.wikia.nocookie.net/swordburst2/images/d/d8/Icesword.png/revision/latest,https://swordburst2.fandom.com/wiki/Icesword,1,,misc,Winter Event,2026-09-19T00:07:34Z
40,Scarlet Steel,Longsword,,Weapon,Rare,40,710,1136,,,TRUE,10%,,,"520,000",https://static.wikia.nocookie.net/swordburst2/images/a/ae/Scarlet_Steel.png/revision/latest,https://swordburst2.fandom.com/wiki/Scarlet_Steel,1,1,misc,Sixth Edition,2026-09-19T00:07:34Z
41,Kensai's Shadow,Longsword,,Weapon,Rare,40,341,545,,,TRUE,6%,,,"25,000",https://static.wikia.nocookie.net/swordburst2/images/c/c1/Kensai%27s_Shadow.png/revision/latest,https://swordburst2.fandom.com/wiki/Kensai%27s_Shadow,2-3,2-3,misc,Fifth Edition,2026-09-19T00:07:34Z
42,Royal Blade,Longsword,,Weapon,Common,43,324,453,,,TRUE,12%,,,"18,000",https://static.wikia.nocookie.net/swordburst2/images/1/13/Royal_Blade.png/revision/latest,https://swordburst2.fandom.com/wiki/Royal_Blade,,,,,2026-09-19T00:07:34Z
43,Golden Blade,Longsword,,Weapon,Common,43,362,506,,,TRUE,12%,,,Drop,https://static.wikia.nocookie.net/swordburst2/images/8/8a/Golden_Blade.png/revision/latest,https://swordburst2.fandom.com/wiki/Golden_Blade,,,,,2026-09-19T00:07:34Z
44,Sandstorm,Longsword,,Weapon,Rare,48,389,622,,,TRUE,12%,,,Drop,https://static.wikia.nocookie.net/swordburst2/images/b/b7/Sandstorm.png/revision/latest,https://swordburst2.fandom.com/wiki/Sandstorm,1,1,misc,Fifth Edition,2026-09-19T00:07:34Z
45,Desert Storm,Longsword,,Weapon,Legendary,50,419,838,,,TRUE,12%,,,Drop,https://static.wikia.nocookie.net/swordburst2/images/a/af/Desert_Storm.png/revision/latest,https://swordburst2.fandom.com/wiki/Desert_Storm,4,2-3,clean_legendaries,Floor 5,2026-09-19T00:07:34Z
46,Sand Aerosol,Longsword,,Weapon,Legendary,50,419,838,,,TRUE,12%,,,Drop,https://static.wikia.nocookie.net/swordburst2/images/0/04/Sand_Aerosol.png/revision/latest,https://swordburst2.fandom.com/wiki/Sand_Aerosol,0.5-1,0.5-1,clean_legendaries,Floor 5,2026-09-19T00:07:34Z
47,Kelp Slash,Longsword,,Weapon,Rare,50,415,664,,,TRUE,14%,,,"50,000",https://static.wikia.nocookie.net/swordburst2/images/e/ee/Kelp_Flash.png/revision/latest,https://swordburst2.fandom.com/wiki/Kelp_Slash,1,1,misc,Second Edition,2026-09-19T00:07:34Z
48,Abyssal Yule Blade,Longsword,,Weapon,Common,50,740,,,,TRUE,12%,,,Drop,https://static.wikia.nocookie.net/swordburst2/images/a/a8/Abyssal_Yule_Blade.png/revision/latest,https://swordburst2.fandom.com/wiki/Abyssal_Yule_Blade,1,,misc,Winter Event,2026-09-19T00:07:34Z
49,Stolen Love,Longsword,,Weapon,Common,50,Level Based +13 per level,,,,TRUE,10%,,,Drop,https://static.wikia.nocookie.net/swordburst2/images/9/99/Stolen_Love.png/revision/latest,https://swordburst2.fandom.com/wiki/Stolen_Love,,,,,2026-09-19T00:07:34Z
50,Bloodwing,Longsword,,Weapon,Common,50,+8/level,,,,FALSE,15%,,,Drop,https://static.wikia.nocookie.net/swordburst2/images/9/9c/Bloodwing.png/revision/latest,https://swordburst2.fandom.com/wiki/Bloodwing,,,,,2026-09-19T00:07:34Z
51,Sweet Tooth,Longsword,,Weapon,Legendary,50,520,,,,TRUE,15%,,,Gift,https://static.wikia.nocookie.net/swordburst2/images/c/c5/Sweet_Tooth.png/revision/latest,https://swordburst2.fandom.com/wiki/Sweet_Tooth,,,,,2026-09-19T00:07:34Z
52,Necrobrand Longsword,Longsword,,Weapon,Common,52,445,623,,,TRUE,12%,,,"23,750",https://static.wikia.nocookie.net/swordburst2/images/b/bb/Necrobrand_Longsword.png/revision/latest,https://swordburst2.fandom.com/wiki/Necrobrand_Longsword,,,,,2026-09-19T00:07:34Z
53,Ethereum,Longsword,,Weapon,Common,55,524,733,,,TRUE,12%,,,"30,000",https://static.wikia.nocookie.net/swordburst2/images/6/66/Ethereum.png/revision/latest,https://swordburst2.fandom.com/wiki/Ethereum,,,,,2026-09-19T00:07:34Z
54,GloomShroom Blade,Longsword,,Weapon,Common,59,584,817,,,TRUE,12%,,,Drop,https://static.wikia.nocookie.net/swordburst2/images/2/29/GloomShroom_Blade.png/revision/latest,https://swordburst2.fandom.com/wiki/GloomShroom_Blade,,,,,2026-09-19T00:07:34Z
55,Dawnbreaker,Longsword,,Weapon,Common,62,617,863,,,TRUE,12%,,,Drop,https://static.wikia.nocookie.net/swordburst2/images/0/00/Dawnbreaker.png/revision/latest,https://swordburst2.fandom.com/wiki/Dawnbreaker,,,,,2026-09-19T00:07:34Z
56,Azurite Longsword,Longsword,,Weapon,Rare,65,652,1043,,,TRUE,12%,,,Drop,https://static.wikia.nocookie.net/swordburst2/images/c/cf/Azurite_Longsword.png/revision/latest,https://swordburst2.fandom.com/wiki/Azurite_Longsword,,,,,2026-09-19T00:07:34Z
57,Cold Soul Blade,Longsword,,Weapon,Legendary,65,1364,,,,TRUE,12%,,,Drop,https://static.wikia.nocookie.net/swordburst2/images/0/0b/Cold_Soul_Blade.png/revision/latest,https://swordburst2.fandom.com/wiki/Cold_Soul_Blade,8,,clean_legendaries,Easter Realm (2023),2026-09-19T00:07:34Z
58,Shade,Longsword,,Weapon,Common,67,677,947,,,TRUE,12%,,,"42,500",https://static.wikia.nocookie.net/swordburst2/images/d/dc/Shade.png/revision/latest,https://swordburst2.fandom.com/wiki/Shade,,,,,2026-09-19T00:07:34Z
59,Endarkener,Longsword,,Weapon,Common,70,715,1001,,,TRUE,12%,,,Drop,https://static.wikia.nocookie.net/swordburst2/images/5/50/Endarkener.png/revision/latest,https://swordburst2.fandom.com/wiki/Endarkener,,,,,2026-09-19T00:07:34Z
60,Final Wish,Longsword,,Weapon,Common,72,759,1062,,,TRUE,12%,,,Drop,https://static.wikia.nocookie.net/swordburst2/images/9/97/Final_Wish.png/revision/latest,https://swordburst2.fandom.com/wiki/Final_Wish,,,,,2026-09-19T00:07:34Z
61,Council,Longsword,,Weapon,Rare,75,824,1318,,,TRUE,12%,,,Drop,https://static.wikia.nocookie.net/swordburst2/images/5/50/Council.png/revision/latest,https://swordburst2.fandom.com/wiki/Council,,,,,2026-09-19T00:07:34Z
62,Subzero,Longsword,,Weapon,Legendary,75,1804,,,,TRUE,12%,,,Drop,https://static.wikia.nocookie.net/swordburst2/images/f/f6/SubzeroIcon.png/revision/latest,https://swordburst2.fandom.com/wiki/Subzero,0.5,,clean_legendaries,Easter Realm (2023),2026-09-19T00:07:34Z
63,Abyssal's Aurora,Longsword,,Weapon,Legendary,75,900,1800,,,TRUE,15%,,,"400,000",https://static.wikia.nocookie.net/swordburst2/images/0/05/Abyssal%27s_Aurora.png/revision/latest,https://swordburst2.fandom.com/wiki/Abyssal%27s_Aurora,4,1-2,clean_legendaries,Fourth Edition,2026-09-19T00:07:34Z
64,Gladius,Longsword,,Weapon,Common,78,864,1209,,,TRUE,12%,,,Drop,https://static.wikia.nocookie.net/swordburst2/images/c/c5/Gladius.png/revision/latest,https://swordburst2.fandom.com/wiki/Gladius,,,,,2026-09-19T00:07:34Z
65,Chaos Blade,Longsword,,Weapon,Rare,80,938,1500,,,TRUE,12%,,,Drop,https://static.wikia.nocookie.net/swordburst2/images/d/d3/Chaos_Blade.png/revision/latest,https://swordburst2.fandom.com/wiki/Chaos_Blade,,,,,2026-09-19T00:07:34Z
66,Divine Inferno,Longsword,,Weapon,Rare,82,938,1598,,,TRUE,12%,,,Drop,https://static.wikia.nocookie.net/swordburst2/images/0/0b/Divine_Inferno.png/revision/latest,https://swordburst2.fandom.com/wiki/Divine_Inferno,1-2,1-2,misc,Fifth Edition,2026-09-19T00:07:34Z
67,Suspension,Longsword,,Weapon,Legendary,85,1086,2172,,,TRUE,12%,,,Drop,https://static.wikia.nocookie.net/swordburst2/images/1/1f/Suspension.png/revision/latest,https://swordburst2.fandom.com/wiki/Suspension,0.5,1,clean_legendaries,Floor 9,2026-09-19T00:07:34Z
68,Life's Limit,Longsword,,Weapon,Legendary,85,1086,2172,,,TRUE,12%,,,Drop,https://static.wikia.nocookie.net/swordburst2/images/3/3a/Life%27s_Limit.png/revision/latest,https://swordburst2.fandom.com/wiki/Life%27s_Limit,0.5,1,clean_legendaries,Floor 9,2026-09-19T00:07:34Z
69,Devouring Spirit,Longsword,,Weapon,Rare,85,2000,,,,TRUE,12%,,,Drop,https://static.wikia.nocookie.net/swordburst2/images/c/c4/Devouring_Spirit.png/revision/latest,https://swordburst2.fandom.com/wiki/Devouring_Spirit,,,,,2026-09-19T00:07:34Z
70,Vengeful Spirit,Longsword,,Weapon,Rare,85,2000,,,,TRUE,12%,,,Drop,https://static.wikia.nocookie.net/swordburst2/images/7/78/Vengeful_Spirit.png/revision/latest,https://swordburst2.fandom.com/wiki/Vengeful_Spirit,,,,,2026-09-19T00:07:34Z
71,Nightmaric Hell,Longsword,,Weapon,Legendary,90,2238,,,,TRUE,12%,,,Drop,https://static.wikia.nocookie.net/swordburst2/images/f/fc/Nightmaric_Hell.png/revision/latest,https://swordburst2.fandom.com/wiki/Nightmaric_Hell,1,,clean_legendaries,Easter Realm (2023),2026-09-19T00:07:34Z
72,Mercurius,Longsword,,Weapon,Common,92,1036,1450,,,TRUE,12%,,,Drop,https://static.wikia.nocookie.net/swordburst2/images/6/6d/Mercurius.png/revision/latest,https://swordburst2.fandom.com/wiki/Mercurius,,,,,2026-09-19T00:07:34Z
73,Solaris,Longsword,,Weapon,Rare,92,1112,1779,,,TRUE,12%,,,Drop,https://static.wikia.nocookie.net/swordburst2/images/1/1f/Solaris.png/revision/latest,https://swordburst2.fandom.com/wiki/Solaris,10,,auras,Idol Star Bundle 500 Arising Star,2026-09-19T00:07:34Z
74,Rein Deer Reaper,Longsword,,Weapon,Rare,92,1779,,,,TRUE,10%,,,Drop,https://static.wikia.nocookie.net/swordburst2/images/e/e9/Rein_Deer_Reaper.png/revision/latest,https://swordburst2.fandom.com/wiki/Rein_Deer_Reaper,1,,misc,Winter Event,2026-09-19T00:07:34Z
75,Snowblade,Longsword,,Weapon,Rare,92,1550,,,,TRUE,12%,,,Drop,https://static.wikia.nocookie.net/swordburst2/images/a/a8/Snowblade.png/revision/latest,https://swordburst2.fandom.com/wiki/Snowblade,0.7 - 1,,misc,Winter Event,2026-09-19T00:07:34Z
76,Christmas Wish,Longsword,,Weapon,Rare,92,1550,,,,TRUE,12%,,,Drop,https://static.wikia.nocookie.net/swordburst2/images/0/05/Christmas_Wish.png/revision/latest,https://swordburst2.fandom.com/wiki/Christmas_Wish,1,,misc,Winter Event,2026-09-19T00:07:34Z
77,Broken Greatsword,Longsword,,Weapon,Common,94,1148,1607,,,TRUE,12%,,,Drop,https://static.wikia.nocookie.net/swordburst2/images/f/f2/Broken_Greatsword.png/revision/latest,https://swordburst2.fandom.com/wiki/Broken_Greatsword,,,,,2026-09-19T00:07:34Z
78,Mauve,Longsword,,Weapon,Rare,95,1250,2000,,,TRUE,8%,,,"250,000",https://static.wikia.nocookie.net/swordburst2/images/4/4e/Mauve.png/revision/latest,https://swordburst2.fandom.com/wiki/Mauve,1-2,1-2,misc,Nineth Edition,2026-09-19T00:07:34Z
79,Mystic Gemblade,Longsword,,Weapon,Rare,96,1188,1900,,,TRUE,12%,,,Drop,https://static.wikia.nocookie.net/swordburst2/images/8/88/Mystic_Gemblade.png/revision/latest,https://swordburst2.fandom.com/wiki/Mystic_Gemblade,,,,,2026-09-19T00:07:34Z
80,Blood Diamond,Longsword,,Weapon,Rare,98,1212,1939,,,TRUE,12%,,,Drop,https://static.wikia.nocookie.net/swordburst2/images/2/24/Blood_Diamond.png/revision/latest,https://swordburst2.fandom.com/wiki/Blood_Diamond,,,,,2026-09-19T00:07:34Z
81,Dark Purifier,Longsword,,Weapon,Legendary,100,1301,2602,,,TRUE,12%,,,Drop,https://static.wikia.nocookie.net/swordburst2/images/d/d2/Dark_Purifier.png/revision/latest,https://swordburst2.fandom.com/wiki/Dark_Purifier,0.5,0.5,clean_legendaries,Floor 10,2026-09-19T00:07:34Z
82,Retribution,Longsword,,Weapon,Legendary,100,1301,2602,,,TRUE,12%,,,Drop,https://static.wikia.nocookie.net/swordburst2/images/f/fb/Retribution.png/revision/latest,https://swordburst2.fandom.com/wiki/Retribution,0.5,1,clean_legendaries,Floor 10,2026-09-19T00:07:34Z
83,Rupture,Longsword,,Weapon,Legendary,100,1301,2602,,,TRUE,12%,,,Drop,https://static.wikia.nocookie.net/swordburst2/images/3/38/Rupture.png/revision/latest,https://swordburst2.fandom.com/wiki/Rupture,0.5,0.5,clean_legendaries,Floor 10,2026-09-19T00:07:34Z
84,Cetosar,Longsword,,Weapon,Legendary,100,2602,,,,TRUE,10%,,,Drop,https://static.wikia.nocookie.net/swordburst2/images/1/16/Cetosar_Icon.png/revision/latest,https://swordburst2.fandom.com/wiki/Cetosar,5-8,,clean_legendaries,Easter Realm (2023),2026-09-19T00:07:34Z
85,Mirage Echo,Longsword,,Weapon,Legendary,100,1450,2900,,,TRUE,15%,,,"750,000",https://static.wikia.nocookie.net/swordburst2/images/d/d7/Mirage_Echo.png/revision/latest,https://swordburst2.fandom.com/wiki/Mirage_Echo,6-8,3-4,clean_legendaries,Fourth Edition,2026-09-19T00:07:34Z
86,Azure Fang,Longsword,,Weapon,Legendary,100,2700,,,,TRUE,15%,,,Drop,https://static.wikia.nocookie.net/swordburst2/images/9/98/Azure_Fang.png/revision/latest,https://swordburst2.fandom.com/wiki/Azure_Fang,1,,clean_legendaries,Easter Realm (2023),2026-09-19T00:07:34Z
87,Seraphic Gaze,Longsword,,Weapon,Legendary,110,1480,2960,,,TRUE,12%,,,Drop,https://static.wikia.nocookie.net/swordburst2/images/a/ac/Seraphic_Gaze.png/revision/latest,https://swordburst2.fandom.com/wiki/Seraphic_Gaze,0.5,0.5,clean_legendaries,Floor 10,2026-09-19T00:07:34Z
88,Z Striker,Longsword,,Weapon,Common,110,1368,1915,,,TRUE,12%,,,Drop,https://static.wikia.nocookie.net/swordburst2/images/1/11/Z_Striker.png/revision/latest,https://swordburst2.fandom.com/wiki/Z_Striker,,,,,2026-09-19T00:07:34Z
89,Luminous Blossom,Longsword,,Weapon,Rare,115,Level Based +16 per level,,,,TRUE,14%,,,Drop,https://static.wikia.nocookie.net/swordburst2/images/6/65/Luminous_Blossom.png/revision/latest,https://swordburst2.fandom.com/wiki/Luminous_Blossom,,,,,2026-09-19T00:07:34Z
90,Dark Fang,Longsword,,Weapon,Rare,115,2528,,,,TRUE,12%,,,Gift,https://static.wikia.nocookie.net/swordburst2/images/9/95/Dark_Fang.png/revision/latest,https://swordburst2.fandom.com/wiki/Dark_Fang,,,,,2026-09-19T00:07:34Z
91,Energy Blade (Purple),Longsword,,Weapon,Common,120,1586,2220,,,TRUE,12%,,,Drop,https://static.wikia.nocookie.net/swordburst2/images/3/36/Energy_Blade_%28Purple%29.png/revision/latest,https://swordburst2.fandom.com/wiki/Energy_Blade_(Purple),,,,,2026-09-19T00:07:34Z
92,King's Legacy,Longsword,,Weapon,Rare,135,1823,2916,,,TRUE,12%,,,Drop,https://static.wikia.nocookie.net/swordburst2/images/7/77/King%27s_Legacy.png/revision/latest,https://swordburst2.fandom.com/wiki/King%27s_Legacy,,,,,2026-09-19T00:07:34Z
93,Oathkeeper,Longsword,,Weapon,Legendary,150,2168,4336,,,TRUE,12%,,,Drop,https://static.wikia.nocookie.net/swordburst2/images/6/6d/Oathkeeper.png/revision/latest,https://swordburst2.fandom.com/wiki/Oathkeeper,1,1,clean_legendaries,Floor 11,2026-09-19T00:07:34Z
94,Aristera,Longsword,,Weapon,Common,150,2400,,,,TRUE,12%,,,Gift,https://static.wikia.nocookie.net/swordburst2/images/b/b2/Aristera.png/revision/latest,https://swordburst2.fandom.com/wiki/Aristera,,100-150,misc,Gift Items,2026-09-19T00:07:34Z
95,Dexi,Longsword,,Weapon,Common,150,2400,,,,TRUE,12%,,,Gift,https://static.wikia.nocookie.net/swordburst2/images/5/57/Dexi.png/revision/latest,https://swordburst2.fandom.com/wiki/Dexi,,50-100,misc,Gift Items,2026-09-19T00:07:34Z
96,Aquaburst,Longsword,,Weapon,Rare,150,1685,2696,,,TRUE,8%,,,1M,https://static.wikia.nocookie.net/swordburst2/images/5/52/Aquaburst.png/revision/latest,https://swordburst2.fandom.com/wiki/Aquaburst,1-2,1,misc,Fifth Edition,2026-09-19T00:07:34Z
97,Astral Annihilator,Longsword,,Weapon,Legendary,150,2250,4500,,,TRUE,12%,,,1.15M,https://static.wikia.nocookie.net/swordburst2/images/a/aa/Astral_Annihilator.png/revision/latest,https://swordburst2.fandom.com/wiki/Astral_Annihilator,1,0.5,clean_legendaries,First Edition,2026-09-19T00:07:34Z
98,Seraph's star,Longsword,,Weapon,Legendary,150,2400,4800,,,TRUE,12%,,,2.5M,https://static.wikia.nocookie.net/swordburst2/images/8/80/Seraph%27s_star.png/revision/latest,https://swordburst2.fandom.com/wiki/Seraph%27s_star,5,5,clean_legendaries,Third Edition,2026-09-19T00:07:34Z
99,Holy Excaliber,Longsword,,Weapon,Legendary,150,2250,4500,,,TRUE,10%,,,6M,https://static.wikia.nocookie.net/swordburst2/images/e/e3/Holy_Excaliber.png/revision/latest,https://swordburst2.fandom.com/wiki/Holy_Excaliber,8-10,6,clean_legendaries,Fifth Edition,2026-09-19T00:07:34Z
100,Shackled Devour,Longsword,,Weapon,Legendary,150,2300,4600,,,TRUE,14%,,,20M,https://static.wikia.nocookie.net/swordburst2/images/f/f6/Shackled_Devour.png/revision/latest,https://swordburst2.fandom.com/wiki/Shackled_Devour,5-6,3-4,clean_legendaries,Fifteenth Edition,2026-09-19T00:07:34Z
101,X Striker,Longsword,,Weapon,Common,155,2300,3220,,,TRUE,12%,,,Drop,https://static.wikia.nocookie.net/swordburst2/images/c/cb/X_Striker.png/revision/latest,https://swordburst2.fandom.com/wiki/X_Striker,,,,,2026-09-19T00:07:34Z
102,Rootbreaker,Longsword,,Weapon,Common,160,Level Based +19 per level,,,,TRUE,12%,,,Drop,https://static.wikia.nocookie.net/swordburst2/images/c/ca/Rootbreaker.png/revision/latest,https://swordburst2.fandom.com/wiki/Rootbreaker,,,,,2026-09-19T00:07:34Z
103,Jacko Redeemer,Longsword,,Weapon,Common,160,2440,3416,,,TRUE,12%,,,Drop,https://static.wikia.nocookie.net/swordburst2/images/c/c9/Jacko_Redeemer.png/revision/latest,https://swordburst2.fandom.com/wiki/Jacko_Redeemer,,,,,2026-09-19T00:07:34Z
104,Achromatic Soul,Longsword,,Weapon,Rare,170,2720,4352,,,TRUE,12%,,,Drop,https://static.wikia.nocookie.net/swordburst2/images/7/70/Achromatic_Soul.png/revision/latest,https://swordburst2.fandom.com/wiki/Achromatic_Soul,,,,,2026-09-19T00:07:34Z
105,Azureveil Strikeblade,Longsword,,Weapon,Legendary,175,2879,5758,,,TRUE,12%,,,Drop,https://static.wikia.nocookie.net/swordburst2/images/e/ed/Azureveil_Strikeblade.png/revision/latest,https://swordburst2.fandom.com/wiki/Azureveil_Strikeblade,,,,,2026-09-19T00:07:34Z
106,Moonlight Catalyst,Longsword,,Weapon,Rare,180,3038,4860,,,TRUE,12%,,,Drop,https://static.wikia.nocookie.net/swordburst2/images/f/fa/Moonlight_Catalyst.png/revision/latest,https://swordburst2.fandom.com/wiki/Moonlight_Catalyst,,,,,2026-09-19T00:07:34Z
107,Iridescence,Longsword,,Weapon,Rare,185,3194,5110,,,TRUE,12%,,,Drop,https://static.wikia.nocookie.net/swordburst2/images/9/9c/Iridescence.png/revision/latest,https://swordburst2.fandom.com/wiki/Iridescence,,,,,2026-09-19T00:07:34Z
108,Midnight's Venom,Longsword,,Weapon,Rare,190,3250,5200,,,TRUE,4%,,,8M,https://static.wikia.nocookie.net/swordburst2/images/6/68/Midnight%27s_Venom.png/revision/latest,https://swordburst2.fandom.com/wiki/Midnight%27s_Venom,2,1-2,misc,Nineth Edition,2026-09-19T00:07:34Z
109,Death Grim,Longsword,,Weapon,Rare,200,Level Based +80 per level,,,,TRUE,5%,,,Drop,https://static.wikia.nocookie.net/swordburst2/images/3/33/Death_Grim.png/revision/latest,https://swordburst2.fandom.com/wiki/Death_Grim,,,,,2026-09-19T00:07:34Z
110,Solstice,Longsword,,Weapon,Legendary,200,3662,7324,,,TRUE,12%,,,Drop,https://static.wikia.nocookie.net/swordburst2/images/d/d7/Solstice.png/revision/latest,https://swordburst2.fandom.com/wiki/Solstice,1,1,clean_legendaries,Floor 11,2026-09-19T00:07:34Z
111,Virulence,Longsword,,Weapon,Legendary,200,3662,7324,,,TRUE,12%,,,Drop,https://static.wikia.nocookie.net/swordburst2/images/0/00/Virulence.png/revision/latest,https://swordburst2.fandom.com/wiki/Virulence,5-6,5-6,clean_legendaries,Floor 11,2026-09-19T00:07:34Z
112,Easterian Blade,Longsword,,Weapon,Legendary,200,3662,7324,,,TRUE,12%,,,Drop,https://static.wikia.nocookie.net/swordburst2/images/8/85/EasterLongsword.png/revision/latest,https://swordburst2.fandom.com/wiki/Easterian_Blade,1-2,0.5-1,clean_legendaries,Easter Realm (2023),2026-09-19T00:07:34Z
113,Severance,Longsword,,Weapon,Common,200,3662,5126,,,TRUE,12%,,,Drop,https://static.wikia.nocookie.net/swordburst2/images/0/07/Severance.png/revision/latest,https://swordburst2.fandom.com/wiki/Severance,,,,,2026-09-19T00:07:34Z
114,Tsukuyomi,Longsword,,Weapon,Legendary,200,7324,,,,TRUE,12%,,,Drop,https://static.wikia.nocookie.net/swordburst2/images/1/14/Tsukuyomi.png/revision/latest,https://swordburst2.fandom.com/wiki/Tsukuyomi,0.5-1,1-2,clean_legendaries,Easter Realm (2023),2026-09-19T00:07:34Z
115,Wrath of the Sea,Longsword,,Weapon,Legendary,200,3400,6800,,,TRUE,15%,,,10M,https://static.wikia.nocookie.net/swordburst2/images/9/95/Wrath_of_the_Sea.png/revision/latest,https://swordburst2.fandom.com/wiki/Wrath_of_the_Sea,5-6,3-4,clean_legendaries,Eighth Edition,2026-09-19T00:07:34Z
116,Darkwrath,Longsword,,Weapon,Legendary,200,3450,6900,,,TRUE,15%,,,15M,https://static.wikia.nocookie.net/swordburst2/images/9/96/Darkwrath.png/revision/latest,https://swordburst2.fandom.com/wiki/Darkwrath,0.3,0.3,clean_legendaries,Tenth Edition,2026-09-19T00:07:34Z
117,Crystal Shard,Longsword,,Weapon,Legendary,200,5100,10200,,,TRUE,18%,,,6.5M,https://static.wikia.nocookie.net/swordburst2/images/1/19/Crystal_Shard.png/revision/latest,https://swordburst2.fandom.com/wiki/Crystal_Shard,1,1,clean_legendaries,Fourteenth Edition,2026-09-19T00:07:34Z
118,Bloodrender,Longsword,,Weapon,Common,210,3989,5584,,,TRUE,12%,,,Drop,https://static.wikia.nocookie.net/swordburst2/images/f/f3/Bloodrender.png/revision/latest,https://swordburst2.fandom.com/wiki/Bloodrender,,,,,2026-09-19T00:07:34Z
119,Sentinel,Longsword,,Weapon,Common,220,4375,6125,,,TRUE,12%,,,Drop,https://static.wikia.nocookie.net/swordburst2/images/9/91/Sentinel.png/revision/latest,https://swordburst2.fandom.com/wiki/Sentinel,,,,,2026-09-19T00:07:34Z
120,Bloodtome,Longsword,,Weapon,Legendary,225,4569,9138,,,TRUE,12%,,,Drop,https://static.wikia.nocookie.net/swordburst2/images/7/71/Bloodtome.png/revision/latest,https://swordburst2.fandom.com/wiki/Bloodtome,25,15,clean_legendaries,30-40 Prismatic Apex 2 Floria's Gift,2026-09-19T00:07:34Z
121,Plutonic Visage,Longsword,,Weapon,Legendary,225,4569,9138,,,TRUE,12%,,,Drop,https://static.wikia.nocookie.net/swordburst2/images/0/0c/Plutonic_Visage.png/revision/latest,https://swordburst2.fandom.com/wiki/Plutonic_Visage,15-18,10-12,clean_legendaries,30-40 Prismatic Apex 2 Floria's Gift,2026-09-19T00:07:34Z
122,Luminous Blade,Longsword,,Weapon,Legendary,225,9600,,,,TRUE,12%,,,Drop,https://static.wikia.nocookie.net/swordburst2/images/6/67/Luminous_Blade.png/revision/latest,https://swordburst2.fandom.com/wiki/Luminous_Blade,0.5-1,,clean_legendaries,Easter Realm (2023),2026-09-19T00:07:34Z
123,Yuletide's Malice,Longsword,,Weapon,Rare,225,+31/level,,,,FALSE,14%,,,Drop,https://static.wikia.nocookie.net/swordburst2/images/5/54/Yuletide%27s_Malice.png/revision/latest,https://swordburst2.fandom.com/wiki/Yuletide%27s_Malice,,,,,2026-09-19T00:07:34Z
124,Sacred Genesis,Longsword,,Weapon,Legendary,225,5600,11200,,,TRUE,20%,,,80M,https://static.wikia.nocookie.net/swordburst2/images/5/57/Sacred_Genesis.png/revision/latest,https://swordburst2.fandom.com/wiki/Sacred_Genesis,10-12,10-12,clean_legendaries,Fifteenth Edition,2026-09-19T00:07:34Z
125,Ringmaster,Longsword,,Weapon,Rare,230,4763,7620,,,TRUE,12%,,,Drop,https://static.wikia.nocookie.net/swordburst2/images/b/b3/Ringmaster.png/revision/latest,https://swordburst2.fandom.com/wiki/Ringmaster,,,,,2026-09-19T00:07:34Z
126,Stinger XE-VII,Longsword,,Weapon,Rare,250,5556,8889,,,TRUE,12%,,,Drop,https://static.wikia.nocookie.net/swordburst2/images/e/e1/Stinger_XE-VII.png/revision/latest,https://swordburst2.fandom.com/wiki/Stinger_XE-VII,,,,,2026-09-19T00:07:34Z
127,Prismatic Apex,Longsword,,Weapon,Legendary,250,5556,11112,,,TRUE,12%,,,Drop,https://static.wikia.nocookie.net/swordburst2/images/7/7c/Prismatic_Apex.png/revision/latest,https://swordburst2.fandom.com/wiki/Prismatic_Apex,10-12,,auras,Gracious Domain 3 Serenity Realm 3-4,2026-09-19T00:07:34Z
128,Void Collider,Longsword,,Weapon,Burst,250,5556,13890,,,FALSE,12%,,,Crafting,https://static.wikia.nocookie.net/swordburst2/images/4/45/Void_Collider.png/revision/latest,https://swordburst2.fandom.com/wiki/Void_Collider,,,,,2026-09-19T00:07:34Z
129,Brutal Chopper,Longsword,,Weapon,Legendary,250,11112,,,,TRUE,12%,,,Drop,https://static.wikia.nocookie.net/swordburst2/images/e/ed/Brutal_Chopper.png/revision/latest,https://swordburst2.fandom.com/wiki/Brutal_Chopper,15-18,,clean_legendaries,Easter Realm (2023),2026-09-19T00:07:34Z
130,Hand of Heaven,Longsword,,Weapon,Legendary,250,7400,,,,TRUE,24%,,,105M,https://static.wikia.nocookie.net/swordburst2/images/e/eb/Hand_of_Heaven.png/revision/latest,https://swordburst2.fandom.com/wiki/Hand_of_Heaven,12-14,12-14,clean_legendaries,Fifteenth Edition,2026-09-19T00:07:34Z
131,Paradoxic Blade,Longsword,,Weapon,Legendary,270,8599,17198,,,TRUE,20%,,,65M,https://static.wikia.nocookie.net/swordburst2/images/c/c5/Paradoxic_Blade.png/revision/latest,https://swordburst2.fandom.com/wiki/Paradoxic_Blade,3-5,3-4,clean_legendaries,Sixth Edition,2026-09-19T00:07:34Z
132,Flamemour,Longsword,,Weapon,Legendary,275,9052,18104,,,TRUE,12%,,,Drop,https://static.wikia.nocookie.net/swordburst2/images/a/a8/Flamemour.png/revision/latest,https://swordburst2.fandom.com/wiki/Flamemour,1,1,clean_legendaries,Floor 12,2026-09-19T00:07:34Z
133,Blood's Influence,Longsword,,Weapon,Legendary,275,9052,18104,,,TRUE,12%,,,Drop,https://static.wikia.nocookie.net/swordburst2/images/e/e7/Blood%27s_Influence.png/revision/latest,https://swordburst2.fandom.com/wiki/Blood%27s_Influence,1,1,clean_legendaries,Floor 12,2026-09-19T00:07:34Z
134,Phantom Gripper,Longsword,,Weapon,Legendary,280,8900,17800,,,TRUE,10%,,,100M,https://static.wikia.nocookie.net/swordburst2/images/b/bd/Phantom_Gripper.png/revision/latest,https://swordburst2.fandom.com/wiki/Phantom_Gripper,12,10-12,clean_legendaries,Fifteenth Edition,2026-09-19T00:07:34Z
135,Superior,Longsword,,Weapon,Legendary,285,9763,19526,,,TRUE,12%,,,Drop,https://static.wikia.nocookie.net/swordburst2/images/f/f4/Superior.png/revision/latest,https://swordburst2.fandom.com/wiki/Superior,4,4,clean_legendaries,Floor 12,2026-09-19T00:07:34Z
136,Midnight Fury,Longsword,,Weapon,Legendary,290,23250,,,,TRUE,12%,,,Drop,https://static.wikia.nocookie.net/swordburst2/images/6/6d/Midnight_Fury.png/revision/latest,https://swordburst2.fandom.com/wiki/Midnight_Fury,8-10,,clean_legendaries,Easter Realm (2023),2026-09-19T00:07:34Z
137,Scorched Winter,Longsword,,Weapon,Legendary,290,22750,,,,TRUE,10%,,,Drop,https://static.wikia.nocookie.net/swordburst2/images/f/f0/Scorched_Winter.png/revision/latest,https://swordburst2.fandom.com/wiki/Scorched_Winter,1-2,,clean_legendaries,Easter Realm (2023),2026-09-19T00:07:34Z
138,Cuisine Slicer,Longsword,,Weapon,Common,300,7212,10096,,,TRUE,12%,,,Drop,https://static.wikia.nocookie.net/swordburst2/images/b/b2/Cuisine_Slicer.png/revision/latest,https://swordburst2.fandom.com/wiki/Cuisine_Slicer,,,,,2026-09-19T00:07:34Z
139,Fallier,Longsword,,Weapon,Legendary,300,11425,22850,,,TRUE,18%,,,72M,https://static.wikia.nocookie.net/swordburst2/images/f/f8/Fallier.png/revision/latest,https://swordburst2.fandom.com/wiki/Fallier,8-10,5-6,clean_legendaries,Seventh Edition,2026-09-19T00:07:34Z
140,Pastel Edge,Longsword,,Weapon,Legendary,300,11425,22850,,,TRUE,12%,,,Drop,https://static.wikia.nocookie.net/swordburst2/images/8/84/Pastel_Edge.png/revision/latest,https://swordburst2.fandom.com/wiki/Pastel_Edge,2-3,1-2,clean_legendaries,Egg Realm (2025),2026-09-19T00:07:34Z
141,Whispering Slayer,Longsword,,Weapon,Legendary,300,11425,22850,,,TRUE,12%,,,65M,https://static.wikia.nocookie.net/swordburst2/images/5/5e/Whispering_Slayer.png/revision/latest,https://swordburst2.fandom.com/wiki/Whispering_Slayer,3-4,3-4,clean_legendaries,Fourth Edition,2026-09-19T00:07:34Z
142,Mystic's Saber,Longsword,,Weapon,Legendary,300,28000,,,,TRUE,12%,,,Drop,https://static.wikia.nocookie.net/swordburst2/images/4/44/Mystic%27s_Saber.png/revision/latest,https://swordburst2.fandom.com/wiki/Mystic%27s_Saber,0.5,,clean_legendaries,Easter Realm (2023),2026-09-19T00:07:34Z
143,Galactic Demolisher,Longsword,,Weapon,Burst,300,9958,24895,,,FALSE,12%,,,Crafting,https://static.wikia.nocookie.net/swordburst2/images/1/1a/Galactic_Demolisher.png/revision/latest,https://swordburst2.fandom.com/wiki/Galactic_Demolisher,,,,,2026-09-19T00:07:34Z
144,Server's Revenger,Longsword,,Weapon,Common,325,7617,10663,,,TRUE,12%,,,Drop,https://static.wikia.nocookie.net/swordburst2/images/f/f1/Server%27s_Revenger.png/revision/latest,https://swordburst2.fandom.com/wiki/Server%27s_Revenger,,,,,2026-09-19T00:07:34Z
145,Silent Service,Longsword,,Weapon,Common,325,7617,10663,,,TRUE,12%,,,Drop,https://static.wikia.nocookie.net/swordburst2/images/8/88/Silent_Service.png/revision/latest,https://swordburst2.fandom.com/wiki/Silent_Service,,,,,2026-09-19T00:07:34Z
146,Venomous Singularity,Longsword,,Weapon,Rare,330,+102/level,,,,FALSE,16%,,,Drop,https://static.wikia.nocookie.net/swordburst2/images/9/90/Venomous_Singularity.png/revision/latest,https://swordburst2.fandom.com/wiki/Venomous_Singularity,1,,clean_legendaries,Egg Realm (2025),2026-09-19T00:07:34Z
147,Dusklight,Longsword,,Weapon,Legendary,340,18000,36000,,,TRUE,10%,,,80M,https://static.wikia.nocookie.net/swordburst2/images/5/5a/Dusklight.png/revision/latest,https://swordburst2.fandom.com/wiki/Dusklight,4-5,4-5,clean_legendaries,Thirteenth Edition,2026-09-19T00:07:34Z
148,Rabbit Trace,Longsword,,Weapon,Legendary,340,19000,38000,,,TRUE,18%,,,Drop,https://static.wikia.nocookie.net/swordburst2/images/2/28/Rabbit_Trace.png/revision/latest,https://swordburst2.fandom.com/wiki/Rabbit_Trace,3,1,clean_legendaries,Egg Realm (2026),2026-09-19T00:07:34Z
149,Leaf Longsword,Longsword,,Weapon,Rare,350,11915,19064,,,TRUE,12%,,,Drop,https://static.wikia.nocookie.net/swordburst2/images/c/c6/Leaf_Longsword.png/revision/latest,https://swordburst2.fandom.com/wiki/Leaf_Longsword,,,,,2026-09-19T00:07:34Z
150,Oblivion's Edge,Longsword,,Weapon,Legendary,350,20245,40490,,,TRUE,18%,,,65M,https://static.wikia.nocookie.net/swordburst2/images/3/36/Oblivion%27s_Edge.png/revision/latest,https://swordburst2.fandom.com/wiki/Oblivion%27s_Edge,3-4,3-4,clean_legendaries,Fourth Edition,2026-09-19T00:07:34Z
151,Wraith's Whisper,Longsword,,Weapon,Legendary,350,20245,40490,,,TRUE,18%,,,65M,https://static.wikia.nocookie.net/swordburst2/images/b/bf/Wraith%27s_Whisper.png/revision/latest,https://swordburst2.fandom.com/wiki/Wraith%27s_Whisper,3-4,3-4,clean_legendaries,Fourth Edition,2026-09-19T00:07:34Z
152,Invocation,Longsword,,Weapon,Legendary,350,20235,40470,,,TRUE,24%,,,50M,https://static.wikia.nocookie.net/swordburst2/images/b/bd/Invocation.png/revision/latest,https://swordburst2.fandom.com/wiki/Invocation,8-10,5-6,clean_legendaries,Fifteenth Edition,2026-09-19T00:07:34Z
153,Omen,Longsword,,Weapon,Burst,350,20245,50612,,,FALSE,24%,,,Crafting,https://static.wikia.nocookie.net/swordburst2/images/a/aa/Omen.png/revision/latest,https://swordburst2.fandom.com/wiki/Omen,,,,,2026-09-19T00:07:34Z
154,Sakura's Demise,Longsword,,Weapon,Legendary,375,22450,44900,,,TRUE,12%,,,Drop,https://static.wikia.nocookie.net/swordburst2/images/8/81/Sakura%27s_Demise.png/revision/latest,https://swordburst2.fandom.com/wiki/Sakura%27s_Demise,0.5,0.5,clean_legendaries,- Rotational Floors -,2026-09-19T00:07:34Z
155,Ham,Longsword,,Weapon,Legendary,375,22450,44900,,,TRUE,12%,,,Drop,https://static.wikia.nocookie.net/swordburst2/images/a/a8/Ham.png/revision/latest,https://swordburst2.fandom.com/wiki/Ham,0.5-1,0.5-1,clean_legendaries,- Rotational Floors -,2026-09-19T00:07:34Z
156,Meatball Slammer,Longsword,,Weapon,Legendary,375,22450,44900,,,TRUE,12%,,,Drop,https://static.wikia.nocookie.net/swordburst2/images/0/02/Meatball_Slammer.png/revision/latest,https://swordburst2.fandom.com/wiki/Meatball_Slammer,10,7-8,clean_legendaries,- Rotational Floors -,2026-09-19T00:07:34Z
157,Divine Ruin,Longsword,,Weapon,Legendary,375,22450,44900,,,TRUE,28%,,,175M,https://static.wikia.nocookie.net/swordburst2/images/7/7a/Divine_Ruin.png/revision/latest,https://swordburst2.fandom.com/wiki/Divine_Ruin,20+,15,clean_legendaries,Thirteenth Edition,2026-09-19T00:07:34Z
158,Coral Slicer,Longsword,,Weapon,Common,375,27514,38520,,,TRUE,12%,,,Drop,https://static.wikia.nocookie.net/swordburst2/images/f/fc/Coral_Slicer.png/revision/latest,https://swordburst2.fandom.com/wiki/Coral_Slicer,,,,,2026-09-19T00:07:34Z
159,Kraydus,Longsword,,Weapon,Legendary,375,27200,54400,,,TRUE,32%,,,Drop,https://static.wikia.nocookie.net/swordburst2/images/7/71/Kraydus.png/revision/latest,https://swordburst2.fandom.com/wiki/Kraydus,1,0.5,clean_legendaries,Atheon's Realm,2026-09-19T00:07:34Z
160,Water Bane,Longsword,,Weapon,Common,385,29212,40897,,,TRUE,12%,,,Drop,https://static.wikia.nocookie.net/swordburst2/images/6/60/Water_Bane.png/revision/latest,https://swordburst2.fandom.com/wiki/Water_Bane,,,,,2026-09-19T00:07:34Z
161,Oceans Claw,Longsword,,Weapon,Common,390,29812,41736,,,TRUE,12%,,,Drop,https://static.wikia.nocookie.net/swordburst2/images/8/87/Oceans_Claw.png/revision/latest,https://swordburst2.fandom.com/wiki/Oceans_Claw,,,,,2026-09-19T00:07:34Z
162,Vermillion Glory,Longsword,,Weapon,Legendary,400,25000,50000,,,TRUE,30%,,,Drop,https://static.wikia.nocookie.net/swordburst2/images/8/84/Vermillion_Glory.png/revision/latest,https://swordburst2.fandom.com/wiki/Vermillion_Glory,1 - 1.5,1 - 1.5,clean_legendaries,Floor 6 / Undershroud,2026-09-19T00:07:34Z
163,Eyes Deep,Longsword,,Weapon,Rare,400,30493,48788,,,TRUE,12%,,,Drop,https://static.wikia.nocookie.net/swordburst2/images/f/f4/Eyes_Deep.png/revision/latest,https://swordburst2.fandom.com/wiki/Eyes_Deep,,,,,2026-09-19T00:07:34Z
164,Shinkurai,Longsword,,Weapon,Legendary,400,26500,53000,,,TRUE,30%,,,150M,https://static.wikia.nocookie.net/swordburst2/images/6/6f/Shinkurai.png/revision/latest,https://swordburst2.fandom.com/wiki/Shinkurai,12-15,10-12,clean_legendaries,Twelfth Edition,2026-09-19T00:07:34Z
165,Reef's Revenge,Longsword,,Weapon,Legendary,425,32500,65000,,,TRUE,12%,,,Drop,https://static.wikia.nocookie.net/swordburst2/images/c/ca/Reef%27s_Revenge.png/revision/latest,https://swordburst2.fandom.com/wiki/Reef%27s_Revenge,1,1,clean_legendaries,- Rotational Floors -,2026-09-19T00:07:34Z
166,Artic Reptide,Longsword,,Weapon,Legendary,435,34970,69940,,,TRUE,15%,,,Drop,https://static.wikia.nocookie.net/swordburst2/images/4/49/Artic_Reptide.png/revision/latest,https://swordburst2.fandom.com/wiki/Artic_Reptide,1,0.5,clean_legendaries,- Rotational Floors -,2026-09-19T00:07:34Z
167,Ocean Royal,Longsword,,Weapon,Legendary,435,34970,69940,,,TRUE,15%,,,Drop,https://static.wikia.nocookie.net/swordburst2/images/d/d0/Ocean_Royal.png/revision/latest,https://swordburst2.fandom.com/wiki/Ocean_Royal,0.5-1,0.5,clean_legendaries,- Rotational Floors -,2026-09-19T00:07:34Z
168,Ruby Edge,Longsword,,Weapon,Rare,1,10,260,,,TRUE,5%,,,Early Access,https://static.wikia.nocookie.net/swordburst2/images/7/7c/Ruby_Edge.png/revision/latest,https://swordburst2.fandom.com/wiki/Ruby_Edge,,,,,2026-09-19T00:07:34Z
169,Voltbrand,Longsword,,Weapon,Legendary,50,420,840,,,TRUE,12%,,,Drop,https://static.wikia.nocookie.net/swordburst2/images/8/80/Voltbrand.png/revision/latest,https://swordburst2.fandom.com/wiki/Voltbrand,0.5-1,0.5-1,clean_legendaries,Floor 5,2026-09-19T00:07:34Z
170,Floria’s Gift,Longsword,,Weapon,Legendary,75,994,1988,,,TRUE,12%,,,Drop,https://static.wikia.nocookie.net/swordburst2/images/3/3b/Floria%E2%80%99s_Gift.png/revision/latest,https://swordburst2.fandom.com/wiki/Floria%E2%80%99s_Gift,,,,,2026-09-19T00:07:34Z
171,Saturn,Longsword,,Weapon,Common,88,948,1327,,,TRUE,12%,,,"87,500",https://static.wikia.nocookie.net/swordburst2/images/2/28/Saturn.png/revision/latest,https://swordburst2.fandom.com/wiki/Saturn,,,,,2026-09-19T00:07:34Z
172,Elysium,Longsword,,Weapon,Common,325,10640,14896,,,TRUE,12%,,,Drop,https://static.wikia.nocookie.net/swordburst2/images/6/68/Elysium.png/revision/latest,https://swordburst2.fandom.com/wiki/Elysium,,,,,2026-09-19T00:07:34Z
173,The Cutter,Longsword,,Weapon,Common,325,7617,10663,,,TRUE,12%,,,Drop,https://static.wikia.nocookie.net/swordburst2/images/0/0d/The_Cutter.png/revision/latest,https://swordburst2.fandom.com/wiki/The_Cutter,,,,,2026-09-19T00:07:34Z
174,Rapture,Longsword,,Weapon,Legendary,325,15621,31242,,,TRUE,12%,,,Drop,https://static.wikia.nocookie.net/swordburst2/images/e/e9/Rapture.png/revision/latest,https://swordburst2.fandom.com/wiki/Rapture,0.3-0.5,0.3-0.5,clean_legendaries,Atheon's Realm,2026-09-19T00:07:34Z
175,Caelum,Longsword,,Weapon,Rare,350,11915,19064,,,TRUE,12%,,,Drop,https://static.wikia.nocookie.net/swordburst2/images/1/18/Caelum.png/revision/latest,https://swordburst2.fandom.com/wiki/Caelum,,,,,2026-09-19T00:07:34Z
176,Butcher's Glory,Longsword,,Weapon,Legendary,375,22450,44900,,,TRUE,12%,,,Drop,https://static.wikia.nocookie.net/swordburst2/images/7/75/Butcher%27s_Glory.png/revision/latest,https://swordburst2.fandom.com/wiki/Butcher%27s_Glory,0.5-1,0.5-1,clean_legendaries,- Rotational Floors -,2026-09-19T00:07:34Z
177,Ocean Fang,Longsword,,Weapon,Common,390,29812,41736,,,TRUE,12%,,,Drop,https://static.wikia.nocookie.net/swordburst2/images/4/47/Ocean_Fang.png/revision/latest,https://swordburst2.fandom.com/wiki/Ocean_Fang,,,,,2026-09-19T00:07:34Z
178,Lightning Hammer,Longsword,,Weapon,Legendary,50,420,840,,,TRUE,12%,,,Drop,https://static.wikia.nocookie.net/swordburst2/images/b/b2/Lightning_Hammer.png/revision/latest,https://swordburst2.fandom.com/wiki/Lightning_Hammer,1,0.5-1,clean_legendaries,Floor 5,2026-09-19T00:07:34Z
179,Flame Hammer,Longsword,,Weapon,Legendary,50,420,840,,,TRUE,12%,,,Drop,https://static.wikia.nocookie.net/swordburst2/images/b/b1/Flame_Hammer.png/revision/latest,https://swordburst2.fandom.com/wiki/Flame_Hammer,,,,,2026-09-19T00:07:34Z
180,Storm Bringer,Longsword,,Weapon,Legendary,50,840,,,,TRUE,12%,,,Gift,https://static.wikia.nocookie.net/swordburst2/images/4/49/Storm_Bringer.png/revision/latest,https://swordburst2.fandom.com/wiki/Storm_Bringer,75-90,,clean_legendaries,Gift of Remaster,2026-09-19T00:07:34Z
181,Mjolnir,Longsword,,Weapon,Legendary,50,840,,,,TRUE,12%,,,Gift,https://static.wikia.nocookie.net/swordburst2/images/2/25/Mjolnir.png/revision/latest,https://swordburst2.fandom.com/wiki/Mjolnir,75-90,,clean_legendaries,Gift of Remaster,2026-09-19T00:07:34Z
182,Lovetap,Longsword,,Weapon,Legendary,50,450,900,,,TRUE,15%,,,"750,000",https://static.wikia.nocookie.net/swordburst2/images/5/5e/Lovetap.png/revision/latest,https://swordburst2.fandom.com/wiki/Lovetap,4,1-2,clean_legendaries,Fourth Edition,2026-09-19T00:07:34Z
183,Gear Axe,Longsword,,Weapon,Rare,15,66,105,,,TRUE,12%,,,Drop,https://static.wikia.nocookie.net/swordburst2/images/0/04/Gear_Axe.png/revision/latest,https://swordburst2.fandom.com/wiki/Gear_Axe,,,,,2026-09-19T00:07:34Z
184,Endbringer,Longsword,,Weapon,Common,88,948,1327,,,TRUE,12%,,,"87,500",https://static.wikia.nocookie.net/swordburst2/images/6/6c/Endbringer.png/revision/latest,https://swordburst2.fandom.com/wiki/Endbringer,,,,,2026-09-19T00:07:34Z
185,Azurite Apparation,Longsword,,Weapon,Rare,100,2400,,,,TRUE,12%,,,Drop,https://static.wikia.nocookie.net/swordburst2/images/b/b7/Azurite_Apparation.png/revision/latest,https://swordburst2.fandom.com/wiki/Azurite_Apparation,,,,,2026-09-19T00:07:34Z
186,Breeze,Longsword,,Weapon,Rare,72,779,1246,,,TRUE,12%,,,Drop,https://static.wikia.nocookie.net/swordburst2/images/9/98/Breeze.png/revision/latest,https://swordburst2.fandom.com/wiki/Breeze,,,,,2026-09-19T00:07:34Z
187,Frost Dragon Scythe,Longsword,,Weapon,Legendary,38,336,672,,,TRUE,24%,,,Drop,https://static.wikia.nocookie.net/swordburst2/images/b/b6/FrozenDragonScythe.png/revision/latest,https://swordburst2.fandom.com/wiki/Frost_Dragon_Scythe,70-80,30-40,clean_legendaries,Winter Event (2022),2026-09-19T00:07:34Z
188,Artic Reaper,Longsword,,Weapon,Legendary,300,12215,24430,,,TRUE,25%,,,180M,https://static.wikia.nocookie.net/swordburst2/images/e/e4/Artic_Reaper.png/revision/latest,https://swordburst2.fandom.com/wiki/Artic_Reaper,7-10,7-10,clean_legendaries,Fourteenth Edition,2026-09-19T00:07:34Z
189,Fist,Longsword,,Weapon,Legendary,65,888,1776,,,TRUE,25%,,,Drop,https://static.wikia.nocookie.net/swordburst2/images/b/b9/TheFistIcon.png/revision/latest,https://swordburst2.fandom.com/wiki/Fist,3,1-2,clean_legendaries,Floor 7,2026-09-19T00:07:34Z
190,Redeemer,Longsword,,Weapon,Rare,55,555,888,,,TRUE,12%,,,Drop,https://static.wikia.nocookie.net/swordburst2/images/3/39/Redeemer.png/revision/latest,https://swordburst2.fandom.com/wiki/Redeemer,0.5 - 1,0.5 - 1,misc,Easter Event,2026-09-19T00:07:34Z
191,Formaug's Demise,Longsword,,Weapon,Legendary,75,902,1804,,,TRUE,12%,,,Drop,https://static.wikia.nocookie.net/swordburst2/images/2/2a/Formaug%27s_Demise.png/revision/latest,https://swordburst2.fandom.com/wiki/Formaug%27s_Demise,0.5,0.5,clean_legendaries,Floor 8,2026-09-19T00:07:34Z
192,Angel's Grace,Longsword,,Weapon,Tribute,1,145000,,,,FALSE,80%,,,Multiple Drops,https://static.wikia.nocookie.net/swordburst2/images/e/e1/Angel%27s_Grace.png/revision/latest,https://swordburst2.fandom.com/wiki/Angel%27s_Grace,Untradeable,,tributes,Untradeable The Final Gift Untradeable Gift of Contribution,2026-09-19T00:07:34Z
193,Nevalis,Longsword,,Weapon,Tribute,1,+30/level,,,,FALSE,5%,,,Joining the game,https://static.wikia.nocookie.net/swordburst2/images/6/66/Nevalis.png/revision/latest,https://swordburst2.fandom.com/wiki/Nevalis,5,,tributes,Miscellaneous,2026-09-19T00:07:34Z
194,Hero's Triumph,Longsword,,Weapon,Tribute,1,1000,2000,,,FALSE,8%,,,BGMMaster Stream Event - 1st Place Prize,https://static.wikia.nocookie.net/swordburst2/images/a/ae/Hero%27s_Triumph.png/revision/latest,https://swordburst2.fandom.com/wiki/Hero%27s_Triumph,250-280,150-200,tributes,BGM Exclusive Events,2026-09-19T00:07:34Z
195,Akuma no Itami,Longsword,,Weapon,Tribute,1,+5/level,,,,FALSE,20%,,,Joining the game,https://static.wikia.nocookie.net/swordburst2/images/4/43/Akuma_No_Itami.png/revision/latest,https://swordburst2.fandom.com/wiki/Akuma_no_Itami,5,,tributes,Miscellaneous,2026-09-19T00:07:34Z
196,Stick,Longsword,,Weapon,Tribute,50,Varies,,,,FALSE,30%,,,Ancient Wood Chest in Sector-235,https://static.wikia.nocookie.net/swordburst2/images/a/aa/Stick.png/revision/latest,https://swordburst2.fandom.com/wiki/Stick,10k-11k,10k,tributes,Floor 12,2026-09-19T00:07:34Z
197,Ryu,Longsword,,Weapon,Tribute,75,2500,5000,,,FALSE,40%,,,Multiple Drops,https://static.wikia.nocookie.net/swordburst2/images/d/d1/Ryu.png/revision/latest,https://swordburst2.fandom.com/wiki/Ryu,40,20,tributes,Floor 8,2026-09-19T00:07:34Z
198,Darkflame,Longsword,,Weapon,Tribute,225,5250,10500,,,FALSE,36%,,,Multiple Drops,https://static.wikia.nocookie.net/swordburst2/images/a/ac/Darkflame.png/revision/latest,https://swordburst2.fandom.com/wiki/Darkflame,20-25,12-15,tributes,Floor 10,2026-09-19T00:07:34Z
199,Galaxia,Longsword,,Weapon,Tribute,250,6125,12250,,,FALSE,36%,,,Multiple Drops,https://static.wikia.nocookie.net/swordburst2/images/5/54/Galaxia.png/revision/latest,https://swordburst2.fandom.com/wiki/Galaxia,3-4,1-2,tributes,Floor 11,2026-09-19T00:07:34Z
200,Angelic Rebellion,Longsword,,Weapon,Tribute,280,10800,,,,FALSE,36%,,,Drop,https://static.wikia.nocookie.net/swordburst2/images/8/87/Angelic_Rebellion.png/revision/latest,https://swordburst2.fandom.com/wiki/Angelic_Rebellion,?,?,tributes,Floor 11,2026-09-19T00:07:34Z
201,Derezzed Dark Disc,Longsword,,Weapon,Tribute,290,11375,22750,,,FALSE,75%,,,Multiple Drops,https://static.wikia.nocookie.net/swordburst2/images/9/92/Derezzed_Dark_Disk.png/revision/latest,https://swordburst2.fandom.com/wiki/Derezzed_Dark_Disc,3-4,2-3,tributes,Floor 12,2026-09-19T00:07:34Z
202,Destined Dark Disc,Longsword,,Weapon,Tribute,290,11375,22750,,,FALSE,75%,,,Multiple Drops,https://static.wikia.nocookie.net/swordburst2/images/b/ba/Destined_Dark_Disc.png/revision/latest,https://swordburst2.fandom.com/wiki/Destined_Dark_Disc,3-4,2-3,tributes,Floor 12,2026-09-19T00:07:34Z
203,Divulged Dark Disc,Longsword,,Weapon,Tribute,290,11375,22750,,,FALSE,75%,,,Multiple Drops,https://static.wikia.nocookie.net/swordburst2/images/c/c9/Divulged_Dark_Disc.png/revision/latest,https://swordburst2.fandom.com/wiki/Divulged_Dark_Disc,3-4,2-3,tributes,Floor 12,2026-09-19T00:07:34Z
204,Daunted Dark Disc,Longsword,,Weapon,Tribute,290,11375,22750,,,FALSE,75%,,,Multiple Drops,https://static.wikia.nocookie.net/swordburst2/images/4/45/Daunted_Dark_Disc.png/revision/latest,https://swordburst2.fandom.com/wiki/Daunted_Dark_Disc,3-4,2-3,tributes,Floor 12,2026-09-19T00:07:34Z
205,Emberlith,Longsword,,Weapon,Tribute,310,+105/level,,,,FALSE,28%,,,Drop,https://static.wikia.nocookie.net/swordburst2/images/1/17/Emberlith.png/revision/latest,https://swordburst2.fandom.com/wiki/Emberlith,,20,tributes,Egg Realm (2026),2026-09-19T00:07:34Z
206,Banananana,Longsword,,Weapon,Tribute,320,Level Based +100 per level,,,,FALSE,40%,,,Drop,https://static.wikia.nocookie.net/swordburst2/images/2/24/Banananana.png/revision/latest,https://swordburst2.fandom.com/wiki/Banananana,,,,,2026-09-19T00:07:34Z
207,Frostbite Reaper,Longsword,,Weapon,Tribute,340,"Clean and Max: 48,000",,,,FALSE,35%,,,Drop,https://static.wikia.nocookie.net/swordburst2/images/a/ab/Frostbite_Reaper.png/revision/latest,https://swordburst2.fandom.com/wiki/Frostbite_Reaper,0.5,,clean_legendaries,Easter Realm (2023),2026-09-19T00:07:34Z
208,Fractured Falls,Longsword,,Weapon,Tribute,345,+150/level,,,,FALSE,24%,,,Drop,https://static.wikia.nocookie.net/swordburst2/images/5/5d/Fractured_Falls.png/revision/latest,https://swordburst2.fandom.com/wiki/Fractured_Falls,,,,,2026-09-19T00:07:34Z
209,Final Star,Longsword,,Weapon,Tribute,350,+150/level,,,,FALSE,25%,,,The Final Gift,https://static.wikia.nocookie.net/swordburst2/images/4/4b/Final_Star.png/revision/latest,https://swordburst2.fandom.com/wiki/Final_Star,1500-2000,,tributes,Gift Hunt 2023,2026-09-19T00:07:34Z
210,Devil's Ember,Longsword,,Weapon,Tribute,400,25000,50000,,,FALSE,20%,,,97.5M,https://static.wikia.nocookie.net/swordburst2/images/1/1b/Devil%27s_Ember.png/revision/latest,https://swordburst2.fandom.com/wiki/Devil%27s_Ember,6,6,tributes,Fourth Edition,2026-09-19T00:07:34Z
211,Corrupted Sky,Longsword,,Weapon,Tribute,400,30000,60000,,,FALSE,30%,,,Event Winner,https://static.wikia.nocookie.net/swordburst2/images/6/63/Corrupted_Sky.jpg/revision/latest,https://swordburst2.fandom.com/wiki/Corrupted_Sky,,,,,2026-09-19T00:07:34Z
212,Spirit Blossom,Longsword,,Weapon,Tribute,410,35000,70000,,,FALSE,30%,,,Drop,https://static.wikia.nocookie.net/swordburst2/images/a/af/Spirit_Blossom.png/revision/latest,https://swordburst2.fandom.com/wiki/Spirit_Blossom,60-70,60,tributes,- ROTATIONAL FLOOR TRIBUTES -,2026-09-19T00:07:34Z
213,Mechanic Edge,Longsword,,Weapon,Tribute,410,34710,69420,,,FALSE,42%,,,300M,https://static.wikia.nocookie.net/swordburst2/images/4/4c/Mechanic_Edge.png/revision/latest,https://swordburst2.fandom.com/wiki/Mechanic_Edge,25-30,25-27,tributes,Winter Edition,2026-09-19T00:07:34Z
214,Bunny Dagger,Longsword,,Weapon,Tribute,415,Level Based +178 per level,,,,FALSE,40%,,,Hunt,https://static.wikia.nocookie.net/swordburst2/images/d/d4/BunnyDagger.webp/revision/latest,https://swordburst2.fandom.com/wiki/Bunny_Dagger,30,,tributes,Egg Realm (2026),2026-09-19T00:07:34Z
215,Tundra Point,Longsword,,Weapon,Tribute,440,39000,78000,,,FALSE,52%,,,750M,https://static.wikia.nocookie.net/swordburst2/images/4/49/Tundra_Point.png/revision/latest,https://swordburst2.fandom.com/wiki/Tundra_Point,50,30-40,tributes,Fourteenth Edition,2026-09-19T00:07:34Z
216,Rei Rei,Longsword,,Weapon,Tribute,450,85000,,,,FALSE,40%,,,Drop,https://static.wikia.nocookie.net/swordburst2/images/5/54/Rei_Rei.png/revision/latest,https://swordburst2.fandom.com/wiki/Rei_Rei,400-450,,tributes,Floor 6 / Undershroud,2026-09-19T00:07:34Z
217,Kings Current,Longsword,,Weapon,Tribute,450,44000,88000,,,FALSE,45%,,,Drop,https://static.wikia.nocookie.net/swordburst2/images/e/e2/King%27s_Current.png/revision/latest,https://swordburst2.fandom.com/wiki/Kings_Current,30-40,30-40,tributes,- ROTATIONAL FLOOR TRIBUTES -,2026-09-19T00:07:34Z
218,Crimson's Judgement,Greatsword,,Weapon,Legendary,1,+145/level,,,,FALSE,20%,,,Regional Price,https://static.wikia.nocookie.net/swordburst2/images/a/ab/Crimson%27s_Judgement.png/revision/latest,https://swordburst2.fandom.com/wiki/Crimson%27s_Judgement,Untradeable,,clean_legendaries,Crimson Bundle,2026-09-19T00:07:34Z
219,Steel Greatsword,Greatsword,,Weapon,Common,1,5,7,,,TRUE,18%,,,100,https://static.wikia.nocookie.net/swordburst2/images/d/d6/Steel_Greatsword.png/revision/latest,https://swordburst2.fandom.com/wiki/Steel_Greatsword,,,,,2026-09-19T00:07:34Z
220,Peppermint Slasher,Greatsword,,Weapon,Rare,1,228,364,,,TRUE,18%,,,Drop,https://static.wikia.nocookie.net/swordburst2/images/e/e8/Peppermint_Slasher.png/revision/latest,https://swordburst2.fandom.com/wiki/Peppermint_Slasher,4-5,3-4,misc,Winter Event,2026-09-19T00:07:34Z
221,Light Greatsword,Greatsword,,Weapon,Common,3,8,11,,,TRUE,18%,,,Drop,https://static.wikia.nocookie.net/swordburst2/images/8/8e/Light_Greatsword.png/revision/latest,https://swordburst2.fandom.com/wiki/Light_Greatsword,,,,,2026-09-19T00:07:34Z
222,Brass Heavyweight,Greatsword,,Weapon,Common,3,15,21,,,TRUE,18%,,,Drop,https://static.wikia.nocookie.net/swordburst2/images/0/05/Brass_Heavyweight.png/revision/latest,https://swordburst2.fandom.com/wiki/Brass_Heavyweight,,,,,2026-09-19T00:07:34Z
223,Sun Set,Greatsword,,Weapon,Common,6,11,15,,,TRUE,18%,,,255,https://static.wikia.nocookie.net/swordburst2/images/5/51/Sun_Set.png/revision/latest,https://swordburst2.fandom.com/wiki/Sun_Set,,,,,2026-09-19T00:07:34Z
224,Ruined Greatsword,Greatsword,,Weapon,Common,7,15,21,,,TRUE,18%,,,Drop,https://static.wikia.nocookie.net/swordburst2/images/3/3d/Ruined_Greatsword.png/revision/latest,https://swordburst2.fandom.com/wiki/Ruined_Greatsword,,,,,2026-09-19T00:07:34Z
225,Tsunami Blade,Greatsword,,Weapon,Common,9,19,26,,,TRUE,18%,,,450,https://static.wikia.nocookie.net/swordburst2/images/b/ba/Tsunami_Blade.png/revision/latest,https://swordburst2.fandom.com/wiki/Tsunami_Blade,,,,,2026-09-19T00:07:34Z
226,Rusty Greatsword,Greatsword,,Weapon,Common,10,21,29,,,TRUE,18%,,,Drop,https://static.wikia.nocookie.net/swordburst2/images/b/b0/Rusty_Greatsword.png/revision/latest,https://swordburst2.fandom.com/wiki/Rusty_Greatsword,,,,,2026-09-19T00:07:34Z
227,Bianyuan,Greatsword,,Weapon,Common,10,+4/level,,,,FALSE,5%,,,Drop,https://static.wikia.nocookie.net/swordburst2/images/9/9a/Bianyuan.png/revision/latest,https://swordburst2.fandom.com/wiki/Bianyuan,0.2 - 0.5,,misc,Easter Event,2026-09-19T00:07:34Z
228,Advocate,Greatsword,,Weapon,Common,12,25,35,,,TRUE,18%,,,Drop,https://static.wikia.nocookie.net/swordburst2/images/0/0e/Advocate.png/revision/latest,https://swordburst2.fandom.com/wiki/Advocate,,,,,2026-09-19T00:07:34Z
229,Contrition,Greatsword,,Weapon,Common,15,38,53,,,TRUE,18%,,,"1,250",https://static.wikia.nocookie.net/swordburst2/images/8/8d/Contrition.png/revision/latest,https://swordburst2.fandom.com/wiki/Contrition,,,,,2026-09-19T00:07:34Z
230,Ruin Blade,Greatsword,,Weapon,Rare,15,66,105,,,TRUE,18%,,,Drop,https://static.wikia.nocookie.net/swordburst2/images/1/1b/Ruin_Blade.png/revision/latest,https://swordburst2.fandom.com/wiki/Ruin_Blade,,,,,2026-09-19T00:07:34Z
231,Dark Iris,Greatsword,,Weapon,Rare,15,70,112,,,TRUE,4%,,,"65,000",https://static.wikia.nocookie.net/swordburst2/images/9/9f/Dark_Iris.png/revision/latest,https://swordburst2.fandom.com/wiki/Dark_Iris,1,1,misc,Sixth Edition,2026-09-19T00:07:34Z
232,Noir Sunset,Greatsword,,Weapon,Common,18,57,79,,,TRUE,18%,,,Drop,https://static.wikia.nocookie.net/swordburst2/images/7/78/Noir_Sunset.png/revision/latest,https://swordburst2.fandom.com/wiki/Noir_Sunset,,,,,2026-09-19T00:07:34Z
233,Ripper,Greatsword,,Weapon,Common,21,76,106,,,TRUE,18%,,,"2,250",https://static.wikia.nocookie.net/swordburst2/images/4/44/Ripper.png/revision/latest,https://swordburst2.fandom.com/wiki/Ripper,,,,,2026-09-19T00:07:34Z
234,Garnette,Greatsword,,Weapon,Common,24,95,133,,,TRUE,18%,,,Drop,https://static.wikia.nocookie.net/swordburst2/images/3/35/Garnette.png/revision/latest,https://swordburst2.fandom.com/wiki/Garnette,,,,,2026-09-19T00:07:34Z
235,Sunset Relic,Greatsword,,Weapon,Common,24,95,133,,,TRUE,18%,,,Drop,https://static.wikia.nocookie.net/swordburst2/images/d/dc/Sunset_Relic.png/revision/latest,https://swordburst2.fandom.com/wiki/Sunset_Relic,,,,,2026-09-19T00:07:34Z
236,Egg Smasher,Greatsword,,Weapon,Rare,24,282,451,,,TRUE,18%,,,Drop,https://static.wikia.nocookie.net/swordburst2/images/7/73/Egg_Smasher.png/revision/latest,https://swordburst2.fandom.com/wiki/Egg_Smasher,1-2,0.5 - 1,misc,Easter Event,2026-09-19T00:07:34Z
237,Universal Oblivion,Greatsword,,Weapon,Common,24,105,147,,,TRUE,4%,,,"36,000",https://static.wikia.nocookie.net/swordburst2/images/9/96/Universal_Oblivion.png/revision/latest,https://swordburst2.fandom.com/wiki/Universal_Oblivion,1,1,misc,Seventh Edition,2026-09-19T00:07:34Z
238,Gold Guard,Greatsword,,Weapon,Rare,25,387,,,,TRUE,6%,,,Gift,https://static.wikia.nocookie.net/swordburst2/images/2/29/Gold_Guard.png/revision/latest,https://swordburst2.fandom.com/wiki/Gold_Guard,,,,,2026-09-19T00:07:34Z
239,Silverlight,Greatsword,,Weapon,Common,29,136,190,,,TRUE,18%,,,Drop,https://static.wikia.nocookie.net/swordburst2/images/d/db/Silverlight.png/revision/latest,https://swordburst2.fandom.com/wiki/Silverlight,,,,,2026-09-19T00:07:34Z
240,Rime,Greatsword,,Weapon,Common,32,181,253,,,TRUE,18%,,,Drop,https://static.wikia.nocookie.net/swordburst2/images/0/00/Rime.png/revision/latest,https://swordburst2.fandom.com/wiki/Rime,,,,,2026-09-19T00:07:34Z
241,Winter's Conquest,Greatsword,,Weapon,Rare,32,294,470,,,TRUE,18%,,,Drop,https://static.wikia.nocookie.net/swordburst2/images/1/1b/Winter%E2%80%99s_Conquest.png/revision/latest,https://swordburst2.fandom.com/wiki/Winter%27s_Conquest,8,6,misc,Winter Event,2026-09-19T00:07:34Z
242,Celeste,Greatsword,,Weapon,Rare,35,210,336,,,TRUE,18%,,,Drop,https://static.wikia.nocookie.net/swordburst2/images/4/49/Celeste.png/revision/latest,https://swordburst2.fandom.com/wiki/Celeste,,,,,2026-09-19T00:07:34Z
243,Lionheart,Greatsword,,Weapon,Common,36,225,315,,,TRUE,18%,,,"9,000",https://static.wikia.nocookie.net/swordburst2/images/b/ba/Lionheart.png/revision/latest,https://swordburst2.fandom.com/wiki/Lionheart,,,,,2026-09-19T00:07:34Z
244,Elfie Greatsword,Greatsword,,Weapon,Common,38,260,364,,,TRUE,18%,,,Drop,https://static.wikia.nocookie.net/swordburst2/images/c/cf/Elfie_Greatsword.png/revision/latest,https://swordburst2.fandom.com/wiki/Elfie_Greatsword,,,,,2026-09-19T00:07:34Z
245,Storm Breaker,Greatsword,,Weapon,Common,40,290,406,,,TRUE,18%,,,Drop,https://static.wikia.nocookie.net/swordburst2/images/d/df/Storm_Breaker.png/revision/latest,https://swordburst2.fandom.com/wiki/Storm_Breaker,,,,,2026-09-19T00:07:34Z
246,Emerald Strike,Greatsword,,Weapon,Rare,40,315,504,,,TRUE,18%,,,Drop,https://static.wikia.nocookie.net/swordburst2/images/9/9c/Emerald_Strike.png/revision/latest,https://swordburst2.fandom.com/wiki/Emerald_Strike,,,,,2026-09-19T00:07:34Z
247,Sunstained Greatsword,Greatsword,,Weapon,Common,43,324,453,,,TRUE,18%,,,"18,000",https://static.wikia.nocookie.net/swordburst2/images/d/d1/Sunstained_Greatsword.png/revision/latest,https://swordburst2.fandom.com/wiki/Sunstained_Greatsword,,,,,2026-09-19T00:07:34Z
248,Rock Claymore,Greatsword,,Weapon,Common,46,362,506,,,TRUE,18%,,,Drop,https://static.wikia.nocookie.net/swordburst2/images/8/84/Rock_Claymore.png/revision/latest,https://swordburst2.fandom.com/wiki/Rock_Claymore,,,,,2026-09-19T00:07:34Z
249,Sunray Buster,Greatsword,,Weapon,Rare,48,389,622,,,TRUE,18%,,,Drop,https://static.wikia.nocookie.net/swordburst2/images/3/31/Sunray_Buster.png/revision/latest,https://swordburst2.fandom.com/wiki/Sunray_Buster,,,,,2026-09-19T00:07:34Z
250,Dread,Greatsword,,Weapon,Rare,50,1000,1600,,,TRUE,14%,,,"285,000",https://static.wikia.nocookie.net/swordburst2/images/c/c9/Dread.png/revision/latest,https://swordburst2.fandom.com/wiki/Dread,2-3,2-3,misc,Eighth Edition,2026-09-19T00:07:34Z
251,Crystalerium Blade,Greatsword,,Weapon,Common,52,445,623,,,TRUE,18%,,,"23,750",https://static.wikia.nocookie.net/swordburst2/images/1/13/Crystalerium_Blade.png/revision/latest,https://swordburst2.fandom.com/wiki/Crystalerium_Blade,,,,,2026-09-19T00:07:34Z
252,Cerussite Greatsword,Greatsword,,Weapon,Common,55,524,733,,,TRUE,18%,,,"30,000",https://static.wikia.nocookie.net/swordburst2/images/e/ee/Cerussite_Greatsword.png/revision/latest,https://swordburst2.fandom.com/wiki/Cerussite_Greatsword,,,,,2026-09-19T00:07:34Z
253,Sword of Sunday,Greatsword,,Weapon,Rare,55,555,888,,,TRUE,18%,,,Drop,https://static.wikia.nocookie.net/swordburst2/images/6/60/Sword_of_Sunday.png/revision/latest,https://swordburst2.fandom.com/wiki/Sword_of_Sunday,0.5 - 1,0.5 - 1,misc,Easter Event,2026-09-19T00:07:34Z
254,Excomunicator,Greatsword,,Weapon,Common,58,893,,,,TRUE,18%,,,Drop,https://static.wikia.nocookie.net/swordburst2/images/1/19/Excomunicator.png/revision/latest,https://swordburst2.fandom.com/wiki/Excomunicator,,,,,2026-09-19T00:07:34Z
255,Amethyst Greatsword,Greatsword,,Weapon,Common,59,584,817,,,TRUE,18%,,,Drop,https://static.wikia.nocookie.net/swordburst2/images/6/66/Amethyst_Greatsword.png/revision/latest,https://swordburst2.fandom.com/wiki/Amethyst_Greatsword,,,,,2026-09-19T00:07:34Z
256,Zircon Buster,Greatsword,,Weapon,Common,62,617,863,,,TRUE,18%,,,Drop,https://static.wikia.nocookie.net/swordburst2/images/3/33/Zircon_Buster.png/revision/latest,https://swordburst2.fandom.com/wiki/Zircon_Buster,,,,,2026-09-19T00:07:34Z
257,Ancient Lapis Eclipse,Greatsword,,Weapon,Rare,65,652,1043,,,TRUE,18%,,,Drop,https://static.wikia.nocookie.net/swordburst2/images/7/7b/Ancient_Lapis_Eclipse.png/revision/latest,https://swordburst2.fandom.com/wiki/Ancient_Lapis_Eclipse,,,,,2026-09-19T00:07:34Z
258,Durendal,Greatsword,,Weapon,Legendary,65,682,1364,,,TRUE,18%,,,Drop,https://static.wikia.nocookie.net/swordburst2/images/f/f0/Durendal.png/revision/latest,https://swordburst2.fandom.com/wiki/Durendal,0.5,0.5,clean_legendaries,Floor 7,2026-09-19T00:07:34Z
259,Glacial Artifact,Greatsword,,Weapon,Legendary,65,1364,,,,TRUE,18%,,,Drop,https://static.wikia.nocookie.net/swordburst2/images/d/db/Glacial_Artifact.png/revision/latest,https://swordburst2.fandom.com/wiki/Glacial_Artifact,1,,clean_legendaries,Easter Realm (2023),2026-09-19T00:07:34Z
260,Slate,Greatsword,,Weapon,Common,67,677,947,,,TRUE,18%,,,"42,500",https://static.wikia.nocookie.net/swordburst2/images/9/97/Slate.png/revision/latest,https://swordburst2.fandom.com/wiki/Slate,,,,,2026-09-19T00:07:34Z
261,Jade Blade,Greatsword,,Weapon,Common,70,715,1001,,,TRUE,18%,,,Drop,https://static.wikia.nocookie.net/swordburst2/images/3/3b/Jade_Blade.png/revision/latest,https://swordburst2.fandom.com/wiki/Jade_Blade,,,,,2026-09-19T00:07:34Z
262,Vampire Vanquisher,Greatsword,,Weapon,Rare,70,1440,,,,TRUE,18%,,,Drop,https://static.wikia.nocookie.net/swordburst2/images/d/db/Vampire_Vanquisher.png/revision/latest,https://swordburst2.fandom.com/wiki/Vampire_Vanquisher,,,,,2026-09-19T00:07:34Z
263,Lycophyte Claymore,Greatsword,,Weapon,Common,72,759,1062,,,TRUE,18%,,,Drop,https://static.wikia.nocookie.net/swordburst2/images/7/74/Lycophyte_Claymore.png/revision/latest,https://swordburst2.fandom.com/wiki/Lycophyte_Claymore,,,,,2026-09-19T00:07:34Z
264,Trinity,Greatsword,,Weapon,Rare,75,824,1318,,,TRUE,18%,,,Drop,https://static.wikia.nocookie.net/swordburst2/images/9/9c/Trinity.png/revision/latest,https://swordburst2.fandom.com/wiki/Trinity,,,,,2026-09-19T00:07:34Z
265,Divine Kaleido,Greatsword,,Weapon,Legendary,75,902,1804,,,TRUE,18%,,,Drop,https://static.wikia.nocookie.net/swordburst2/images/f/f8/Divine_Kaleido.png/revision/latest,https://swordburst2.fandom.com/wiki/Divine_Kaleido,1-2,0.5,clean_legendaries,Easter Realm (2023),2026-09-19T00:07:34Z
266,Flower Fly,Greatsword,,Weapon,Common,75,Level Based +10 per level,,,,TRUE,10%,,,Drop,https://static.wikia.nocookie.net/swordburst2/images/5/52/Flower_Fly.png/revision/latest,https://swordburst2.fandom.com/wiki/Flower_Fly,,,,,2026-09-19T00:07:34Z
267,Dragon's Bane,Greatsword,,Weapon,Common,78,864,1209,,,TRUE,18%,,,Drop,https://static.wikia.nocookie.net/swordburst2/images/8/84/Dragon%27s_Bane.png/revision/latest,https://swordburst2.fandom.com/wiki/Dragon%27s_Bane,,,,,2026-09-19T00:07:34Z
268,Oculus,Greatsword,,Weapon,Rare,80,938,1500,,,TRUE,18%,,,Drop,https://static.wikia.nocookie.net/swordburst2/images/5/50/Oculus.png/revision/latest,https://swordburst2.fandom.com/wiki/Oculus,,,,,2026-09-19T00:07:34Z
269,Frostmourne,Greatsword,,Weapon,Rare,80,1115,1784,,,TRUE,8%,,,"110,000",https://static.wikia.nocookie.net/swordburst2/images/a/a6/Frostmourne.png/revision/latest,https://swordburst2.fandom.com/wiki/Frostmourne,1,1,misc,Seventh Edition,2026-09-19T00:07:34Z
270,Rigormortis,Greatsword,,Weapon,Rare,82,999,1598,,,TRUE,18%,,,Drop,https://static.wikia.nocookie.net/swordburst2/images/e/ea/Rigormortis.png/revision/latest,https://swordburst2.fandom.com/wiki/Rigormortis,,,,,2026-09-19T00:07:34Z
271,Hellreaver,Greatsword,,Weapon,Legendary,85,1086,2172,,,TRUE,18%,,,Drop,https://static.wikia.nocookie.net/swordburst2/images/8/81/Hellreaver.png/revision/latest,https://swordburst2.fandom.com/wiki/Hellreaver,0.5,1,clean_legendaries,Floor 9,2026-09-19T00:07:34Z
272,Vorpal Blade,Greatsword,,Weapon,Rare,92,1112,1779,,,TRUE,18%,,,Drop,https://static.wikia.nocookie.net/swordburst2/images/3/3a/Vorpal_Blade.png/revision/latest,https://swordburst2.fandom.com/wiki/Vorpal_Blade,,,,,2026-09-19T00:07:34Z
273,Dark Star,Greatsword,,Weapon,Rare,96,1188,1900,,,TRUE,18%,,,Drop,https://static.wikia.nocookie.net/swordburst2/images/e/ea/Dark_Star.png/revision/latest,https://swordburst2.fandom.com/wiki/Dark_Star,,,,,2026-09-19T00:07:34Z
274,Scarlet Veil Blade,Greatsword,,Weapon,Rare,98,1212,1939,,,TRUE,18%,,,Drop,https://static.wikia.nocookie.net/swordburst2/images/4/4b/Scarlet_Veil_Blade.png/revision/latest,https://swordburst2.fandom.com/wiki/Scarlet_Veil_Blade,,,,,2026-09-19T00:07:34Z
275,Faithkeeper,Greatsword,,Weapon,Legendary,100,1301,2602,,,TRUE,18%,,,Drop,https://static.wikia.nocookie.net/swordburst2/images/5/56/Faithkeeper.png/revision/latest,https://swordburst2.fandom.com/wiki/Faithkeeper,0.5,0.5,clean_legendaries,Floor 10,2026-09-19T00:07:34Z
276,SkullCleaver,Greatsword,,Weapon,Legendary,100,2680,,,,TRUE,18%,,,Drop,https://static.wikia.nocookie.net/swordburst2/images/7/71/SkullCleaver.png/revision/latest,https://swordburst2.fandom.com/wiki/SkullCleaver,1,,clean_legendaries,Easter Realm (2023),2026-09-19T00:07:34Z
277,Frostbound Doomblade,Greatsword,,Weapon,Legendary,100,2700,,,,TRUE,18%,,,Drop,https://static.wikia.nocookie.net/swordburst2/images/c/c1/Frostbound_Doomblade.png/revision/latest,https://swordburst2.fandom.com/wiki/Frostbound_Doomblade,10-12,,clean_legendaries,Easter Realm (2023),2026-09-19T00:07:34Z
278,Cataclysmic Bone Sword,Greatsword,,Weapon,Legendary,100,1400,2800,,,TRUE,20%,,,1M,https://static.wikia.nocookie.net/swordburst2/images/f/f1/Cataclysmic_Bone_Sword.png/revision/latest,https://swordburst2.fandom.com/wiki/Cataclysmic_Bone_Sword,10-12,4-6,clean_legendaries,Eighth Edition,2026-09-19T00:07:34Z
279,Obsidian Shadowblade,Greatsword,,Weapon,Legendary,110,1480,2960,,,TRUE,18%,,,Drop,https://static.wikia.nocookie.net/swordburst2/images/4/41/Obsidian_Shadowblade.png/revision/latest,https://swordburst2.fandom.com/wiki/Obsidian_Shadowblade,0.5,0.5,clean_legendaries,Floor 10,2026-09-19T00:07:34Z
280,Doomslayer,Greatsword,,Weapon,Common,110,1368,1915,,,TRUE,18%,,,Drop,https://static.wikia.nocookie.net/swordburst2/images/7/73/Doomslayer.png/revision/latest,https://swordburst2.fandom.com/wiki/Doomslayer,,,,,2026-09-19T00:07:34Z
281,Kythor's Soulrender,Greatsword,,Weapon,Common,120,1616,2262,,,TRUE,4%,,,4M,https://static.wikia.nocookie.net/swordburst2/images/5/57/Kythor%27s_Soulrender.png/revision/latest,https://swordburst2.fandom.com/wiki/Kythor%27s_Soulrender,2-3,1-2,misc,Fifth Edition,2026-09-19T00:07:34Z
282,OG Toxicity,Greatsword,,Weapon,Legendary,130,7324,,,,TRUE,18%,,,Gift,https://static.wikia.nocookie.net/swordburst2/images/c/c4/OG_Toxicity.png/revision/latest,https://swordburst2.fandom.com/wiki/OG_Toxicity,30-40,,clean_legendaries,Gift of OG,2026-09-19T00:07:34Z
283,OG Spectral Lineage,Greatsword,,Weapon,Legendary,130,7324,,,,TRUE,18%,,,Gift,https://static.wikia.nocookie.net/swordburst2/images/5/5d/OG_Spectral_Lineage.png/revision/latest,https://swordburst2.fandom.com/wiki/OG_Spectral_Lineage,30,,clean_legendaries,Gift of OG,2026-09-19T00:07:34Z
284,God Module,Greatsword,,Weapon,Rare,135,1823,2916,,,TRUE,18%,,,Drop,https://static.wikia.nocookie.net/swordburst2/images/7/7c/God_Module.png/revision/latest,https://swordburst2.fandom.com/wiki/God_Module,,,,,2026-09-19T00:07:34Z
285,Guardian's Guard,Greatsword,,Weapon,Rare,145,2050,3280,,,TRUE,18%,,,Drop,https://static.wikia.nocookie.net/swordburst2/images/a/a8/Guardian%27s_Guard.png/revision/latest,https://swordburst2.fandom.com/wiki/Guardian%27s_Guard,,,,,2026-09-19T00:07:34Z
286,Blessed Onimaru,Greatsword,,Weapon,Rare,145,3360,,,,TRUE,18%,,,Drop,https://static.wikia.nocookie.net/swordburst2/images/f/f0/Blessed_Onimaru.png/revision/latest,https://swordburst2.fandom.com/wiki/Blessed_Onimaru,0.5,,misc,Winter Event,2026-09-19T00:07:34Z
287,Primordial Nightmare (Sealed),Greatsword,,Weapon,Legendary,150,+60/level,,,,FALSE,10%,,,Crafting,https://static.wikia.nocookie.net/swordburst2/images/4/45/Primordial_Nightmare_%28Sealed%29.png/revision/latest,https://swordburst2.fandom.com/wiki/Primordial_Nightmare_(Sealed),40+,,clean_legendaries,- MISCELLANEOUS -,2026-09-19T00:07:34Z
288,Zaber Blade,Greatsword,,Weapon,Common,155,2300,3220,,,TRUE,18%,,,Drop,https://static.wikia.nocookie.net/swordburst2/images/e/e4/Zaber_Blade.png/revision/latest,https://swordburst2.fandom.com/wiki/Zaber_Blade,,,,,2026-09-19T00:07:34Z
289,Enchanted Whisp,Greatsword,,Weapon,Common,160,2440,3416,,,TRUE,18%,,,Drop,https://static.wikia.nocookie.net/swordburst2/images/2/28/Enchanted_Whisp.png/revision/latest,https://swordburst2.fandom.com/wiki/Enchanted_Whisp,1,1,misc,2-3 Hallow Merchant 2-3 Knight Claymore,2026-09-19T00:07:34Z
290,Blade of Glass,Greatsword,,Weapon,Rare,170,2720,4352,,,TRUE,18%,,,Drop,https://static.wikia.nocookie.net/swordburst2/images/8/80/Blade_of_Glass.png/revision/latest,https://swordburst2.fandom.com/wiki/Blade_of_Glass,,,,,2026-09-19T00:07:34Z
291,Windshear,Greatsword,,Weapon,Rare,170,2900,4640,,,TRUE,20%,,,1M,https://static.wikia.nocookie.net/swordburst2/images/1/18/Windshear.png/revision/latest,https://swordburst2.fandom.com/wiki/Windshear,1,1,misc,Second Edition,2026-09-19T00:07:34Z
292,Nyarus Pendelum,Greatsword,,Weapon,Legendary,175,2879,5758,,,TRUE,18%,,,Drop,https://static.wikia.nocookie.net/swordburst2/images/f/f9/Nyarus_Pendelum.png/revision/latest,https://swordburst2.fandom.com/wiki/Nyarus_Pendelum,0.5-1,0.5,clean_legendaries,Floor 11,2026-09-19T00:07:34Z
293,Elkwood Behemoth,Greatsword,,Weapon,Rare,180,3038,4860,,,TRUE,18%,,,Drop,https://static.wikia.nocookie.net/swordburst2/images/9/90/Elkwood_Behemoth.png/revision/latest,https://swordburst2.fandom.com/wiki/Elkwood_Behemoth,,,,,2026-09-19T00:07:34Z
294,Ionized Phaser,Greatsword,,Weapon,Rare,185,3194,5110,,,TRUE,18%,,,Drop,https://static.wikia.nocookie.net/swordburst2/images/5/5f/Ionized_Phaser.png/revision/latest,https://swordburst2.fandom.com/wiki/Ionized_Phaser,,,,,2026-09-19T00:07:34Z
295,Darkash,Greatsword,,Weapon,Legendary,200,Level Based +100 per level,,,,TRUE,10%,,,Drop,https://static.wikia.nocookie.net/swordburst2/images/9/9c/Darkash.png/revision/latest,https://swordburst2.fandom.com/wiki/Darkash,0.2 - 0.5,,clean_legendaries,- MISCELLANEOUS -,2026-09-19T00:07:34Z
296,Toxicity,Greatsword,,Weapon,Legendary,200,3662,7324,,,TRUE,18%,,,Drop,https://static.wikia.nocookie.net/swordburst2/images/c/c7/Toxicity.png/revision/latest,https://swordburst2.fandom.com/wiki/Toxicity,0.5-1,0.5,clean_legendaries,Floor 11,2026-09-19T00:07:34Z
297,Spectral Lineage,Greatsword,,Weapon,Legendary,200,3662,7324,,,TRUE,18%,,,Drop,https://static.wikia.nocookie.net/swordburst2/images/8/87/Spectral_Lineage.png/revision/latest,https://swordburst2.fandom.com/wiki/Spectral_Lineage,1,1,clean_legendaries,Floor 11,2026-09-19T00:07:34Z
298,Photon Claymore,Greatsword,,Weapon,Common,200,3662,5126,,,TRUE,18%,,,Drop,https://static.wikia.nocookie.net/swordburst2/images/6/62/Photon_Claymore.png/revision/latest,https://swordburst2.fandom.com/wiki/Photon_Claymore,,,,,2026-09-19T00:07:34Z
299,Memories From The Past,Greatsword,,Weapon,Legendary,200,7620,,,,TRUE,18%,,,Drop,https://static.wikia.nocookie.net/swordburst2/images/b/b6/Memories_From_The_Past.png/revision/latest,https://swordburst2.fandom.com/wiki/Memories_From_The_Past,1,,clean_legendaries,Easter Realm (2023),2026-09-19T00:07:34Z
300,Cosmic Burst,Greatsword,,Weapon,Legendary,200,3800,7600,,,TRUE,18%,,,11.5M,https://static.wikia.nocookie.net/swordburst2/images/a/a6/Cosmic_Burst.png/revision/latest,https://swordburst2.fandom.com/wiki/Cosmic_Burst,3,1-2,clean_legendaries,First Edition,2026-09-19T00:07:34Z
301,Azure Chillbreaker,Greatsword,,Weapon,Legendary,200,7750,,,,TRUE,12%,,,Drop,https://static.wikia.nocookie.net/swordburst2/images/c/cb/Azure_Chillbreaker.png/revision/latest,https://swordburst2.fandom.com/wiki/Azure_Chillbreaker,1,,clean_legendaries,Easter Realm (2023),2026-09-19T00:07:34Z
302,Infinity,Greatsword,,Weapon,Legendary,200,3,7600,,,TRUE,21%,,,50M,https://static.wikia.nocookie.net/swordburst2/images/e/e2/Infinity.png/revision/latest,https://swordburst2.fandom.com/wiki/Infinity,8-10,8-10,clean_legendaries,Fifteenth Edition,2026-09-19T00:07:34Z
303,Infernal Despair,Greatsword,,Weapon,Legendary,210,3991,7982,,,TRUE,18%,,,3.9M,https://static.wikia.nocookie.net/swordburst2/images/6/6e/Infernal_Despair.png/revision/latest,https://swordburst2.fandom.com/wiki/Infernal_Despair,0.5,0.5,clean_legendaries,Fourth Edition,2026-09-19T00:07:34Z
304,Revolutionizer,Greatsword,,Weapon,Common,220,4375,6125,,,TRUE,18%,,,Drop,https://static.wikia.nocookie.net/swordburst2/images/d/df/Revolutionizer.png/revision/latest,https://swordburst2.fandom.com/wiki/Revolutionizer,,,,,2026-09-19T00:07:34Z
305,Autumn Fright,Greatsword,,Weapon,Legendary,225,4569,9138,,,TRUE,18%,,,Drop,https://static.wikia.nocookie.net/swordburst2/images/8/81/Autumn_Fright.png/revision/latest,https://swordburst2.fandom.com/wiki/Autumn_Fright,10,5-7,clean_legendaries,30-40 Prismatic Apex 2 Floria's Gift,2026-09-19T00:07:34Z
306,Atomizer,Greatsword,,Weapon,Legendary,225,9503,,,,TRUE,18%,,,Drop,https://static.wikia.nocookie.net/swordburst2/images/7/78/Atomizer.png/revision/latest,https://swordburst2.fandom.com/wiki/Atomizer,0.5 - 1,,clean_legendaries,Easter Realm (2023),2026-09-19T00:07:34Z
307,Devils Gambit,Greatsword,,Weapon,Legendary,230,5279,10558,,,TRUE,20%,,,8M,https://static.wikia.nocookie.net/swordburst2/images/b/be/Devils_Gambit.png/revision/latest,https://swordburst2.fandom.com/wiki/Devils_Gambit,4-5,2-3,clean_legendaries,Second Edition,2026-09-19T00:07:34Z
308,Cardinal Slayer,Greatsword,,Weapon,Legendary,240,5200,10400,,,TRUE,20%,,,25M,https://static.wikia.nocookie.net/swordburst2/images/0/09/Cardinal_Slayer.png/revision/latest,https://swordburst2.fandom.com/wiki/Cardinal_Slayer,3-4,2-3,clean_legendaries,Fifteenth Edition,2026-09-19T00:07:34Z
309,Snuggle Strike,Greatsword,,Weapon,Legendary,240,5148,10296,,,TRUE,15%,,,20M,https://static.wikia.nocookie.net/swordburst2/images/0/05/Snuggle_Strike.png/revision/latest,https://swordburst2.fandom.com/wiki/Snuggle_Strike,1,1,clean_legendaries,Twelfth Edition,2026-09-19T00:07:34Z
310,DG-59,Greatsword,,Weapon,Rare,250,5556,8889,,,TRUE,18%,,,Drop,https://static.wikia.nocookie.net/swordburst2/images/f/f2/DG-59.png/revision/latest,https://swordburst2.fandom.com/wiki/DG-59,,,,,2026-09-19T00:07:34Z
311,Halloween's Vengeance,Greatsword,,Weapon,Legendary,250,5800,11600,,,TRUE,15%,,,20M,https://static.wikia.nocookie.net/swordburst2/images/f/f0/Halloween%27s_Vengeance.png/revision/latest,https://swordburst2.fandom.com/wiki/Halloween%27s_Vengeance,4-6,3-4,clean_legendaries,Eighth Edition,2026-09-19T00:07:34Z
312,Easters Shock,Greatsword,,Weapon,Rare,250,7814,12502,,,TRUE,20%,,,Drop,https://static.wikia.nocookie.net/swordburst2/images/5/5f/Easters_Shock.png/revision/latest,https://swordburst2.fandom.com/wiki/Easters_Shock,1,1,misc,Easter Event,2026-09-19T00:07:34Z
313,Lotus Edge,Greatsword,,Weapon,Legendary,265,+62/level,,,,FALSE,24%,,,Drop,https://static.wikia.nocookie.net/swordburst2/images/b/be/Lotus_Edge.png/revision/latest,https://swordburst2.fandom.com/wiki/Lotus_Edge,,,,,2026-09-19T00:07:34Z
314,Chroma Carver,Greatsword,,Weapon,Legendary,275,9500,19000,,,TRUE,18%,,,Drop,https://static.wikia.nocookie.net/swordburst2/images/2/26/Chroma_Carver.png/revision/latest,https://swordburst2.fandom.com/wiki/Chroma_Carver,2-3,1-2,clean_legendaries,Egg Realm (2025),2026-09-19T00:07:34Z
315,Witherer,Greatsword,,Weapon,Legendary,275,9052,18104,,,TRUE,18%,,,Drop,https://static.wikia.nocookie.net/swordburst2/images/1/1b/Witherer.png/revision/latest,https://swordburst2.fandom.com/wiki/Witherer,1,1,clean_legendaries,Floor 12,2026-09-19T00:07:34Z
316,Interstellar Bone Sword,Greatsword,,Weapon,Legendary,275,8750,17500,,,TRUE,20%,,,30M,https://static.wikia.nocookie.net/swordburst2/images/5/5e/Interstellar_Bone_Sword.png/revision/latest,https://swordburst2.fandom.com/wiki/Interstellar_Bone_Sword,15,6-8,clean_legendaries,Eighth Edition,2026-09-19T00:07:34Z
317,Petal Slasher,Greatsword,,Weapon,Common,300,6725,9415,,,TRUE,18%,,,Drop,https://static.wikia.nocookie.net/swordburst2/images/d/d0/Petal_Slasher.png/revision/latest,https://swordburst2.fandom.com/wiki/Petal_Slasher,,,,,2026-09-19T00:07:34Z
318,Dark Null,Greatsword,,Weapon,Burst,300,9958,24895,,,FALSE,18%,,,Crafting,https://static.wikia.nocookie.net/swordburst2/images/9/92/Dark_Null.png/revision/latest,https://swordburst2.fandom.com/wiki/Dark_Null,,,,,2026-09-19T00:07:34Z
319,Endless Whisker,Greatsword,,Weapon,Common,300,6725,9415,,,TRUE,18%,,,Drop,https://static.wikia.nocookie.net/swordburst2/images/9/99/Endless_Whisker.png/revision/latest,https://swordburst2.fandom.com/wiki/Endless_Whisker,,,,,2026-09-19T00:07:34Z
320,HopesEnd,Greatsword,,Weapon,Legendary,300,12500,25000,,,TRUE,18%,,,10M,https://static.wikia.nocookie.net/swordburst2/images/8/89/HopesEnd.png/revision/latest,https://swordburst2.fandom.com/wiki/HopesEnd,3-4,2-3,clean_legendaries,Fifteenth Edition,2026-09-19T00:07:34Z
321,Butcher's Bane,Greatsword,,Weapon,Common,325,10640,14896,,,TRUE,18%,,,Drop,https://static.wikia.nocookie.net/swordburst2/images/d/da/Butcher%27s_Bane.png/revision/latest,https://swordburst2.fandom.com/wiki/Butcher%27s_Bane,,,,,2026-09-19T00:07:34Z
322,Impaler,Greatsword,,Weapon,Rare,325,9135,14616,,,TRUE,18%,,,Drop,https://static.wikia.nocookie.net/swordburst2/images/3/31/Impaler.png/revision/latest,https://swordburst2.fandom.com/wiki/Impaler,,,,,2026-09-19T00:07:34Z
323,Exodus,Greatsword,,Weapon,Legendary,325,15621,31242,,,TRUE,18%,,,Drop,https://static.wikia.nocookie.net/swordburst2/images/6/6c/Exodus.png/revision/latest,https://swordburst2.fandom.com/wiki/Exodus,0.3-0.5,0.3-0.5,clean_legendaries,Atheon's Realm,2026-09-19T00:07:34Z
324,Tree,Greatsword,,Weapon,Legendary,325,31242,,,,TRUE,18%,,,Drop,https://static.wikia.nocookie.net/swordburst2/images/4/40/TreeIcon.png/revision/latest,https://swordburst2.fandom.com/wiki/Tree,0.5 - 1,,clean_legendaries,Easter Realm (2023),2026-09-19T00:07:34Z
325,Sea Carver,Greatsword,,Weapon,Legendary,325,54500,,,,TRUE,25%,,,Gift,https://static.wikia.nocookie.net/swordburst2/images/8/84/Sea_Carver.png/revision/latest,https://swordburst2.fandom.com/wiki/Sea_Carver,,,,,2026-09-19T00:07:34Z
326,Leviathens Grasp,Greatsword,,Weapon,Legendary,340,16580,33160,,,TRUE,20%,,,120M,https://static.wikia.nocookie.net/swordburst2/images/4/40/Leviathens_Grasp.png/revision/latest,https://swordburst2.fandom.com/wiki/Leviathens_Grasp,8-12,8,clean_legendaries,Seventh Edition,2026-09-19T00:07:34Z
327,Cereal Killer,Greatsword,,Weapon,Rare,350,11915,19064,,,TRUE,18%,,,Drop,https://static.wikia.nocookie.net/swordburst2/images/8/8f/Cereal_Killer.png/revision/latest,https://swordburst2.fandom.com/wiki/Cereal_Killer,,,,,2026-09-19T00:07:34Z
328,Hell's Server,Greatsword,,Weapon,Rare,350,11915,19064,,,TRUE,18%,,,Drop,https://static.wikia.nocookie.net/swordburst2/images/a/a8/Hell%27s_Server.png/revision/latest,https://swordburst2.fandom.com/wiki/Hell%27s_Server,,,,,2026-09-19T00:07:34Z
329,Devil's Apocalypse,Greatsword,,Weapon,Legendary,350,25542,51084,,,TRUE,30%,,,Drop,https://static.wikia.nocookie.net/swordburst2/images/d/df/Devil%27s_Apocalypse.png/revision/latest,https://swordburst2.fandom.com/wiki/Devil%27s_Apocalypse,1,0.5,clean_legendaries,Atheon's Realm,2026-09-19T00:07:34Z
330,Opposer,Greatsword,,Weapon,Burst,350,20245,50612,,,FALSE,32%,,,Crafting,https://static.wikia.nocookie.net/swordburst2/images/4/48/Opposer.png/revision/latest,https://swordburst2.fandom.com/wiki/Opposer,,,,,2026-09-19T00:07:34Z
331,Tundra Breaker,Greatsword,,Weapon,Legendary,375,27350,54700,,,TRUE,38%,,,320M,https://static.wikia.nocookie.net/swordburst2/images/d/dc/Tundra_Breaker.png/revision/latest,https://swordburst2.fandom.com/wiki/Tundra_Breaker,12-15,12-15,clean_legendaries,Fourteenth Edition,2026-09-19T00:07:34Z
332,Sea Anchored,Greatsword,,Weapon,Common,385,29212,40896,,,TRUE,18%,,,Drop,https://static.wikia.nocookie.net/swordburst2/images/a/a2/Sea_Anchored.png/revision/latest,https://swordburst2.fandom.com/wiki/Sea_Anchored,,,,,2026-09-19T00:07:34Z
333,Seabed Blade,Greatsword,,Weapon,Common,390,29912,41876,,,TRUE,18%,,,Drop,https://static.wikia.nocookie.net/swordburst2/images/e/e1/Seabed_Blade.png/revision/latest,https://swordburst2.fandom.com/wiki/Seabed_Blade,,,,,2026-09-19T00:07:34Z
334,Tide Breaker,Greatsword,,Weapon,Rare,400,30493,48788,,,TRUE,18%,,,Drop,https://static.wikia.nocookie.net/swordburst2/images/d/dc/Tide_Breaker.png/revision/latest,https://swordburst2.fandom.com/wiki/Tide_Breaker,,,,,2026-09-19T00:07:34Z
335,Abyssal Pressure,Greatsword,,Weapon,Rare,400,"30,493",,30493,48790,TRUE,18%,,,Drop,https://static.wikia.nocookie.net/swordburst2/images/6/62/Abyssal_Pressure.png/revision/latest,https://swordburst2.fandom.com/wiki/Abyssal_Pressure,,,,,2026-09-19T00:07:34Z
336,Carrot Carver,Greatsword,,Weapon,Legendary,400,33400,66800,,,TRUE,20%,,,Drop,https://static.wikia.nocookie.net/swordburst2/images/b/ba/Carrot_Carver.png/revision/latest,https://swordburst2.fandom.com/wiki/Carrot_Carver,2-3,1,clean_legendaries,Egg Realm (2026),2026-09-19T00:07:34Z
337,Current's Divide,Greatsword,,Weapon,Legendary,435,34970,69940,,,TRUE,18%,,,Drop,https://static.wikia.nocookie.net/swordburst2/images/0/00/Current%27s_Divide.png/revision/latest,https://swordburst2.fandom.com/wiki/Current%27s_Divide,1,1,clean_legendaries,- Rotational Floors -,2026-09-19T00:07:34Z
338,Unsealed Grandhammer,Greatsword,,Weapon,Common,10,+3/level,,,,FALSE,5%,,,Drop,https://static.wikia.nocookie.net/swordburst2/images/8/88/Unsealed_Grandhammer.png/revision/latest,https://swordburst2.fandom.com/wiki/Unsealed_Grandhammer,0.2 - 0.5,,misc,Easter Event,2026-09-19T00:07:34Z
339,Blackout,Greatsword,,Weapon,Common,120,1586,2220,,,TRUE,18%,,,Drop,https://static.wikia.nocookie.net/swordburst2/images/8/8e/Blackout.png/revision/latest,https://swordburst2.fandom.com/wiki/Blackout,,,,,2026-09-19T00:07:34Z
340,Advent Crusher,Greatsword,,Weapon,Legendary,175,2879,5758,,,TRUE,18%,,,Drop,https://static.wikia.nocookie.net/swordburst2/images/b/b0/Advent_Crusher.png/revision/latest,https://swordburst2.fandom.com/wiki/Advent_Crusher,50-60,20-25,clean_legendaries,Winter Event (2022),2026-09-19T00:07:34Z
341,Abysmal Oblivion,Greatsword,,Weapon,Legendary,200,+36/level,,,,FALSE,20%,,,Drop,https://static.wikia.nocookie.net/swordburst2/images/7/78/Abysmal_Oblivion.png/revision/latest,https://swordburst2.fandom.com/wiki/Abysmal_Oblivion,5-7,,clean_legendaries,Egg Realm (2025),2026-09-19T00:07:34Z
342,Divine Decree,Greatsword,,Weapon,Legendary,375,22000,44000,,,TRUE,25%,,,Drop,https://static.wikia.nocookie.net/swordburst2/images/6/64/Divine_Decree.png/revision/latest,https://swordburst2.fandom.com/wiki/Divine_Decree,0.2 - 0.5,,clean_legendaries,Floor 6 / Undershroud,2026-09-19T00:07:34Z
343,Dawning Light,Greatsword,,Weapon,Legendary,,315,630,,,TRUE,18%,,,Drop,https://static.wikia.nocookie.net/swordburst2/images/9/9a/Dawning_Light.png/revision/latest,https://swordburst2.fandom.com/wiki/Dawning_Light,1,0.5-1,clean_legendaries,Floor 4,2026-09-19T00:07:34Z
344,OG Ragnarok,Greatsword,,Weapon,Legendary,,4336,,,,TRUE,18%,,,Gift,https://static.wikia.nocookie.net/swordburst2/images/5/53/OG_Ragnarok.png/revision/latest,https://swordburst2.fandom.com/wiki/OG_Ragnarok,40-45,,clean_legendaries,Gift of OG,2026-09-19T00:07:34Z
345,OG Digitalizer,Greatsword,,Weapon,Legendary,,7324,,,,TRUE,18%,,,Gift,https://static.wikia.nocookie.net/swordburst2/images/e/ef/OG_Digitalizer.png/revision/latest,https://swordburst2.fandom.com/wiki/OG_Digitalizer,30,,clean_legendaries,Gift of OG,2026-09-19T00:07:34Z
346,Ragnarok,Greatsword,,Weapon,Legendary,,2168,4336,,,TRUE,18%,,,Drop,https://static.wikia.nocookie.net/swordburst2/images/6/68/Ragnarok.png/revision/latest,https://swordburst2.fandom.com/wiki/Ragnarok,0.5-1,0.5,clean_legendaries,Floor 11,2026-09-19T00:07:34Z
347,Hallow's Remnant,Greatsword,,Weapon,Rare,,3038,4861,,,TRUE,18%,,,Drop,https://static.wikia.nocookie.net/swordburst2/images/f/f4/Hallow%E2%80%99s_Remnant.png/revision/latest,https://swordburst2.fandom.com/wiki/Hallow%27s_Remnant,,,,,2026-09-19T00:07:34Z
348,Digitalizer,Greatsword,,Weapon,Legendary,,3662,7324,,,TRUE,18%,,,Drop,https://static.wikia.nocookie.net/swordburst2/images/1/11/Digitalizer.png/revision/latest,https://swordburst2.fandom.com/wiki/Digitalizer,3-4,3-4,clean_legendaries,Floor 11,2026-09-19T00:07:34Z
349,Galerik,Greatsword,,Weapon,Legendary,,7324,,,,TRUE,18%,,,Drop,https://static.wikia.nocookie.net/swordburst2/images/2/29/Galerik.png/revision/latest,https://swordburst2.fandom.com/wiki/Galerik,2-3,1,clean_legendaries,Easter Realm (2023),2026-09-19T00:07:34Z
350,Atlantis's Pride,Greatsword,,Weapon,Legendary,,4000,8000,,,TRUE,18%,,,5M,https://static.wikia.nocookie.net/swordburst2/images/b/b6/Atlantis%27s_Pride.png/revision/latest,https://swordburst2.fandom.com/wiki/Atlantis%27s_Pride,15-20,15-20,clean_legendaries,Second Edition,2026-09-19T00:07:34Z
351,Reapers Cleavage,Greatsword,,Weapon,Rare,,4925,7880,,,TRUE,6%,,,4M,https://static.wikia.nocookie.net/swordburst2/images/2/29/Reapers_Cleavage.png/revision/latest,https://swordburst2.fandom.com/wiki/Reapers_Cleavage,2,1-2,misc,Nineth Edition,2026-09-19T00:07:34Z
352,Starcutter,Greatsword,,Weapon,Legendary,,9052,18104,,,TRUE,18%,,,Drop,https://static.wikia.nocookie.net/swordburst2/images/8/89/Starcutter.png/revision/latest,https://swordburst2.fandom.com/wiki/Starcutter,4,4,clean_legendaries,Floor 12,2026-09-19T00:07:34Z
353,Glacier Cleaver,Greatsword,,Weapon,Legendary,,23250,,,,TRUE,18%,,,Drop,https://static.wikia.nocookie.net/swordburst2/images/e/e5/Glacier_Cleaver.png/revision/latest,https://swordburst2.fandom.com/wiki/Glacier_Cleaver,3-4,,clean_legendaries,Easter Realm (2023),2026-09-19T00:07:34Z
354,Arctic Ignition,Greatsword,,Weapon,Legendary,,22750,,,,TRUE,18%,,,Drop,https://static.wikia.nocookie.net/swordburst2/images/1/15/Arctic_Ignition.png/revision/latest,https://swordburst2.fandom.com/wiki/Arctic_Ignition,1-2,,clean_legendaries,Easter Realm (2023),2026-09-19T00:07:34Z
355,Verun,Greatsword,,Weapon,Rare,,11915,19064,,,TRUE,18%,,,Drop,https://static.wikia.nocookie.net/swordburst2/images/8/8f/Verun.png/revision/latest,https://swordburst2.fandom.com/wiki/Verun,,,,,2026-09-19T00:07:34Z
356,Demon Pride,Greatsword,,Weapon,Legendary,,+109/level,,,,FALSE,28%,,,Drop,https://static.wikia.nocookie.net/swordburst2/images/5/54/Demon_Pride.png/revision/latest,https://swordburst2.fandom.com/wiki/Demon_Pride,1,,clean_legendaries,Egg Realm (2025),2026-09-19T00:07:34Z
357,Lord's Warcry,Greatsword,,Weapon,Legendary,,22450,44900,,,TRUE,18%,,,Drop,https://static.wikia.nocookie.net/swordburst2/images/b/be/Lord%27s_Warcry.png/revision/latest,https://swordburst2.fandom.com/wiki/Lord%27s_Warcry,0.5,0.5,clean_legendaries,- Rotational Floors -,2026-09-19T00:07:34Z
358,Midnight Relic,Greatsword,,Weapon,Rare,,31215,49944,,,TRUE,18%,,,Drop,https://static.wikia.nocookie.net/swordburst2/images/d/dd/Midnight_Relic.png/revision/latest,https://swordburst2.fandom.com/wiki/Midnight_Relic,,,,,2026-09-19T00:07:34Z
359,Siren's Harvester,Greatsword,,Weapon,Legendary,,32500,65000,,,TRUE,18%,,,Drop,https://static.wikia.nocookie.net/swordburst2/images/4/46/Siren%27s_Harvester.png/revision/latest,https://swordburst2.fandom.com/wiki/Siren%27s_Harvester,1,1,clean_legendaries,- Rotational Floors -,2026-09-19T00:07:34Z
360,Tasteful Vengeance,Greatsword,,Weapon,Tribute,1,1,,,,FALSE,1%,,,Drop,https://static.wikia.nocookie.net/swordburst2/images/e/e1/Tasteful_Vengeance.png/revision/latest,https://swordburst2.fandom.com/wiki/Tasteful_Vengeance,,,,,2026-09-19T00:07:34Z
361,Cosmic Fragment,Greatsword,,Weapon,Tribute,1,15000,30000,,,FALSE,10%,,,Event Winner,https://static.wikia.nocookie.net/swordburst2/images/7/77/Cosmic_Fragment.png/revision/latest,https://swordburst2.fandom.com/wiki/Cosmic_Fragment,Untradeable,Untradeable,tributes,BGM Exclusive Events,2026-09-19T00:07:34Z
362,Broken Promise,Greatsword,,Weapon,Tribute,1,1000,2000,,,FALSE,8%,,,BGMMaster Broken Promise Event - 1st & 2nd Place Prize,https://static.wikia.nocookie.net/swordburst2/images/2/25/Broken_Promise_Whiteoutline_%282H%29.png/revision/latest,https://swordburst2.fandom.com/wiki/Broken_Promise,400-450+,200-250,tributes,BGM Exclusive Events,2026-09-19T00:07:34Z
363,The Log,Greatsword,,Weapon,Tribute,60,1,2,,,FALSE,20%,,,Drop,https://static.wikia.nocookie.net/swordburst2/images/8/83/%22No_Icon%22.png/revision/latest,https://swordburst2.fandom.com/wiki/The_Log,90,90,tributes,Floor 4,2026-09-19T00:07:34Z
364,Spoon Powa,Greatsword,,Weapon,Tribute,69,123,,,,FALSE,36%,,,Drop,https://static.wikia.nocookie.net/swordburst2/images/e/e0/Spoon_Powa.png/revision/latest,https://swordburst2.fandom.com/wiki/Spoon_Powa,,,,,2026-09-19T00:07:34Z
365,Life's Privilege,Greatsword,,Weapon,Tribute,75,2500,5000,,,FALSE,11%,,,Multiple Drops,https://static.wikia.nocookie.net/swordburst2/images/1/18/Rhitta.png/revision/latest,https://swordburst2.fandom.com/wiki/Life%27s_Privilege,30,15,tributes,Floor 8,2026-09-19T00:07:34Z
366,Sentient Nexus,Greatsword,,Weapon,Tribute,200,4375,8750,,,FALSE,54%,,,Multiple Drops,https://static.wikia.nocookie.net/swordburst2/images/0/07/Sentient_Nexus.png/revision/latest,https://swordburst2.fandom.com/wiki/Sentient_Nexus,7,5,tributes,Floor 9,2026-09-19T00:07:34Z
367,Silent Finale,Greatsword,,Weapon,Tribute,200,4425,8850,,,FALSE,40%,,,20M,https://static.wikia.nocookie.net/swordburst2/images/d/d8/Silent_Finale.png/revision/latest,https://swordburst2.fandom.com/wiki/Silent_Finale,15-20,12,tributes,Fifth Edition,2026-09-19T00:07:34Z
368,Demon's Darkness,Greatsword,,Weapon,Tribute,225,5250,10500,,,FALSE,54%,,,Multiple Drops,https://static.wikia.nocookie.net/swordburst2/images/0/02/Demon%27s_Darkness.png/revision/latest,https://swordburst2.fandom.com/wiki/Demon%27s_Darkness,7-8,6-7,tributes,Floor 10,2026-09-19T00:07:34Z
369,Bunny Bonker,Greatsword,,Weapon,Tribute,250,+60/level,,,,FALSE,25%,,,Drop,https://static.wikia.nocookie.net/swordburst2/images/1/1d/Bunny_Bonker.png/revision/latest,https://swordburst2.fandom.com/wiki/Bunny_Bonker,,3-5,tributes,Egg Realm (2026),2026-09-19T00:07:34Z
370,Molten Maelstrom,Greatsword,,Weapon,Tribute,270,9460,18920,,,FALSE,40%,,,130M,https://static.wikia.nocookie.net/swordburst2/images/c/c5/Molten_Maelstrom.png/revision/latest,https://swordburst2.fandom.com/wiki/Molten_Maelstrom,8,8,tributes,Sixth Edition,2026-09-19T00:07:34Z
371,Demon's Light,Greatsword,,Weapon,Tribute,280,10750,21500,,,FALSE,40%,,,Sector-235,https://static.wikia.nocookie.net/swordburst2/images/3/39/Demons_Light.png/revision/latest,https://swordburst2.fandom.com/wiki/Demon%27s_Light,6-8,4-5,tributes,Floor 12,2026-09-19T00:07:34Z
372,Reibiku,Greatsword,,Weapon,Tribute,300,12000,24000,,,FALSE,15%,,,80.5M,https://static.wikia.nocookie.net/swordburst2/images/7/74/Reibiku.png/revision/latest,https://swordburst2.fandom.com/wiki/Reibiku,12,8,tributes,First Edition,2026-09-19T00:07:34Z
373,Primordial Nightmare,Greatsword,,Weapon,Tribute,300,+125/level,,,,FALSE,20%,,,Crafting,https://static.wikia.nocookie.net/swordburst2/images/7/72/Primordial_Nightmare.png/revision/latest,https://swordburst2.fandom.com/wiki/Primordial_Nightmare,100,,tributes,- EVENT FLOOR TRIBUTES -,2026-09-19T00:07:34Z
374,Krampus's Catastrophe,Greatsword,,Weapon,Tribute,340,+125/level,,,,FALSE,36%,,,Drop,https://static.wikia.nocookie.net/swordburst2/images/9/97/Krampus%27s_Catastrophe.png/revision/latest,https://swordburst2.fandom.com/wiki/Krampus%27s_Catastrophe,,,,,2026-09-19T00:07:34Z
375,Yami no Õzora,Greatsword,,Weapon,Tribute,350,23500,47000,,,FALSE,40%,,,180M,https://static.wikia.nocookie.net/swordburst2/images/6/60/Yami_no_%C3%95zora.png/revision/latest,https://swordburst2.fandom.com/wiki/Yami_no_%C3%95zora,30,18,tributes,Tenth Edition,2026-09-19T00:07:34Z
376,Everblade,Greatsword,,Weapon,Tribute,375,29450,58900,,,FALSE,48%,,,Drop,https://static.wikia.nocookie.net/swordburst2/images/d/d9/Everblade.png/revision/latest,https://swordburst2.fandom.com/wiki/Everblade,15,12,tributes,Atheon's Realm,2026-09-19T00:07:34Z
377,Night's Nexus,Greatsword,,Weapon,Tribute,400,27000,54000,,,FALSE,37%,,,130M,https://static.wikia.nocookie.net/swordburst2/images/1/1f/Night%27s_Nexus.png/revision/latest,https://swordburst2.fandom.com/wiki/Night%27s_Nexus,8,8,tributes,Fourth Edition,2026-09-19T00:07:34Z
378,Heavy Death-Metal,Greatsword,,Weapon,Tribute,400,30000,60000,,,FALSE,35%,,,200M,https://static.wikia.nocookie.net/swordburst2/images/f/f1/Heavy_Death-Metal.png/revision/latest,https://swordburst2.fandom.com/wiki/Heavy_Death-Metal,40,30,tributes,Halloween Edition,2026-09-19T00:07:34Z
379,Divine Gladiator,Greatsword,,Weapon,Tribute,400,27450,54900,,,FALSE,36%,,,200M,https://static.wikia.nocookie.net/swordburst2/images/f/f0/Divine_Gladiator.png/revision/latest,https://swordburst2.fandom.com/wiki/Divine_Gladiator,25,22,tributes,Winter Edition,2026-09-19T00:07:34Z
380,Nova Radiance,Greatsword,,Weapon,Tribute,400,30125,60250,,,FALSE,40%,,,Drop,https://static.wikia.nocookie.net/swordburst2/images/b/b3/Nova_Radiance.png/revision/latest,https://swordburst2.fandom.com/wiki/Nova_Radiance,15-20,15,tributes,Atheon's Realm,2026-09-19T00:07:34Z
381,Bunny's Bane,Greatsword,,Weapon,Tribute,415,+160/level,,,,FALSE,35%,,,Drop,https://static.wikia.nocookie.net/swordburst2/images/6/6e/BunnyBane.webp/revision/latest,https://swordburst2.fandom.com/wiki/Bunny%27s_Bane,75,,tributes,Egg Realm (2026),2026-09-19T00:07:34Z
382,Hollow Curse,Greatsword,,Weapon,Tribute,415,34000,68000,,,FALSE,40%,,,Drop,https://static.wikia.nocookie.net/swordburst2/images/d/de/Hollow_Curse.png/revision/latest,https://swordburst2.fandom.com/wiki/Hollow_Curse,20-25,20,tributes,Atheon's Realm,2026-09-19T00:07:34Z
383,Dragons Soul,Greatsword,,Weapon,Tribute,420,70000,,,,FALSE,35%,,,Drop,https://static.wikia.nocookie.net/swordburst2/images/2/2f/Dragons_Soul.png/revision/latest,https://swordburst2.fandom.com/wiki/Dragons_Soul,20,,tributes,Floor 6 / Undershroud,2026-09-19T00:07:34Z
384,Glacier Key,Greatsword,,Weapon,Tribute,425,+177/level,,,,FALSE,45%,,,Forge,https://static.wikia.nocookie.net/swordburst2/images/3/37/Glacier_Key.png/revision/latest,https://swordburst2.fandom.com/wiki/Glacier_Key,60-65,,tributes,Egg Realm (2026),2026-09-19T00:07:34Z
385,Heart of Catastrophe,Greatsword,,Weapon,Tribute,435,36500,73000,,,FALSE,31%,,,500M,https://static.wikia.nocookie.net/swordburst2/images/2/2d/Heart_of_Catastrophe.png/revision/latest,https://swordburst2.fandom.com/wiki/Heart_of_Catastrophe,35,30-35,tributes,Thirteenth Edition,2026-09-19T00:07:34Z
386,The Destroyer,Greatsword,,Weapon,Tribute,440,37000,74000,,,FALSE,38%,,,600M,https://static.wikia.nocookie.net/swordburst2/images/4/4f/The_Destroyer.png/revision/latest,https://swordburst2.fandom.com/wiki/The_Destroyer,55-60,50,tributes,Twelfth Edition,2026-09-19T00:07:34Z
387,Divine Judgement,Greatsword,,Weapon,Tribute,440,40000,80000,,,FALSE,51%,,,750M,https://static.wikia.nocookie.net/swordburst2/images/9/97/Divine_Judgement.png/revision/latest,https://swordburst2.fandom.com/wiki/Divine_Judgement,75-80,75-80,tributes,Fifteenth Edition,2026-09-19T00:07:34Z
388,Curse Atlantis,Greatsword,,Weapon,Tribute,445,38000,76000,,,FALSE,35%,,,Multiple Drop,https://static.wikia.nocookie.net/swordburst2/images/5/54/Curse_Atlantis.png/revision/latest,https://swordburst2.fandom.com/wiki/Curse_Atlantis,15,12-15,tributes,- ROTATIONAL FLOOR TRIBUTES -,2026-09-19T00:07:34Z
389,Oceans Melody,Greatsword,,Weapon,Tribute,445,40000,80000,,,FALSE,40%,,,Drop,https://static.wikia.nocookie.net/swordburst2/images/9/94/Oceans_Melody.png/revision/latest,https://swordburst2.fandom.com/wiki/Oceans_Melody,35-40,35-40,tributes,- ROTATIONAL FLOOR TRIBUTES -,2026-09-19T00:07:34Z
390,Yato's Calamity,Greatsword,,Weapon,Tribute,450,90000,,,,FALSE,35%,,,Drop,https://static.wikia.nocookie.net/swordburst2/images/4/49/Yato%27s_Calamity_%28Helmfirth%29.png/revision/latest,https://swordburst2.fandom.com/wiki/Yato%27s_Calamity_(Helmfirth),700-800,,tributes,Floor 6 / Undershroud,2026-09-19T00:07:34Z
391,Ancient Godpiercer,Greatsword,,Weapon,Tribute,450,100000,,,,FALSE,40%,,,Drop,https://static.wikia.nocookie.net/swordburst2/images/1/1c/Ancient_Godpiercer.png/revision/latest,https://swordburst2.fandom.com/wiki/Ancient_Godpiercer,,2k+,tributes,Egg Realm (2026),2026-09-19T00:07:34Z
392,Steel Katana,Katana,,Weapon,Common,1,5,7,,,TRUE,15%,,,100,https://static.wikia.nocookie.net/swordburst2/images/f/fc/Steel_Katana.png/revision/latest,https://swordburst2.fandom.com/wiki/Steel_Katana,,,,,2026-09-19T00:07:34Z
393,Shizen Katana,Katana,,Weapon,Common,3,8,11,,,TRUE,15%,,,Drop,https://static.wikia.nocookie.net/swordburst2/images/4/47/Shizen_Katana.png/revision/latest,https://swordburst2.fandom.com/wiki/Shizen_Katana,,,,,2026-09-19T00:07:34Z
394,Hiber Blade,Katana,,Weapon,Common,5,9,13,,,TRUE,15%,,,225,https://static.wikia.nocookie.net/swordburst2/images/0/03/Hiber_Blade.png/revision/latest,https://swordburst2.fandom.com/wiki/Hiber_Blade,,,,,2026-09-19T00:07:34Z
395,Ruined Katana,Katana,,Weapon,Common,7,15,21,,,TRUE,15%,,,Drop,https://static.wikia.nocookie.net/swordburst2/images/f/f7/Ruined_Katana.png/revision/latest,https://swordburst2.fandom.com/wiki/Ruined_Katana,,,,,2026-09-19T00:07:34Z
396,Rusty Katana,Katana,,Weapon,Common,10,21,29,,,TRUE,15%,,,Drop,https://static.wikia.nocookie.net/swordburst2/images/b/b5/Rusty_Katana.png/revision/latest,https://swordburst2.fandom.com/wiki/Rusty_Katana,,,,,2026-09-19T00:07:34Z
397,Despair,Katana,,Weapon,Common,10,100,140,,,TRUE,4%,,,"10,000",https://static.wikia.nocookie.net/swordburst2/images/2/25/Despair.png/revision/latest,https://swordburst2.fandom.com/wiki/Despair,1,1,misc,Eighth Edition,2026-09-19T00:07:34Z
398,Spirit of Suma,Katana,,Weapon,Common,12,25,35,,,TRUE,15%,,,Drop,https://static.wikia.nocookie.net/swordburst2/images/4/41/Spirit_of_Suma.png/revision/latest,https://swordburst2.fandom.com/wiki/Spirit_of_Suma,,,,,2026-09-19T00:07:34Z
399,Cyclone Katana,Katana,,Weapon,Common,12,25,35,,,TRUE,15%,,,450,https://static.wikia.nocookie.net/swordburst2/images/5/59/Cyclone_Katana.png/revision/latest,https://swordburst2.fandom.com/wiki/Cyclone_Katana,,,,,2026-09-19T00:07:34Z
400,BushBack Blade,Katana,,Weapon,Common,15,38,53,,,TRUE,15%,,,"1,250",https://static.wikia.nocookie.net/swordburst2/images/2/2b/BushBack_Blade.png/revision/latest,https://swordburst2.fandom.com/wiki/BushBack_Blade,,,,,2026-09-19T00:07:34Z
401,Shirubaeiji,Katana,,Weapon,Rare,15,66,105,,,TRUE,15%,,,Drop,https://static.wikia.nocookie.net/swordburst2/images/c/c2/Shirubaeiji.png/revision/latest,https://swordburst2.fandom.com/wiki/Shirubaeiji,,,,,2026-09-19T00:07:34Z
402,Crimson Catastrophe,Katana,,Weapon,Common,15,31,43,,,TRUE,4%,,,"13,000",https://static.wikia.nocookie.net/swordburst2/images/2/23/Crimson_Catastrophe.png/revision/latest,https://swordburst2.fandom.com/wiki/Crimson_Catastrophe,300k vels,300k vels,misc,Sixth Edition,2026-09-19T00:07:34Z
403,Estranged Blade,Katana,,Weapon,Common,18,57,79,,,TRUE,15%,,,Drop,https://static.wikia.nocookie.net/swordburst2/images/d/d3/Estranged_Blade.png/revision/latest,https://swordburst2.fandom.com/wiki/Estranged_Blade,,,,,2026-09-19T00:07:34Z
404,Hornit,Katana,,Weapon,Common,21,76,106,,,TRUE,15%,,,"2,250",https://static.wikia.nocookie.net/swordburst2/images/b/b5/Hornit.png/revision/latest,https://swordburst2.fandom.com/wiki/Hornit,,,,,2026-09-19T00:07:34Z
405,Rugged Sabre,Katana,,Weapon,Common,21,152,212,,,TRUE,15%,,,"3,750",https://static.wikia.nocookie.net/swordburst2/images/0/05/Rugged_Sabre.png/revision/latest,https://swordburst2.fandom.com/wiki/Rugged_Sabre,,,,,2026-09-19T00:07:34Z
406,Fire Loom Blade,Katana,,Weapon,Common,24,95,133,,,TRUE,15%,,,Drop,https://static.wikia.nocookie.net/swordburst2/images/b/b2/Fire_Loom_Blade.png/revision/latest,https://swordburst2.fandom.com/wiki/Fire_Loom_Blade,,,,,2026-09-19T00:07:34Z
407,Autumn Bulk,Katana,,Weapon,Rare,24,145,232,,,TRUE,15%,,,Drop,https://static.wikia.nocookie.net/swordburst2/images/2/2f/Autumn_Bulk.png/revision/latest,https://swordburst2.fandom.com/wiki/Autumn_Bulk,,,,,2026-09-19T00:07:34Z
408,Chilling Edge,Katana,,Weapon,Common,29,136,190,,,TRUE,15%,,,Drop,https://static.wikia.nocookie.net/swordburst2/images/7/7c/Chilling_Edge.png/revision/latest,https://swordburst2.fandom.com/wiki/Chilling_Edge,,,,,2026-09-19T00:07:34Z
409,Freezing Point,Katana,,Weapon,Common,32,181,253,,,TRUE,15%,,,Drop,https://static.wikia.nocookie.net/swordburst2/images/d/d1/Freezing_Point.png/revision/latest,https://swordburst2.fandom.com/wiki/Freezing_Point,,,,,2026-09-19T00:07:34Z
410,Rising North,Katana,,Weapon,Rare,32,294,470,,,TRUE,15%,,,Drop,https://static.wikia.nocookie.net/swordburst2/images/8/8a/Rising_North.png/revision/latest,https://swordburst2.fandom.com/wiki/Rising_North,10-14,8,misc,Winter Event,2026-09-19T00:07:34Z
411,Cerberus,Katana,,Weapon,Rare,35,210,336,,,TRUE,15%,,,Drop,https://static.wikia.nocookie.net/swordburst2/images/4/45/Cerberus.png/revision/latest,https://swordburst2.fandom.com/wiki/Cerberus,,,,,2026-09-19T00:07:34Z
412,Klinge,Katana,,Weapon,Common,36,225,315,,,TRUE,15%,,,"9,000",https://static.wikia.nocookie.net/swordburst2/images/7/73/Klinge.png/revision/latest,https://swordburst2.fandom.com/wiki/Klinge,,,,,2026-09-19T00:07:34Z
413,Leaf Blade,Katana,,Weapon,Common,38,260,364,,,TRUE,15%,,,Drop,https://static.wikia.nocookie.net/swordburst2/images/3/38/Leaf_Blade.png/revision/latest,https://swordburst2.fandom.com/wiki/Leaf_Blade,,,,,2026-09-19T00:07:34Z
414,Florance,Katana,,Weapon,Common,40,290,406,,,TRUE,15%,,,Drop,https://static.wikia.nocookie.net/swordburst2/images/d/d0/Florance.png/revision/latest,https://swordburst2.fandom.com/wiki/Florance,,,,,2026-09-19T00:07:34Z
415,Mitsurin Edge,Katana,,Weapon,Rare,40,315,504,,,TRUE,15%,,,Drop,https://static.wikia.nocookie.net/swordburst2/images/9/91/Mitsurin_Edge.png/revision/latest,https://swordburst2.fandom.com/wiki/Mitsurin_Edge,,,,,2026-09-19T00:07:34Z
416,Precipice Edge,Katana,,Weapon,Common,43,324,453,,,TRUE,15%,,,"18,000",https://static.wikia.nocookie.net/swordburst2/images/e/e2/Precipice_Edge.png/revision/latest,https://swordburst2.fandom.com/wiki/Precipice_Edge,,,,,2026-09-19T00:07:34Z
417,Void's Edge of Frost,Katana,,Weapon,Common,45,500,,,,TRUE,15%,,,Drop,https://static.wikia.nocookie.net/swordburst2/images/b/b6/Void%27s_Edge_of_Frost.png/revision/latest,https://swordburst2.fandom.com/wiki/Void%27s_Edge_of_Frost,2-4,,misc,Winter Event,2026-09-19T00:07:34Z
418,Sabaku,Katana,,Weapon,Common,46,362,506,,,TRUE,15%,,,Drop,https://static.wikia.nocookie.net/swordburst2/images/8/83/Sabaku.png/revision/latest,https://swordburst2.fandom.com/wiki/Sabaku,,,,,2026-09-19T00:07:34Z
419,Sandgem Blade,Katana,,Weapon,Common,48,389,544,,,TRUE,15%,,,Drop,https://static.wikia.nocookie.net/swordburst2/images/6/61/Sandgem_Blade.png/revision/latest,https://swordburst2.fandom.com/wiki/Sandgem_Blade,,,,,2026-09-19T00:07:34Z
420,Fiery Sabre,Katana,,Weapon,Rare,48,389,622,,,TRUE,15%,,,Drop,https://static.wikia.nocookie.net/swordburst2/images/a/ad/Fiery_Sabre.png/revision/latest,https://swordburst2.fandom.com/wiki/Fiery_Sabre,,,,,2026-09-19T00:07:34Z
421,Lunar Eclipse,Katana,,Weapon,Common,50,733,,,,TRUE,15%,,,Drop,https://static.wikia.nocookie.net/swordburst2/images/d/db/Lunar_Eclipse.png/revision/latest,https://swordburst2.fandom.com/wiki/Lunar_Eclipse,,,,,2026-09-19T00:07:34Z
422,Crimson Conflict,Katana,,Weapon,Rare,50,450,720,,,TRUE,12%,,,"150,000",https://static.wikia.nocookie.net/swordburst2/images/9/94/Crimson_Conflict.png/revision/latest,https://swordburst2.fandom.com/wiki/Crimson_Conflict,1-2,1-2,misc,Fourth Edition,2026-09-19T00:07:34Z
423,Midnight Gleam Blade,Katana,,Weapon,Common,52,445,623,,,TRUE,15%,,,"23,750",https://static.wikia.nocookie.net/swordburst2/images/e/e1/Midnight_Gleam_Blade.png/revision/latest,https://swordburst2.fandom.com/wiki/Midnight_Gleam_Blade,,,,,2026-09-19T00:07:34Z
424,Boreal Edge,Katana,,Weapon,Common,55,524,733,,,TRUE,15%,,,"30,000",https://static.wikia.nocookie.net/swordburst2/images/f/f2/Boreal_Edge.png/revision/latest,https://swordburst2.fandom.com/wiki/Boreal_Edge,,,,,2026-09-19T00:07:34Z
425,Kinoko Edge,Katana,,Weapon,Common,59,584,817,,,TRUE,15%,,,Drop,https://static.wikia.nocookie.net/swordburst2/images/a/a6/Kinoko_Edge.png/revision/latest,https://swordburst2.fandom.com/wiki/Kinoko_Edge,,,,,2026-09-19T00:07:34Z
426,Snowflake Katana,Katana,,Weapon,Rare,60,612,979,,,TRUE,10%,,,"100,000",https://static.wikia.nocookie.net/swordburst2/images/e/e4/Snowflake_Katana.png/revision/latest,https://swordburst2.fandom.com/wiki/Snowflake_Katana,2-3,2-3,misc,Eighth Edition,2026-09-19T00:07:34Z
427,Rose Katana,Katana,,Weapon,Rare,60,+15/level,,,,FALSE,7%,,,Drop,https://static.wikia.nocookie.net/swordburst2/images/f/f8/Rose_Katana.png/revision/latest,https://swordburst2.fandom.com/wiki/Rose_Katana,0.2 - 0.5,,misc,Easter Event,2026-09-19T00:07:34Z
428,Andalusite Blade,Katana,,Weapon,Common,62,617,864,,,TRUE,15%,,,Drop,https://static.wikia.nocookie.net/swordburst2/images/a/aa/Andalusite_Blade.png/revision/latest,https://swordburst2.fandom.com/wiki/Andalusite_Blade,,,,,2026-09-19T00:07:34Z
429,Scarlet Katana,Katana,,Weapon,Rare,65,652,1043,,,TRUE,15%,,,Drop,https://static.wikia.nocookie.net/swordburst2/images/6/60/Scarlet_Katana.png/revision/latest,https://swordburst2.fandom.com/wiki/Scarlet_Katana,,,,,2026-09-19T00:07:34Z
430,Shadow Pierce,Katana,,Weapon,Rare,65,725,1160,,,TRUE,6%,,,"100,000",https://static.wikia.nocookie.net/swordburst2/images/5/58/Shadow_Pierce.png/revision/latest,https://swordburst2.fandom.com/wiki/Shadow_Pierce,1-2,1-2,misc,Nineth Edition,2026-09-19T00:07:34Z
431,Floria Blade,Katana,,Weapon,Common,67,677,947,,,TRUE,15%,,,"42,500",https://static.wikia.nocookie.net/swordburst2/images/2/2e/Floria_Blade.png/revision/latest,https://swordburst2.fandom.com/wiki/Floria_Blade,,,,,2026-09-19T00:07:34Z
432,Aspiration,Katana,,Weapon,Common,70,715,1001,,,TRUE,15%,,,Drop,https://static.wikia.nocookie.net/swordburst2/images/3/34/Aspiration.png/revision/latest,https://swordburst2.fandom.com/wiki/Aspiration,,,,,2026-09-19T00:07:34Z
433,Shadow's Edge,Katana,,Weapon,Rare,72,779,1246,,,TRUE,15%,,,Drop,https://static.wikia.nocookie.net/swordburst2/images/0/0c/Shadow%27s_Edge.png/revision/latest,https://swordburst2.fandom.com/wiki/Shadow%27s_Edge,,,,,2026-09-19T00:07:34Z
434,Valikaze,Katana,,Weapon,Legendary,75,902,1804,,,TRUE,15%,,,Drop,https://static.wikia.nocookie.net/swordburst2/images/9/9b/Valikaze.png/revision/latest,https://swordburst2.fandom.com/wiki/Valikaze,0.5-1,0.5,clean_legendaries,Floor 8,2026-09-19T00:07:34Z
435,Eternity,Katana,,Weapon,Rare,75,1400,,,,TRUE,20%,,,Drop,https://static.wikia.nocookie.net/swordburst2/images/3/38/Eternity.png/revision/latest,https://swordburst2.fandom.com/wiki/Eternity,,8-10,misc,Gift Items,2026-09-19T00:07:34Z
436,Ashrune Blade,Katana,,Weapon,Common,78,864,1209,,,TRUE,15%,,,Drop,https://static.wikia.nocookie.net/swordburst2/images/8/82/Ashrune_Blade.png/revision/latest,https://swordburst2.fandom.com/wiki/Ashrune_Blade,,,,,2026-09-19T00:07:34Z
437,Shadowfang,Katana,,Weapon,Rare,80,938,1500,,,TRUE,15%,,,Drop,https://static.wikia.nocookie.net/swordburst2/images/7/72/Shadowfang.png/revision/latest,https://swordburst2.fandom.com/wiki/Shadowfang,,,,,2026-09-19T00:07:34Z
438,Reikoro,Katana,,Weapon,Rare,82,999,1598,,,TRUE,15%,,,Drop,https://static.wikia.nocookie.net/swordburst2/images/5/5f/Reikoro.png/revision/latest,https://swordburst2.fandom.com/wiki/Reikoro,,,,,2026-09-19T00:07:34Z
439,Orenmir,Katana,,Weapon,Legendary,85,1086,2172,,,TRUE,15%,,,Drop,https://static.wikia.nocookie.net/swordburst2/images/1/19/Orenmir.png/revision/latest,https://swordburst2.fandom.com/wiki/Orenmir,0.5,1,clean_legendaries,Floor 9,2026-09-19T00:07:34Z
440,Oblivion,Katana,,Weapon,Legendary,85,1086,2172,,,TRUE,15%,,,Drop,https://static.wikia.nocookie.net/swordburst2/images/0/03/Oblivion.png/revision/latest,https://swordburst2.fandom.com/wiki/Oblivion,0.5,1,clean_legendaries,Floor 9,2026-09-19T00:07:34Z
441,Ice Dawn Blade,Katana,,Weapon,Legendary,85,2172,,,,TRUE,15%,,,Drop,https://static.wikia.nocookie.net/swordburst2/images/e/e9/Ice_Dawn_Blade_New.png/revision/latest,https://swordburst2.fandom.com/wiki/Ice_Dawn_Blade,1-2,,clean_legendaries,Easter Realm (2023),2026-09-19T00:07:34Z
442,Shimo,Katana,,Weapon,Common,85,2172,,,,TRUE,15%,,,Drop,https://static.wikia.nocookie.net/swordburst2/images/1/13/Shimo.png/revision/latest,https://swordburst2.fandom.com/wiki/Shimo,0.2 - 0.5,,misc,Winter Event,2026-09-19T00:07:34Z
443,Orenmir Resurrected,Katana,,Weapon,Legendary,85,2172,,,,TRUE,15%,,,Gift,https://static.wikia.nocookie.net/swordburst2/images/3/3d/Orenmir_Resurrected.png/revision/latest,https://swordburst2.fandom.com/wiki/Orenmir_Resurrected,35-40,,clean_legendaries,Gift of Remaster,2026-09-19T00:07:34Z
444,Purple Striker,Katana,,Weapon,Legendary,90,2238,,,,TRUE,15%,,,Drop,https://static.wikia.nocookie.net/swordburst2/images/3/30/Purple_Striker.png/revision/latest,https://swordburst2.fandom.com/wiki/Purple_Striker,1,,clean_legendaries,Easter Realm (2023),2026-09-19T00:07:34Z
445,Almace,Katana,,Weapon,Common,92,1036,1450,,,TRUE,15%,,,Drop,https://static.wikia.nocookie.net/swordburst2/images/e/e1/Almace.png/revision/latest,https://swordburst2.fandom.com/wiki/Almace,,,,,2026-09-19T00:07:34Z
446,Insomnia,Katana,,Weapon,Rare,92,1112,1779,,,TRUE,15%,,,Drop,https://static.wikia.nocookie.net/swordburst2/images/6/6a/Insomnia.png/revision/latest,https://swordburst2.fandom.com/wiki/Insomnia,,,,,2026-09-19T00:07:34Z
447,Cursed Cleaver,Katana,,Weapon,Rare,96,1188,1900,,,TRUE,15%,,,Drop,https://static.wikia.nocookie.net/swordburst2/images/8/8b/Cursed_Cleaver.png/revision/latest,https://swordburst2.fandom.com/wiki/Cursed_Cleaver,,,,,2026-09-19T00:07:34Z
448,Kaiun Omamori,Katana,,Weapon,Rare,100,2000,,,,TRUE,15%,,,Gift,https://static.wikia.nocookie.net/swordburst2/images/e/e1/Kaiun_Omamori.png/revision/latest,https://swordburst2.fandom.com/wiki/Kaiun_Omamori,,1,misc,Gift Items,2026-09-19T00:07:34Z
449,Kusanagi,Katana,,Weapon,Legendary,100,1301,2602,,,TRUE,15%,,,Drop,https://static.wikia.nocookie.net/swordburst2/images/1/1f/Kusanagi.png/revision/latest,https://swordburst2.fandom.com/wiki/Kusanagi,0.5,1,clean_legendaries,Floor 10,2026-09-19T00:07:34Z
450,Soulrender,Katana,,Weapon,Legendary,100,1301,2602,,,TRUE,15%,,,Drop,https://static.wikia.nocookie.net/swordburst2/images/d/d2/Soulrender.png/revision/latest,https://swordburst2.fandom.com/wiki/Soulrender,0.5,0.5,clean_legendaries,Floor 10,2026-09-19T00:07:34Z
451,Drakovir,Katana,,Weapon,Legendary,100,2602,,,,TRUE,15%,,,Drop,https://static.wikia.nocookie.net/swordburst2/images/2/20/Drakovir_Icon.png/revision/latest,https://swordburst2.fandom.com/wiki/Drakovir,1,,clean_legendaries,Easter Realm (2023),2026-09-19T00:07:34Z
452,Tempo,Katana,,Weapon,Legendary,100,1400,2800,,,TRUE,15%,,,"575,000",https://static.wikia.nocookie.net/swordburst2/images/f/fa/Tempo.png/revision/latest,https://swordburst2.fandom.com/wiki/Tempo,0.5,0.5,clean_legendaries,First Edition,2026-09-19T00:07:34Z
453,Solar Beam,Katana,,Weapon,Common,110,1368,1915,,,TRUE,15%,,,Drop,https://static.wikia.nocookie.net/swordburst2/images/a/a9/Solar_Beam.png/revision/latest,https://swordburst2.fandom.com/wiki/Solar_Beam,,,,,2026-09-19T00:07:34Z
454,Hyperslicer,Katana,,Weapon,Common,120,1586,2220,,,TRUE,15%,,,Drop,https://static.wikia.nocookie.net/swordburst2/images/d/d4/Hyperslicer.png/revision/latest,https://swordburst2.fandom.com/wiki/Hyperslicer,,,,,2026-09-19T00:07:34Z
455,Lich Blade,Katana,,Weapon,Rare,135,1823,2916,,,TRUE,15%,,,Drop,https://static.wikia.nocookie.net/swordburst2/images/3/30/Lich_Blade.png/revision/latest,https://swordburst2.fandom.com/wiki/Lich_Blade,,,,,2026-09-19T00:07:34Z
456,Worldslayer,Katana,,Weapon,Legendary,150,2168,4336,,,TRUE,15%,,,Drop,https://static.wikia.nocookie.net/swordburst2/images/e/e2/Worldslayer.png/revision/latest,https://swordburst2.fandom.com/wiki/Worldslayer,1,1,clean_legendaries,Floor 11,2026-09-19T00:07:34Z
457,Blazing Desire,Katana,,Weapon,Legendary,150,2250,4500,,,TRUE,15%,,,6.5M,https://static.wikia.nocookie.net/swordburst2/images/9/9a/Blazing_Desire.png/revision/latest,https://swordburst2.fandom.com/wiki/Blazing_Desire,1-2,1,clean_legendaries,Fourth Edition,2026-09-19T00:07:34Z
458,Permafrosted Blade,Katana,,Weapon,Legendary,150,2200,4400,,,TRUE,16%,,,35M,https://static.wikia.nocookie.net/swordburst2/images/1/18/Permafrosted_Blade.png/revision/latest,https://swordburst2.fandom.com/wiki/Permafrosted_Blade,2-3,2-3,clean_legendaries,Fourteenth Edition,2026-09-19T00:07:34Z
459,Shadow Cleaver,Katana,,Weapon,Common,155,2300,3220,,,TRUE,15%,,,Drop,https://static.wikia.nocookie.net/swordburst2/images/b/b3/Shadow_Cleaver.png/revision/latest,https://swordburst2.fandom.com/wiki/Shadow_Cleaver,,,,,2026-09-19T00:07:34Z
460,Sawtooth Blade,Katana,,Weapon,Common,160,2440,3416,,,TRUE,15%,,,Drop,https://static.wikia.nocookie.net/swordburst2/images/2/28/Sawtooth_Blade.png/revision/latest,https://swordburst2.fandom.com/wiki/Sawtooth_Blade,,,,,2026-09-19T00:07:34Z
461,Cybertana,Katana,,Weapon,Rare,170,2720,4352,,,TRUE,15%,,,Drop,https://static.wikia.nocookie.net/swordburst2/images/9/9c/Cybertana.png/revision/latest,https://swordburst2.fandom.com/wiki/Cybertana,,,,,2026-09-19T00:07:34Z
462,Nightcleave,Katana,,Weapon,Rare,180,3038,4860,,,TRUE,15%,,,Drop,https://static.wikia.nocookie.net/swordburst2/images/d/d9/Nightcleave.png/revision/latest,https://swordburst2.fandom.com/wiki/Nightcleave,2-3,2-3,misc,2-3 Hallow Merchant 2-3 Knight Claymore,2026-09-19T00:07:34Z
463,Dismay,Katana,,Weapon,Rare,180,3038,4860,,,TRUE,15%,,,Drop,https://static.wikia.nocookie.net/swordburst2/images/f/fd/Dismay.png/revision/latest,https://swordburst2.fandom.com/wiki/Dismay,15,15,misc,2-3 Hallow Merchant 2-3 Knight Claymore,2026-09-19T00:07:34Z
464,Alaric,Katana,,Weapon,Rare,185,3194,5110,,,TRUE,15%,,,Drop,https://static.wikia.nocookie.net/swordburst2/images/4/40/Alaric.png/revision/latest,https://swordburst2.fandom.com/wiki/Alaric,,,,,2026-09-19T00:07:34Z
465,Contrivance,Katana,,Weapon,Rare,185,3194,5110,,,TRUE,15%,,,Drop,https://static.wikia.nocookie.net/swordburst2/images/a/a4/Contrivance.png/revision/latest,https://swordburst2.fandom.com/wiki/Contrivance,,,,,2026-09-19T00:07:34Z
466,Black Omen,Katana,,Weapon,Rare,200,Level Based +80 per level,,,,TRUE,5%,,,Drop,https://static.wikia.nocookie.net/swordburst2/images/5/59/Black_Omen.png/revision/latest,https://swordburst2.fandom.com/wiki/Black_Omen,,,,,2026-09-19T00:07:34Z
467,Terminus,Katana,,Weapon,Legendary,200,3662,7324,,,TRUE,15%,,,Drop,https://static.wikia.nocookie.net/swordburst2/images/c/cb/Terminus.png/revision/latest,https://swordburst2.fandom.com/wiki/Terminus,1,1,clean_legendaries,Floor 11,2026-09-19T00:07:34Z
468,Kurenai,Katana,,Weapon,Legendary,200,3662,7324,,,TRUE,15%,,,Drop,https://static.wikia.nocookie.net/swordburst2/images/c/c5/Kurenai.png/revision/latest,https://swordburst2.fandom.com/wiki/Kurenai,1,1,clean_legendaries,Floor 11,2026-09-19T00:07:34Z
469,Easterian Tsurugi,Katana,,Weapon,Legendary,200,3662,7324,,,TRUE,15%,,,Drop,https://static.wikia.nocookie.net/swordburst2/images/6/68/Easterian_Katana.webp/revision/latest,https://swordburst2.fandom.com/wiki/Easterian_Tsurugi,1-2,0.5,clean_legendaries,Easter Realm (2023),2026-09-19T00:07:34Z
470,Bluesteel Edge,Katana,,Weapon,Common,200,3662,5126,,,TRUE,15%,,,Drop,https://static.wikia.nocookie.net/swordburst2/images/4/4f/Bluesteel_Edge.png/revision/latest,https://swordburst2.fandom.com/wiki/Bluesteel_Edge,,,,,2026-09-19T00:07:34Z
471,Blood Quench,Katana,,Weapon,Legendary,200,7324,7324,,,FALSE,15%,,,Drop,https://static.wikia.nocookie.net/swordburst2/images/5/59/Blood_Quench.png/revision/latest,https://swordburst2.fandom.com/wiki/Blood_Quench,1-2,0.5-1,clean_legendaries,Easter Realm (2023),2026-09-19T00:07:34Z
472,Icy Dragon's Wrath,Katana,,Weapon,Legendary,200,7650,,,,TRUE,15%,,,Drop,https://static.wikia.nocookie.net/swordburst2/images/4/4b/Icy_Dragon%27s_Wrath.png/revision/latest,https://swordburst2.fandom.com/wiki/Icy_Dragon%27s_Wrath,1,,clean_legendaries,Easter Realm (2023),2026-09-19T00:07:34Z
473,Empty Embrace,Katana,,Weapon,Legendary,200,Level Based +40 per level,,,,TRUE,15%,,,Drop,https://static.wikia.nocookie.net/swordburst2/images/c/ca/Empty_Embrace.png/revision/latest,https://swordburst2.fandom.com/wiki/Empty_Embrace,,,,,2026-09-19T00:07:34Z
474,Nether's Edge,Katana,,Weapon,Legendary,200,4200,8400,,,TRUE,15%,,,10M,https://static.wikia.nocookie.net/swordburst2/images/b/b3/Nether%27s_Edge.png/revision/latest,https://swordburst2.fandom.com/wiki/Nether%27s_Edge,1,0.5,clean_legendaries,Twelfth Edition,2026-09-19T00:07:34Z
475,Narcoleptic,Katana,,Weapon,Common,210,3989,5584,,,TRUE,15%,,,Drop,https://static.wikia.nocookie.net/swordburst2/images/3/39/Narcoleptic.png/revision/latest,https://swordburst2.fandom.com/wiki/Narcoleptic,,,,,2026-09-19T00:07:34Z
476,Ethereal Root,Katana,,Weapon,Legendary,215,+51/level,,,,FALSE,22%,,,Drop,https://static.wikia.nocookie.net/swordburst2/images/c/cf/Ethereal_Root.png/revision/latest,https://swordburst2.fandom.com/wiki/Ethereal_Root,,,,,2026-09-19T00:07:34Z
477,Ringblade,Katana,,Weapon,Common,220,4375,6125,,,TRUE,15%,,,Drop,https://static.wikia.nocookie.net/swordburst2/images/2/27/Ringblade.png/revision/latest,https://swordburst2.fandom.com/wiki/Ringblade,,,,,2026-09-19T00:07:34Z
478,Night’s Blossom,Katana,,Weapon,Legendary,225,4569,9138,,,TRUE,15%,,,Drop,https://static.wikia.nocookie.net/swordburst2/images/9/99/Night%E2%80%99s_Blossom.png/revision/latest,https://swordburst2.fandom.com/wiki/Night%E2%80%99s_Blossom,15,6-8,clean_legendaries,30-40 Prismatic Apex 2 Floria's Gift,2026-09-19T00:07:34Z
479,Rendering Spirit,Katana,,Weapon,Legendary,225,4569,9138,,,TRUE,15%,,,Drop,https://static.wikia.nocookie.net/swordburst2/images/a/a0/Rendering_Spirit.png/revision/latest,https://swordburst2.fandom.com/wiki/Rendering_Spirit,15,5-7,clean_legendaries,30-40 Prismatic Apex 2 Floria's Gift,2026-09-19T00:07:34Z
480,Kineto,Katana,,Weapon,Rare,230,4763,7620,,,TRUE,15%,,,Drop,https://static.wikia.nocookie.net/swordburst2/images/2/2f/Kineto.png/revision/latest,https://swordburst2.fandom.com/wiki/Kineto,,,,,2026-09-19T00:07:34Z
481,Sokashi,Katana,,Weapon,Rare,250,5556,8889,,,TRUE,15%,,,Drop,https://static.wikia.nocookie.net/swordburst2/images/f/f0/Sokashi.png/revision/latest,https://swordburst2.fandom.com/wiki/Sokashi,,,,,2026-09-19T00:07:34Z
482,Brimlash,Katana,,Weapon,Burst,250,5556,13890,,,FALSE,15%,,,Crafting,https://static.wikia.nocookie.net/swordburst2/images/e/e3/Brimlash.png/revision/latest,https://swordburst2.fandom.com/wiki/Brimlash,,,,,2026-09-19T00:07:34Z
483,Tsumukari Muramasa,Katana,,Weapon,Legendary,250,11112,,,,TRUE,15%,,,Drop,https://static.wikia.nocookie.net/swordburst2/images/5/5d/Tsumukari_Muramasa.png/revision/latest,https://swordburst2.fandom.com/wiki/Tsumukari_Muramasa,1-2,1-2,clean_legendaries,Easter Realm (2023),2026-09-19T00:07:34Z
484,Xilphas,Katana,,Weapon,Legendary,275,9052,18104,,,TRUE,15%,,,Drop,https://static.wikia.nocookie.net/swordburst2/images/d/da/Xilphas.png/revision/latest,https://swordburst2.fandom.com/wiki/Xilphas,4,4,clean_legendaries,Floor 12,2026-09-19T00:07:34Z
485,Vyroth's Breath,Katana,,Weapon,Rare,275,7498,11996,,,TRUE,16%,,,48M,https://static.wikia.nocookie.net/swordburst2/images/1/17/Vyroth%27s_Breath.png/revision/latest,https://swordburst2.fandom.com/wiki/Vyroth%27s_Breath,4-5,4-5,misc,Seventh Edition,2026-09-19T00:07:34Z
486,Susawono,Katana,,Weapon,Legendary,285,9763,19526,,,TRUE,15%,,,Drop,https://static.wikia.nocookie.net/swordburst2/images/0/00/Susawono.png/revision/latest,https://swordburst2.fandom.com/wiki/Susawono,0.5,0.5,clean_legendaries,Floor 12,2026-09-19T00:07:34Z
487,Aoi-tachi,Katana,,Weapon,Legendary,285,9763,19526,,,TRUE,15%,,,Drop,https://static.wikia.nocookie.net/swordburst2/images/9/95/Aoi-tachi.png/revision/latest,https://swordburst2.fandom.com/wiki/Aoi-tachi,1,1,clean_legendaries,Floor 12,2026-09-19T00:07:34Z
488,Jotunfrost,Katana,,Weapon,Legendary,290,22750,,,,TRUE,15%,,,Drop,https://static.wikia.nocookie.net/swordburst2/images/3/3a/Jotunfrost.png/revision/latest,https://swordburst2.fandom.com/wiki/Jotunfrost,1-2,,clean_legendaries,Easter Realm (2023),2026-09-19T00:07:34Z
489,Sakura Dreams,Katana,,Weapon,Common,300,6725,9415,,,TRUE,15%,,,Drop,https://static.wikia.nocookie.net/swordburst2/images/7/74/Sakura_Dreams.png/revision/latest,https://swordburst2.fandom.com/wiki/Sakura_Dreams,,,,,2026-09-19T00:07:34Z
490,Ghost Blade,Katana,,Weapon,Common,300,11600,,,,TRUE,25%,,,Gift,https://static.wikia.nocookie.net/swordburst2/images/d/d7/Ghost_Blade.png/revision/latest,https://swordburst2.fandom.com/wiki/Ghost_Blade,,,,,2026-09-19T00:07:34Z
491,Ame no Habakiri,Katana,,Weapon,Burst,300,9958,24895,,,FALSE,15%,,,Crafting,https://static.wikia.nocookie.net/swordburst2/images/d/d0/Ame_no_Habakiri.png/revision/latest,https://swordburst2.fandom.com/wiki/Ame_no_Habakiri,,,,,2026-09-19T00:07:34Z
492,Destiny Rewriter,Katana,,Weapon,Legendary,300,14000,28000,,,TRUE,35%,,,200M,https://static.wikia.nocookie.net/swordburst2/images/d/da/Destiny_Rewriter.png/revision/latest,https://swordburst2.fandom.com/wiki/Destiny_Rewriter,20,20,clean_legendaries,Fifteenth Edition,2026-09-19T00:07:34Z
493,Delicacy Crafter,Katana,,Weapon,Rare,325,9135,14616,,,TRUE,15%,,,Drop,https://static.wikia.nocookie.net/swordburst2/images/c/ca/Delicacy_Crafter.png/revision/latest,https://swordburst2.fandom.com/wiki/Delicacy_Crafter,,,,,2026-09-19T00:07:34Z
494,Blade of Hallowing Night,Katana,,Weapon,Rare,325,10500,16800,,,TRUE,12%,,,2.5M,https://static.wikia.nocookie.net/swordburst2/images/7/77/Blade_of_Hallowing_Night.png/revision/latest,https://swordburst2.fandom.com/wiki/Blade_of_Hallowing_Night,2,1-2,misc,Nineth Edition,2026-09-19T00:07:34Z
495,Judgement,Katana,,Weapon,Legendary,325,15621,31242,,,TRUE,15%,,,Drop,https://static.wikia.nocookie.net/swordburst2/images/b/b0/Judgement.png/revision/latest,https://swordburst2.fandom.com/wiki/Judgement,0.3-0.5,0.3-0.5,clean_legendaries,Atheon's Realm,2026-09-19T00:07:34Z
496,Flamvoiya,Katana,,Weapon,Legendary,340,16780,33560,,,TRUE,30%,,,188.5M,https://static.wikia.nocookie.net/swordburst2/images/9/9b/Flamvoiya.png/revision/latest,https://swordburst2.fandom.com/wiki/Flamvoiya,3-4,3-4,clean_legendaries,Tenth Edition,2026-09-19T00:07:34Z
497,Blade of Equinox,Katana,,Weapon,Legendary,340,16580,33160,,,TRUE,20%,,,80M,https://static.wikia.nocookie.net/swordburst2/images/d/dc/Blade_of_Equinox.png/revision/latest,https://swordburst2.fandom.com/wiki/Blade_of_Equinox,15+,4-5,clean_legendaries,Thirteenth Edition,2026-09-19T00:07:34Z
498,Sakura Cleaver,Katana,,Weapon,Rare,350,11915,19064,,,TRUE,15%,,,Drop,https://static.wikia.nocookie.net/swordburst2/images/b/bb/Sakura_Cleaver.png/revision/latest,https://swordburst2.fandom.com/wiki/Sakura_Cleaver,,,,,2026-09-19T00:07:34Z
499,Frigid Singularity,Katana,,Weapon,Legendary,350,25000,50000,,,TRUE,35%,,,240M,https://static.wikia.nocookie.net/swordburst2/images/1/14/Frigid_Singularity.png/revision/latest,https://swordburst2.fandom.com/wiki/Frigid_Singularity,8-10,8-10,clean_legendaries,Fourteenth Edition,2026-09-19T00:07:34Z
500,Onslaught,Katana,,Weapon,Burst,350,20245,50612,,,FALSE,30%,,,Crafting,https://static.wikia.nocookie.net/swordburst2/images/c/c5/Onslaught.png/revision/latest,https://swordburst2.fandom.com/wiki/Onslaught,,,,,2026-09-19T00:07:34Z
501,Widow's Kiss,Katana,,Weapon,Legendary,375,22000,44000,,,TRUE,25%,,,Drop,https://static.wikia.nocookie.net/swordburst2/images/d/d1/Widow%27s_Kiss.png/revision/latest,https://swordburst2.fandom.com/wiki/Widow%27s_Kiss,0.2 - 0.5,,clean_legendaries,Floor 6 / Undershroud,2026-09-19T00:07:34Z
502,Blossom Slicer,Katana,,Weapon,Legendary,375,22450,44900,,,TRUE,15%,,,Drop,https://static.wikia.nocookie.net/swordburst2/images/a/a5/Blossom_Slicer.png/revision/latest,https://swordburst2.fandom.com/wiki/Blossom_Slicer,0.5,0.5,clean_legendaries,- Rotational Floors -,2026-09-19T00:07:34Z
503,Fading Light,Katana,,Weapon,Legendary,375,25000,50000,,,TRUE,25%,,,100M,https://static.wikia.nocookie.net/swordburst2/images/4/45/Fading_Light.png/revision/latest,https://swordburst2.fandom.com/wiki/Fading_Light,50-60+,50-60+,clean_legendaries,Twelfth Edition,2026-09-19T00:07:34Z
504,Glacial Fin,Katana,,Weapon,Common,385,29212,40897,,,TRUE,15%,,,Drop,https://static.wikia.nocookie.net/swordburst2/images/6/6e/Glacial_Fin.png/revision/latest,https://swordburst2.fandom.com/wiki/Glacial_Fin,,,,,2026-09-19T00:07:34Z
505,Sakura Paradise,Katana,,Weapon,Legendary,400,26000,52000,,,TRUE,15%,,,Drop,https://static.wikia.nocookie.net/swordburst2/images/a/a4/Sakura_Paradise.png/revision/latest,https://swordburst2.fandom.com/wiki/Sakura_Paradise,1,1-2,clean_legendaries,- Rotational Floors -,2026-09-19T00:07:34Z
506,Blood Sabre,Katana,,Weapon,Legendary,400,58000,,,,TRUE,24%,,,Gift,https://static.wikia.nocookie.net/swordburst2/images/2/28/Blood_Sabre.png/revision/latest,https://swordburst2.fandom.com/wiki/Blood_Sabre,,,,,2026-09-19T00:07:34Z
507,Devastation,Katana,,Weapon,Legendary,400,31200,62400,,,TRUE,35%,,,Drop,https://static.wikia.nocookie.net/swordburst2/images/8/8c/Devastation.png/revision/latest,https://swordburst2.fandom.com/wiki/Devastation,1,0.5,clean_legendaries,Atheon's Realm,2026-09-19T00:07:34Z
508,Oceans Current,Katana,,Weapon,Rare,405,31215,49944,,,TRUE,15%,,,Drop,https://static.wikia.nocookie.net/swordburst2/images/e/e3/Oceans_Current.png/revision/latest,https://swordburst2.fandom.com/wiki/Oceans_Current,,,,,2026-09-19T00:07:34Z
509,Crimson Tide,Katana,,Weapon,Legendary,435,34970,69940,,,TRUE,18%,,,Drop,https://static.wikia.nocookie.net/swordburst2/images/4/4a/Crimson_Tide.png/revision/latest,https://swordburst2.fandom.com/wiki/Crimson_Tide,1-2,1-2,clean_legendaries,- Rotational Floors -,2026-09-19T00:07:34Z
510,Kaego,Katana,,Weapon,Tribute,1,+42/level,,,,FALSE,25%,,,Code,https://static.wikia.nocookie.net/swordburst2/images/f/f7/Kaego.png/revision/latest,https://swordburst2.fandom.com/wiki/Kaego,,,,,2026-09-19T00:07:34Z
511,Cosmos Annihilation,Katana,,Weapon,Tribute,1,1000,2000,,,FALSE,15%,,,Win BGM's Broken Wish or Cosmos Annihilation event,https://static.wikia.nocookie.net/swordburst2/images/2/2c/Broken_Wish_%28Weapon%29_Icon_Temporary.png/revision/latest,https://swordburst2.fandom.com/wiki/Cosmos_Annihilation,200-250,200-250,tributes,BGM Exclusive Events,2026-09-19T00:07:34Z
512,Liberation,Katana,,Weapon,Tribute,1,2026,4052,,,FALSE,26%,,,Drop,https://static.wikia.nocookie.net/swordburst2/images/e/ef/Liberation.png/revision/latest,https://swordburst2.fandom.com/wiki/Liberation,25-30,,auras,Gracious Domain 3 Serenity Realm 3-4,2026-09-19T00:07:34Z
513,Rakkii,Katana,,Weapon,Tribute,1,35000,70000,,,FALSE,25%,,,Win the speedrun event in the dungeon.,https://static.wikia.nocookie.net/swordburst2/images/1/17/Rakkii.png/revision/latest,https://swordburst2.fandom.com/wiki/Rakkii,Untradeable,,tributes,Untradeable The Final Gift Untradeable Gift of Contribution,2026-09-19T00:07:34Z
514,Frost Slayer,Katana,,Weapon,Tribute,30,1500,,,,FALSE,10%,,,Gift,https://static.wikia.nocookie.net/swordburst2/images/8/8b/Frost_Slayer.png/revision/latest,https://swordburst2.fandom.com/wiki/Frost_Slayer,Untradeable,,tributes,Gift Hunt 2026,2026-09-19T00:07:34Z
515,Moonless Sky,Katana,,Weapon,Tribute,75,10500,21000,,,FALSE,40%,,,Drop,https://static.wikia.nocookie.net/swordburst2/images/0/03/Moonless_Sky.png/revision/latest,https://swordburst2.fandom.com/wiki/Moonless_Sky,3k-3.5k,3k-3.5k,tributes,Floor 8,2026-09-19T00:07:34Z
516,Blade Of The Canopy,Katana,,Weapon,Tribute,80,Level Based +16 per level,,,,FALSE,35%,,,Drop,https://static.wikia.nocookie.net/swordburst2/images/5/5d/Blade_Of_The_Canopy.png/revision/latest,https://swordburst2.fandom.com/wiki/Blade_Of_The_Canopy,,,,,2026-09-19T00:07:34Z
517,Azure Starlight,Katana,,Weapon,Tribute,175,3500,7000,,,FALSE,45%,,,Multiple Drops,https://static.wikia.nocookie.net/swordburst2/images/c/cb/Azure_Starlight.png/revision/latest,https://swordburst2.fandom.com/wiki/Azure_Starlight,5,4,tributes,Floor 8,2026-09-19T00:07:34Z
518,Saishuen,Katana,,Weapon,Tribute,200,4375,8750,,,FALSE,45%,,,Multiple Drops,https://static.wikia.nocookie.net/swordburst2/images/b/b6/SaishuenI.png/revision/latest,https://swordburst2.fandom.com/wiki/Saishuen,6,5,tributes,Floor 9,2026-09-19T00:07:34Z
519,Shirokuro,Katana,,Weapon,Tribute,300,14500,29000,,,FALSE,30%,,,Drop,https://static.wikia.nocookie.net/swordburst2/images/5/5a/Shirokuro.png/revision/latest,https://swordburst2.fandom.com/wiki/Shirokuro,1,0.2 - 0.5,tributes,Floor 6 / Undershroud,2026-09-19T00:07:34Z
520,Yokai Rephaser,Katana,,Weapon,Tribute,400,25000,50000,,,FALSE,35%,,,75M,https://static.wikia.nocookie.net/swordburst2/images/f/fc/Yokai_Rephaser.png/revision/latest,https://swordburst2.fandom.com/wiki/Yokai_Rephaser,5,5,tributes,Third Edition,2026-09-19T00:07:34Z
521,Dimensional Core,Katana,,Weapon,Tribute,400,30000,60000,,,FALSE,35%,,,195M,https://static.wikia.nocookie.net/swordburst2/images/a/a5/Dimensional_Core.png/revision/latest,https://swordburst2.fandom.com/wiki/Dimensional_Core,10,8,tributes,Sixth Edition,2026-09-19T00:07:34Z
522,Crimson Blaze,Katana,,Weapon,Tribute,400,28700,57400,,,FALSE,42%,,,250M,https://static.wikia.nocookie.net/swordburst2/images/0/09/Crimson_Blaze.png/revision/latest,https://swordburst2.fandom.com/wiki/Crimson_Blaze,25,20,tributes,Winter Edition,2026-09-19T00:07:34Z
523,Silent Grace,Katana,,Weapon,Tribute,405,32000,64000,,,FALSE,25%,,,200M,https://static.wikia.nocookie.net/swordburst2/images/8/81/Silent_Grace.png/revision/latest,https://swordburst2.fandom.com/wiki/Silent_Grace,18-20,18-20,tributes,Twelfth Edition,2026-09-19T00:07:34Z
524,Interstellar Snowflake Katana,Katana,,Weapon,Tribute,405,32000,64000,,,FALSE,40%,,,125M,https://static.wikia.nocookie.net/swordburst2/images/d/d0/Interstellar_Snowflake_Katana.png/revision/latest,https://swordburst2.fandom.com/wiki/Interstellar_Snowflake_Katana,35,30,tributes,Eighth Edition,2026-09-19T00:07:34Z
525,Twilight's Dawn,Katana,,Weapon,Tribute,410,33250,66500,,,FALSE,27%,,,350M,https://static.wikia.nocookie.net/swordburst2/images/3/3b/Twilight%27s_Dawn.png/revision/latest,https://swordburst2.fandom.com/wiki/Twilight%27s_Dawn,25,15-20,tributes,Thirteenth Edition,2026-09-19T00:07:34Z
526,Amethyst Demon Blade,Katana,,Weapon,Tribute,420,35000,70000,,,FALSE,40%,,,520M,https://static.wikia.nocookie.net/swordburst2/images/8/82/Amethyst_Demon_Blade.png/revision/latest,https://swordburst2.fandom.com/wiki/Amethyst_Demon_Blade,10,10,tributes,Tenth Edition,2026-09-19T00:07:34Z
527,Fallen Water,Katana,,Weapon,Tribute,450,40000,80000,,,FALSE,45%,,,Drop,https://static.wikia.nocookie.net/swordburst2/images/7/76/Fallen_Water.png/revision/latest,https://swordburst2.fandom.com/wiki/Fallen_Water,70,40-45,tributes,- ROTATIONAL FLOOR TRIBUTES -,2026-09-19T00:07:34Z
528,Primordial Imprisonment,Katana,,Weapon,Tribute,450,+230/level,,,,FALSE,55%,,,Forge,https://static.wikia.nocookie.net/swordburst2/images/3/3c/Primordial_Imprisonment.png/revision/latest,https://swordburst2.fandom.com/wiki/Primordial_Imprisonment,Untradeable,,tributes,Egg Realm (2026),2026-09-19T00:07:34Z
529,Steel Rapier,Rapier,,Weapon,Common,1,5,7,,,TRUE,11%,,,100,https://static.wikia.nocookie.net/swordburst2/images/f/f7/Steel_Rapier.png/revision/latest,https://swordburst2.fandom.com/wiki/Steel_Rapier,,,,,2026-09-19T00:07:34Z
530,Metallic Rapier,Rapier,,Weapon,Common,3,8,11,,,TRUE,11%,,,Drop,https://static.wikia.nocookie.net/swordburst2/images/8/8b/Metallic_Rapier.png/revision/latest,https://swordburst2.fandom.com/wiki/Metallic_Rapier,,,,,2026-09-19T00:07:34Z
531,Bone Picker,Rapier,,Weapon,Common,5,9,12,,,TRUE,11%,,,225,https://static.wikia.nocookie.net/swordburst2/images/d/d8/Bone_Picker.png/revision/latest,https://swordburst2.fandom.com/wiki/Bone_Picker,,,,,2026-09-19T00:07:34Z
532,Ruined Rapier,Rapier,,Weapon,Common,7,15,21,,,TRUE,11%,,,Drop,https://static.wikia.nocookie.net/swordburst2/images/b/b8/Ruined_Rapier.png/revision/latest,https://swordburst2.fandom.com/wiki/Ruined_Rapier,,,,,2026-09-19T00:07:34Z
533,Rosemary,Rapier,,Weapon,Common,9,19,26,,,TRUE,11%,,,450,https://static.wikia.nocookie.net/swordburst2/images/7/76/Rosemary.png/revision/latest,https://swordburst2.fandom.com/wiki/Rosemary,,,,,2026-09-19T00:07:34Z
534,Rusty Rapier,Rapier,,Weapon,Common,10,21,29,,,TRUE,11%,,,Drop,https://static.wikia.nocookie.net/swordburst2/images/d/d8/Rusty_Rapier.png/revision/latest,https://swordburst2.fandom.com/wiki/Rusty_Rapier,,,,,2026-09-19T00:07:34Z
535,Journey's Beginning,Rapier,,Weapon,Common,10,100,,,,TRUE,0%,,,Gift,https://static.wikia.nocookie.net/swordburst2/images/0/0a/Journey%27s_Beginning_Icon.png/revision/latest,https://swordburst2.fandom.com/wiki/Journey%27s_Beginning,,4-5,misc,Gift Items,2026-09-19T00:07:34Z
536,Amber Sting,Rapier,,Weapon,Rare,10,Level Based +5 per level,,,,TRUE,10%,,,Drop,https://static.wikia.nocookie.net/swordburst2/images/c/ca/Amber_Sting.png/revision/latest,https://swordburst2.fandom.com/wiki/Amber_Sting,,,,,2026-09-19T00:07:34Z
537,Darkheart,Rapier,,Weapon,Common,12,25,35,,,TRUE,11%,,,Drop,https://static.wikia.nocookie.net/swordburst2/images/4/4b/Darkheart.png/revision/latest,https://swordburst2.fandom.com/wiki/Darkheart,,,,,2026-09-19T00:07:34Z
538,Lumiere,Rapier,,Weapon,Rare,15,66,105,,,TRUE,11%,,,Drop,https://static.wikia.nocookie.net/swordburst2/images/1/19/Lumiere.png/revision/latest,https://swordburst2.fandom.com/wiki/Lumiere,,,,,2026-09-19T00:07:34Z
539,Crimson Rapier,Rapier,,Weapon,Common,15,38,53,,,TRUE,11%,,,"1,250",https://static.wikia.nocookie.net/swordburst2/images/3/3e/Crimson_Rapier.png/revision/latest,https://swordburst2.fandom.com/wiki/Crimson_Rapier,,,,,2026-09-19T00:07:34Z
540,Crimson Havoc,Rapier,,Weapon,Common,15,31,43,,,TRUE,5%,,,"1,000",https://static.wikia.nocookie.net/swordburst2/images/8/8d/Crimson_Havoc.png/revision/latest,https://swordburst2.fandom.com/wiki/Crimson_Havoc,1.2 - 2,1.2 - 2,misc,Fourth Edition,2026-09-19T00:07:34Z
541,Pearl Enguarde,Rapier,,Weapon,Common,18,57,79,,,TRUE,11%,,,Drop,https://static.wikia.nocookie.net/swordburst2/images/b/b1/Pearl_Enguarde.png/revision/latest,https://swordburst2.fandom.com/wiki/Pearl_Enguarde,,,,,2026-09-19T00:07:34Z
542,Glided Thorn,Rapier,,Weapon,Common,20,99,138,,,TRUE,5%,,,"5,000",https://static.wikia.nocookie.net/swordburst2/images/e/e3/Glided_Thorn.png/revision/latest,https://swordburst2.fandom.com/wiki/Glided_Thorn,2-3,2-3,misc,Fourth Edition,2026-09-19T00:07:34Z
543,Obsidian,Rapier,,Weapon,Common,21,76,106,,,TRUE,11%,,,"2,250",https://static.wikia.nocookie.net/swordburst2/images/2/23/Obsidian.png/revision/latest,https://swordburst2.fandom.com/wiki/Obsidian,,,,,2026-09-19T00:07:34Z
544,Sawhook Blade,Rapier,,Weapon,Common,21,152,212,,,TRUE,11%,,,"3,750",https://static.wikia.nocookie.net/swordburst2/images/0/0f/Sawhook_Blade.png/revision/latest,https://swordburst2.fandom.com/wiki/Sawhook_Blade,,,,,2026-09-19T00:07:34Z
545,Eclipse,Rapier,,Weapon,Common,24,95,133,,,TRUE,11%,,,Drop,https://static.wikia.nocookie.net/swordburst2/images/c/c5/Eclipse.png/revision/latest,https://swordburst2.fandom.com/wiki/Eclipse,,,,,2026-09-19T00:07:34Z
546,Skeletal Skewer,Rapier,,Weapon,Rare,24,145,232,,,TRUE,11%,,,Drop,https://static.wikia.nocookie.net/swordburst2/images/0/02/Skeletal_Skewer.png/revision/latest,https://swordburst2.fandom.com/wiki/Skeletal_Skewer,,,,,2026-09-19T00:07:34Z
547,Frozen Edge,Rapier,,Weapon,Common,27,238,333,,,TRUE,11%,,,Drop,https://static.wikia.nocookie.net/swordburst2/images/7/70/FrozenRapier.png/revision/latest,https://swordburst2.fandom.com/wiki/Frozen_Edge,,,,,2026-09-19T00:07:34Z
548,Crystal Espada,Rapier,,Weapon,Common,29,136,190,,,TRUE,11%,,,Drop,https://static.wikia.nocookie.net/swordburst2/images/1/1c/Crystal_Espada.png/revision/latest,https://swordburst2.fandom.com/wiki/Crystal_Espada,,,,,2026-09-19T00:07:34Z
549,Holiday Serpent's Crescent,Rapier,,Weapon,Rare,30,490,,,,TRUE,12%,,,Drop,https://static.wikia.nocookie.net/swordburst2/images/e/e2/Holiday_Serpent%27s_Crescent.png/revision/latest,https://swordburst2.fandom.com/wiki/Holiday_Serpent%27s_Crescent,1,,misc,Winter Event,2026-09-19T00:07:34Z
550,Frio,Rapier,,Weapon,Common,32,181,253,,,TRUE,11%,,,Drop,https://static.wikia.nocookie.net/swordburst2/images/3/33/Frio.png/revision/latest,https://swordburst2.fandom.com/wiki/Frio,,,,,2026-09-19T00:07:34Z
551,Lazarus,Rapier,,Weapon,Rare,35,210,336,,,TRUE,11%,,,Drop,https://static.wikia.nocookie.net/swordburst2/images/4/46/Lazarus.png/revision/latest,https://swordburst2.fandom.com/wiki/Lazarus,,,,,2026-09-19T00:07:34Z
552,Rose Gold,Rapier,,Weapon,Common,35,185,259,,,TRUE,20%,,,"40,000",https://static.wikia.nocookie.net/swordburst2/images/8/81/Rose_Gold.png/revision/latest,https://swordburst2.fandom.com/wiki/Rose_Gold,0.5-1,0.5-1,misc,Third Edition,2026-09-19T00:07:34Z
553,Peacekeeper,Rapier,,Weapon,Common,36,225,315,,,TRUE,11%,,,"9,000",https://static.wikia.nocookie.net/swordburst2/images/6/64/Peacekeeper.png/revision/latest,https://swordburst2.fandom.com/wiki/Peacekeeper,,,,,2026-09-19T00:07:34Z
554,Elfie Rapier,Rapier,,Weapon,Common,38,260,364,,,TRUE,11%,,,Drop,https://static.wikia.nocookie.net/swordburst2/images/4/4a/Elfie_Rapier.png/revision/latest,https://swordburst2.fandom.com/wiki/Elfie_Rapier,,,,,2026-09-19T00:07:34Z
555,Frenzy,Rapier,,Weapon,Common,40,290,406,,,TRUE,11%,,,Drop,https://static.wikia.nocookie.net/swordburst2/images/f/f1/Frenzy.png/revision/latest,https://swordburst2.fandom.com/wiki/Frenzy,,,,,2026-09-19T00:07:34Z
556,Salvaje,Rapier,,Weapon,Rare,40,315,504,,,TRUE,11%,,,Drop,https://static.wikia.nocookie.net/swordburst2/images/d/db/Salvaje.png/revision/latest,https://swordburst2.fandom.com/wiki/Salvaje,,,,,2026-09-19T00:07:34Z
557,Volio,Rapier,,Weapon,Common,40,370,518,,,TRUE,20%,,,"15,000",https://static.wikia.nocookie.net/swordburst2/images/e/e5/Volio.png/revision/latest,https://swordburst2.fandom.com/wiki/Volio,1-2,1-2,misc,Second Edition,2026-09-19T00:07:34Z
558,Bloodstained,Rapier,,Weapon,Common,40,320,448,,,TRUE,4%,,,"50,000",https://static.wikia.nocookie.net/swordburst2/images/2/2d/Bloodstained.png/revision/latest,https://swordburst2.fandom.com/wiki/Bloodstained,1,1,misc,Nineth Edition,2026-09-19T00:07:34Z
559,Floral Haze,Rapier,,Weapon,Rare,40,+13/level,,,,FALSE,6%,,,Drop,https://static.wikia.nocookie.net/swordburst2/images/a/a6/Floral_Haze.png/revision/latest,https://swordburst2.fandom.com/wiki/Floral_Haze,0.2 - 0.5,,misc,Easter Event,2026-09-19T00:07:34Z
560,Frostfang Rapier,Rapier,,Weapon,Common,60,591,827,,,TRUE,8%,,,"80,000",https://static.wikia.nocookie.net/swordburst2/images/1/1f/Frostfang_Rapier.png/revision/latest,https://swordburst2.fandom.com/wiki/Frostfang_Rapier,1-2,1-2,misc,Seventh Edition,2026-09-19T00:07:34Z
561,Desert Needle,Rapier,,Weapon,Common,43,324,453,,,TRUE,11%,,,"18,000",https://static.wikia.nocookie.net/swordburst2/images/d/d6/Desert_Needle.png/revision/latest,https://swordburst2.fandom.com/wiki/Desert_Needle,,,,,2026-09-19T00:07:34Z
562,Sandstone Rapier,Rapier,,Weapon,Common,46,362,506,,,TRUE,11%,,,Drop,https://static.wikia.nocookie.net/swordburst2/images/e/ef/Sandstone_Rapier.png/revision/latest,https://swordburst2.fandom.com/wiki/Sandstone_Rapier,,,,,2026-09-19T00:07:34Z
563,Ruby Pillar,Rapier,,Weapon,Common,48,389,544,,,TRUE,11%,,,Drop,https://static.wikia.nocookie.net/swordburst2/images/a/a6/Ruby_Pillar.png/revision/latest,https://swordburst2.fandom.com/wiki/Ruby_Pillar,,,,,2026-09-19T00:07:34Z
564,Heremus,Rapier,,Weapon,Common,48,389,544,,,TRUE,11%,,,Drop,https://static.wikia.nocookie.net/swordburst2/images/f/f8/Heremus.png/revision/latest,https://swordburst2.fandom.com/wiki/Heremus,,,,,2026-09-19T00:07:34Z
565,Lustrous Rapier,Rapier,,Weapon,Common,52,445,623,,,TRUE,11%,,,"23,750",https://static.wikia.nocookie.net/swordburst2/images/3/3f/Lustrous_Rapier.png/revision/latest,https://swordburst2.fandom.com/wiki/Lustrous_Rapier,,,,,2026-09-19T00:07:34Z
566,Piercing Light,Rapier,,Weapon,Common,55,524,733,,,TRUE,11%,,,"30,000",https://static.wikia.nocookie.net/swordburst2/images/2/2d/Piercing_Light.png/revision/latest,https://swordburst2.fandom.com/wiki/Piercing_Light,,,,,2026-09-19T00:07:34Z
567,Bloodshard,Rapier,,Weapon,Rare,55,555,888,,,TRUE,11%,,,Drop,https://static.wikia.nocookie.net/swordburst2/images/f/f2/Bloodshard.png/revision/latest,https://swordburst2.fandom.com/wiki/Bloodshard,1-2,0.5 - 1,misc,Easter Event,2026-09-19T00:07:34Z
568,Vitreous,Rapier,,Weapon,Common,59,584,817,,,TRUE,11%,,,Drop,https://static.wikia.nocookie.net/swordburst2/images/7/7c/Vitreous.png/revision/latest,https://swordburst2.fandom.com/wiki/Vitreous,,,,,2026-09-19T00:07:34Z
569,Blazeguard,Rapier,,Weapon,Common,62,617,863,,,TRUE,11%,,,Drop,https://static.wikia.nocookie.net/swordburst2/images/6/67/Blazeguard.png/revision/latest,https://swordburst2.fandom.com/wiki/Blazeguard,,,,,2026-09-19T00:07:34Z
570,Venom Etcher,Rapier,,Weapon,Rare,65,652,1043,,,TRUE,11%,,,Drop,https://static.wikia.nocookie.net/swordburst2/images/4/42/Venom_Etcher.png/revision/latest,https://swordburst2.fandom.com/wiki/Venom_Etcher,,,,,2026-09-19T00:07:34Z
571,Powered Icicle,Rapier,,Weapon,Legendary,65,1043,,,,TRUE,11%,,,Drop,https://static.wikia.nocookie.net/swordburst2/images/4/42/Powered_Icicle.png/revision/latest,https://swordburst2.fandom.com/wiki/Powered_Icicle,1,,clean_legendaries,Easter Realm (2023),2026-09-19T00:07:34Z
572,Cellebore,Rapier,,Weapon,Common,67,677,947,,,TRUE,11%,,,"42,500",https://static.wikia.nocookie.net/swordburst2/images/9/95/Cellebore.png/revision/latest,https://swordburst2.fandom.com/wiki/Cellebore,,,,,2026-09-19T00:07:34Z
573,Esperanza,Rapier,,Weapon,Common,70,715,1001,,,TRUE,11%,,,Drop,https://static.wikia.nocookie.net/swordburst2/images/7/75/Esperanza.png/revision/latest,https://swordburst2.fandom.com/wiki/Esperanza,,,,,2026-09-19T00:07:34Z
574,Radiance,Rapier,,Weapon,Rare,72,779,1246,,,TRUE,11%,,,Drop,https://static.wikia.nocookie.net/swordburst2/images/7/71/Radiance.png/revision/latest,https://swordburst2.fandom.com/wiki/Radiance,,,,,2026-09-19T00:07:34Z
575,Conqueror,Rapier,,Weapon,Rare,75,824,1318,,,TRUE,11%,,,Drop,https://static.wikia.nocookie.net/swordburst2/images/b/bb/Conqueror.png/revision/latest,https://swordburst2.fandom.com/wiki/Conqueror,,,,,2026-09-19T00:07:34Z
576,Rosa Expanse,Rapier,,Weapon,Legendary,75,902,1804,,,TRUE,11%,,,Drop,https://static.wikia.nocookie.net/swordburst2/images/c/cf/Rosa_Expanse_Revamp.png/revision/latest,https://swordburst2.fandom.com/wiki/Rosa_Expanse,0.5,0.5,clean_legendaries,Floor 8,2026-09-19T00:07:34Z
577,Crystal Cleaver,Rapier,,Weapon,Rare,75,1350,,,,TRUE,12%,,,Drop,https://static.wikia.nocookie.net/swordburst2/images/1/18/Crystal_Cleaver.png/revision/latest,https://swordburst2.fandom.com/wiki/Crystal_Cleaver,1,,misc,Winter Event,2026-09-19T00:07:34Z
578,Limbo,Rapier,,Weapon,Common,78,864,1209,,,TRUE,11%,,,Drop,https://static.wikia.nocookie.net/swordburst2/images/b/bc/Limbo.png/revision/latest,https://swordburst2.fandom.com/wiki/Limbo,,,,,2026-09-19T00:07:34Z
579,Shatterthorn,Rapier,,Weapon,Rare,80,938,1500,,,TRUE,11%,,,Drop,https://static.wikia.nocookie.net/swordburst2/images/1/12/Shatterthorn.png/revision/latest,https://swordburst2.fandom.com/wiki/Shatterthorn,,,,,2026-09-19T00:07:34Z
580,Ravenmourne,Rapier,,Weapon,Rare,82,999,1598,,,TRUE,11%,,,Drop,https://static.wikia.nocookie.net/swordburst2/images/2/2d/Ravenmourne.png/revision/latest,https://swordburst2.fandom.com/wiki/Ravenmourne,,,,,2026-09-19T00:07:34Z
581,Magma Infuser,Rapier,,Weapon,Legendary,85,1086,2172,,,TRUE,11%,,,Drop,https://static.wikia.nocookie.net/swordburst2/images/6/6b/Magma_Infuser.png/revision/latest,https://swordburst2.fandom.com/wiki/Magma_Infuser,0.5,0.5,clean_legendaries,Floor 9,2026-09-19T00:07:34Z
582,Requiem,Rapier,,Weapon,Legendary,85,1086,2172,,,TRUE,11%,,,Drop,https://static.wikia.nocookie.net/swordburst2/images/9/91/Requiem.png/revision/latest,https://swordburst2.fandom.com/wiki/Requiem,0.5-1,1,clean_legendaries,Floor 9,2026-09-19T00:07:34Z
583,Fleshrender,Rapier,,Weapon,Common,92,1036,1450,,,TRUE,11%,,,Drop,https://static.wikia.nocookie.net/swordburst2/images/f/f3/Fleshrender.png/revision/latest,https://swordburst2.fandom.com/wiki/Fleshrender,,,,,2026-09-19T00:07:34Z
584,Lightbringer,Rapier,,Weapon,Rare,92,1112,1779,,,TRUE,11%,,,Drop,https://static.wikia.nocookie.net/swordburst2/images/c/c3/Lightbringer.png/revision/latest,https://swordburst2.fandom.com/wiki/Lightbringer,,,,,2026-09-19T00:07:34Z
585,Angel's Tears,Rapier,,Weapon,Rare,96,1188,1900,,,TRUE,11%,,,Drop,https://static.wikia.nocookie.net/swordburst2/images/c/c4/Angel%27s_Tears.png/revision/latest,https://swordburst2.fandom.com/wiki/Angel%27s_Tears,,,,,2026-09-19T00:07:34Z
586,Destiny's Song,Rapier,,Weapon,Legendary,100,1301,2602,,,TRUE,11%,,,Drop,https://static.wikia.nocookie.net/swordburst2/images/e/e3/Destiny%27s_Song.png/revision/latest,https://swordburst2.fandom.com/wiki/Destiny%27s_Song,0.5,0.5,clean_legendaries,Floor 10,2026-09-19T00:07:34Z
587,Aetherius,Rapier,,Weapon,Legendary,100,2602,,,,TRUE,11%,,,Drop,https://static.wikia.nocookie.net/swordburst2/images/3/34/Aetherius.png/revision/latest,https://swordburst2.fandom.com/wiki/Aetherius,0.5,,clean_legendaries,Easter Realm (2023),2026-09-19T00:07:34Z
588,Candy Cane Slasher,Rapier,,Weapon,Legendary,100,2602,,,,TRUE,11%,,,Drop,https://static.wikia.nocookie.net/swordburst2/images/4/4a/Candy_Cane_Slasher.png/revision/latest,https://swordburst2.fandom.com/wiki/Candy_Cane_Slasher,0.5,,clean_legendaries,Easter Realm (2023),2026-09-19T00:07:34Z
589,Sled Slayer,Rapier,,Weapon,Legendary,100,2602,,,,TRUE,11%,,,Gift,https://static.wikia.nocookie.net/swordburst2/images/1/15/Sled_Slayer.png/revision/latest,https://swordburst2.fandom.com/wiki/Sled_Slayer,1,,clean_legendaries,Gift of Snow,2026-09-19T00:07:34Z
590,Dreamweaver,Rapier,,Weapon,Legendary,100,1300,2600,,,TRUE,15%,,,7.5M,https://static.wikia.nocookie.net/swordburst2/images/7/72/Dreamweaver.png/revision/latest,https://swordburst2.fandom.com/wiki/Dreamweaver,6-7,5-6,clean_legendaries,Fifteenth Edition,2026-09-19T00:07:34Z
591,Mystic's Snowbound,Rapier,,Weapon,Rare,100,2800,,,,TRUE,11%,,,Drop,https://static.wikia.nocookie.net/swordburst2/images/b/bc/Mystic%27s_Snowbound.png/revision/latest,https://swordburst2.fandom.com/wiki/Mystic%27s_Snowbound,,,,,2026-09-19T00:07:34Z
592,Accel Alpha,Rapier,,Weapon,Common,110,1368,1915,,,TRUE,11%,,,Drop,https://static.wikia.nocookie.net/swordburst2/images/3/30/Accel_Alpha.png/revision/latest,https://swordburst2.fandom.com/wiki/Accel_Alpha,,,,,2026-09-19T00:07:34Z
593,Aphrodite's Sting,Rapier,,Weapon,Rare,100,Level Based +14 per level,,,,TRUE,10%,,,Drop,https://static.wikia.nocookie.net/swordburst2/images/f/f0/Aphrodite%27s_Sting.png/revision/latest,https://swordburst2.fandom.com/wiki/Aphrodite%27s_Sting,,,,,2026-09-19T00:07:34Z
594,Iridescent Breeze,Rapier,,Weapon,Legendary,100,1350,2700,,,TRUE,11%,,,Drop,https://static.wikia.nocookie.net/swordburst2/images/c/c1/Iridescent_Breeze.png/revision/latest,https://swordburst2.fandom.com/wiki/Iridescent_Breeze,2-3,1-2,clean_legendaries,Egg Realm (2025),2026-09-19T00:07:34Z
595,Accel Zulu,Rapier,,Weapon,Common,110,1368,1915,,,TRUE,11%,,,Drop,https://static.wikia.nocookie.net/swordburst2/images/3/33/Accel_Zulu.png/revision/latest,https://swordburst2.fandom.com/wiki/Accel_Zulu,,,,,2026-09-19T00:07:34Z
596,Energy Blade (Blue),Rapier,,Weapon,Common,120,1586,2220,,,TRUE,11%,,,Drop,https://static.wikia.nocookie.net/swordburst2/images/1/18/Energy_Blade_%28Blue%29.png/revision/latest,https://swordburst2.fandom.com/wiki/Energy_Blade_(Blue),,,,,2026-09-19T00:07:34Z
597,Shattered Hatred,Rapier,,Weapon,Legendary,120,1500,3000,,,TRUE,12%,,,10M,https://static.wikia.nocookie.net/swordburst2/images/b/b2/Shattered_Hatred.png/revision/latest,https://swordburst2.fandom.com/wiki/Shattered_Hatred,4-5,4,clean_legendaries,Fifteenth Edition,2026-09-19T00:07:34Z
598,OG Binary Encoder,Rapier,,Weapon,Legendary,130,7324,,,,TRUE,11%,,,Drop,https://static.wikia.nocookie.net/swordburst2/images/f/ff/OG_Binary.png/revision/latest,https://swordburst2.fandom.com/wiki/OG_Binary_Encoder,30-40,,clean_legendaries,Gift of OG,2026-09-19T00:07:34Z
599,Portalripper,Rapier,,Weapon,Rare,135,1,2916,,,TRUE,11%,,,Drop,https://static.wikia.nocookie.net/swordburst2/images/e/e3/Portalripper.png/revision/latest,https://swordburst2.fandom.com/wiki/Portalripper,,,,,2026-09-19T00:07:34Z
600,Endless Light,Rapier,,Weapon,Legendary,150,2168,4336,,,TRUE,11%,,,Drop,https://static.wikia.nocookie.net/swordburst2/images/d/d9/Endless_Light.png/revision/latest,https://swordburst2.fandom.com/wiki/Endless_Light,1,1,clean_legendaries,Floor 11,2026-09-19T00:07:34Z
601,Ancient Rapier,Rapier,,Weapon,Legendary,150,2250,4500,,,TRUE,15%,,,10M,https://static.wikia.nocookie.net/swordburst2/images/b/bf/Ancient_Rapier.png/revision/latest,https://swordburst2.fandom.com/wiki/Ancient_Rapier,6-7,4,clean_legendaries,Fifth Edition,2026-09-19T00:07:34Z
602,Singularity Needle,Rapier,,Weapon,Legendary,150,2972,5944,,,TRUE,15%,,,15M,https://static.wikia.nocookie.net/swordburst2/images/4/4c/Singularity_Needle.png/revision/latest,https://swordburst2.fandom.com/wiki/Singularity_Needle,8-10,6,clean_legendaries,Fifth Edition,2026-09-19T00:07:34Z
603,Ghoul Eye,Rapier,,Weapon,Legendary,150,2000,4000,,,TRUE,15%,,,6.5M,https://static.wikia.nocookie.net/swordburst2/images/3/31/Ghoul_Eye.png/revision/latest,https://swordburst2.fandom.com/wiki/Ghoul_Eye,0.1,0.1,clean_legendaries,Tenth Edition,2026-09-19T00:07:34Z
604,Primordial Oracle (Sealed),Rapier,,Weapon,Legendary,150,Varies,,,,TRUE,25%,,,Crafting,https://static.wikia.nocookie.net/swordburst2/images/3/38/Primordial_Oracle_%28Sealed%29.png/revision/latest,https://swordburst2.fandom.com/wiki/Primordial_Oracle_(Sealed),50+,,clean_legendaries,- MISCELLANEOUS -,2026-09-19T00:07:34Z
605,Y Striker,Rapier,,Weapon,Common,155,2300,3220,,,TRUE,11%,,,Drop,https://static.wikia.nocookie.net/swordburst2/images/2/20/Y_Striker.png/revision/latest,https://swordburst2.fandom.com/wiki/Y_Striker,,,,,2026-09-19T00:07:34Z
606,Nightfall,Rapier,,Weapon,Common,160,2440,3416,,,TRUE,11%,,,Drop,https://static.wikia.nocookie.net/swordburst2/images/9/90/Nightfall.png/revision/latest,https://swordburst2.fandom.com/wiki/Nightfall,2-3,2-3,misc,2-3 Hallow Merchant 2-3 Knight Claymore,2026-09-19T00:07:34Z
607,Hydrabane,Rapier,,Weapon,Legendary,160,+33/level,,,,FALSE,11%,,,Drop,https://static.wikia.nocookie.net/swordburst2/images/2/2d/Hydrabane.png/revision/latest,https://swordburst2.fandom.com/wiki/Hydrabane,1,1-2,clean_legendaries,Egg Realm (2025),2026-09-19T00:07:34Z
608,Crystalized Flower,Rapier,,Weapon,Rare,170,2850,4560,,,TRUE,15%,,,2M,https://static.wikia.nocookie.net/swordburst2/images/9/9d/Crystalized_Flower.png/revision/latest,https://swordburst2.fandom.com/wiki/Crystalized_Flower,,,,,2026-09-19T00:07:34Z
609,Akuma's Nightmare,Rapier,,Weapon,Legendary,175,2955,5910,,,TRUE,10%,,,13M,https://static.wikia.nocookie.net/swordburst2/images/c/cf/Akuma%27s_Nightmare.png/revision/latest,https://swordburst2.fandom.com/wiki/Akuma%27s_Nightmare,1-2,1,clean_legendaries,Fourth Edition,2026-09-19T00:07:34Z
610,Fangtooth,Rapier,,Weapon,Rare,180,3038,4860,,,TRUE,11%,,,Drop,https://static.wikia.nocookie.net/swordburst2/images/1/15/Fangtooth.png/revision/latest,https://swordburst2.fandom.com/wiki/Fangtooth,3-5,2-3,misc,2-3 Hallow Merchant 2-3 Knight Claymore,2026-09-19T00:07:34Z
611,Phantom Shard,Rapier,,Weapon,Rare,180,3038,4860,,,TRUE,11%,,,Drop,https://static.wikia.nocookie.net/swordburst2/images/a/ae/Phantom_Shard.png/revision/latest,https://swordburst2.fandom.com/wiki/Phantom_Shard,4-5,2-3,misc,2-3 Hallow Merchant 2-3 Knight Claymore,2026-09-19T00:07:34Z
612,Winter's Sting,Rapier,,Weapon,Rare,180,3051,4881,,,TRUE,8%,,,26M,https://static.wikia.nocookie.net/swordburst2/images/5/50/Winter%27s_Sting.png/revision/latest,https://swordburst2.fandom.com/wiki/Winter%27s_Sting,,,,,2026-09-19T00:07:34Z
613,Voidripper,Rapier,,Weapon,Rare,185,3194,5110,,,TRUE,11%,,,Drop,https://static.wikia.nocookie.net/swordburst2/images/6/65/Voidripper.png/revision/latest,https://swordburst2.fandom.com/wiki/Voidripper,,,,,2026-09-19T00:07:34Z
614,Death Gale,Rapier,,Weapon,Rare,200,Level Based +80 per level,,,,TRUE,5%,,,Drop,https://static.wikia.nocookie.net/swordburst2/images/f/f3/Death_Gale.png/revision/latest,https://swordburst2.fandom.com/wiki/Death_Gale,,,,,2026-09-19T00:07:34Z
615,Binary Encoder,Rapier,,Weapon,Legendary,200,3662,7324,,,TRUE,11%,,,Drop,https://static.wikia.nocookie.net/swordburst2/images/4/49/Binary_Encoder.png/revision/latest,https://swordburst2.fandom.com/wiki/Binary_Encoder,1,1,clean_legendaries,Floor 11,2026-09-19T00:07:34Z
616,Rosepoint,Rapier,,Weapon,Legendary,200,3662,7324,,,TRUE,11%,,,Drop,https://static.wikia.nocookie.net/swordburst2/images/6/61/Rosepoint.png/revision/latest,https://swordburst2.fandom.com/wiki/Rosepoint,2,2,clean_legendaries,Floor 11,2026-09-19T00:07:34Z
617,Titanium Sabre,Rapier,,Weapon,Common,200,3662,5126,,,TRUE,11%,,,Drop,https://static.wikia.nocookie.net/swordburst2/images/6/68/Titanium_Sabre.png/revision/latest,https://swordburst2.fandom.com/wiki/Titanium_Sabre,,,,,2026-09-19T00:07:34Z
618,Bat Wing,Rapier,,Weapon,Legendary,200,7324,,,,TRUE,11%,,,Drop,https://static.wikia.nocookie.net/swordburst2/images/3/35/Bat_Wing.png/revision/latest,https://swordburst2.fandom.com/wiki/Bat_Wing,1,1-2,clean_legendaries,Easter Realm (2023),2026-09-19T00:07:34Z
619,Jaws Of Hell,Rapier,,Weapon,Common,210,3989,5584,,,TRUE,11%,,,Drop,https://static.wikia.nocookie.net/swordburst2/images/5/58/Jaws_Of_Hell.png/revision/latest,https://swordburst2.fandom.com/wiki/Jaws_Of_Hell,,,,,2026-09-19T00:07:34Z
620,Felthorn,Rapier,,Weapon,Common,220,4375,6125,,,TRUE,11%,,,Drop,https://static.wikia.nocookie.net/swordburst2/images/b/b5/Felthorn.png/revision/latest,https://swordburst2.fandom.com/wiki/Felthorn,,,,,2026-09-19T00:07:34Z
621,Death Spike,Rapier,,Weapon,Legendary,225,4569,9138,,,TRUE,11%,,,Drop,https://static.wikia.nocookie.net/swordburst2/images/7/7d/Death_Spike.png/revision/latest,https://swordburst2.fandom.com/wiki/Death_Spike,3-4,1-2,clean_legendaries,30-40 Prismatic Apex 2 Floria's Gift,2026-09-19T00:07:34Z
622,Vampiric Curse,Rapier,,Weapon,Legendary,225,4569,9138,,,TRUE,11%,,,Drop,https://static.wikia.nocookie.net/swordburst2/images/f/ff/Vampiric_Curse.png/revision/latest,https://swordburst2.fandom.com/wiki/Vampiric_Curse,5,2-4,clean_legendaries,30-40 Prismatic Apex 2 Floria's Gift,2026-09-19T00:07:34Z
623,Throneguard,Rapier,,Weapon,Rare,230,4763,7620,,,TRUE,11%,,,Drop,https://static.wikia.nocookie.net/swordburst2/images/4/4c/Throneguard.png/revision/latest,https://swordburst2.fandom.com/wiki/Throneguard,,,,,2026-09-19T00:07:34Z
624,Voided Vengeance,Rapier,,Weapon,Rare,250,5600,8960,,,TRUE,15%,,,20M,https://static.wikia.nocookie.net/swordburst2/images/c/c0/Voided_Vengeance.png/revision/latest,https://swordburst2.fandom.com/wiki/Voided_Vengeance,,,,,2026-09-19T00:07:34Z
625,Sunset,Rapier,,Weapon,Rare,250,5556,8889,,,TRUE,11%,,,Drop,https://static.wikia.nocookie.net/swordburst2/images/4/47/Sunset.png/revision/latest,https://swordburst2.fandom.com/wiki/Sunset,,,,,2026-09-19T00:07:34Z
626,Renatus,Rapier,,Weapon,Rare,250,5556,8889,,,TRUE,11%,,,Drop,https://static.wikia.nocookie.net/swordburst2/images/b/ba/Renatus.png/revision/latest,https://swordburst2.fandom.com/wiki/Renatus,,,,,2026-09-19T00:07:34Z
627,Redemption,Rapier,,Weapon,Burst,250,5556,13890,,,FALSE,11%,,,Crafting,https://static.wikia.nocookie.net/swordburst2/images/1/1c/Redemption.png/revision/latest,https://swordburst2.fandom.com/wiki/Redemption,,,,,2026-09-19T00:07:34Z
628,Devil's Advocate,Rapier,,Weapon,Legendary,250,11112,,,,TRUE,11%,,,Drop,https://static.wikia.nocookie.net/swordburst2/images/d/dc/Devil%27s_Advocate.png/revision/latest,https://swordburst2.fandom.com/wiki/Devil%27s_Advocate,4-6,,clean_legendaries,Easter Realm (2023),2026-09-19T00:07:34Z
629,Cerulean Gilded Blade,Rapier,,Weapon,Legendary,250,11600,,,,TRUE,11%,,,Drop,https://static.wikia.nocookie.net/swordburst2/images/a/ae/Cerulean_Gilded_Blade.png/revision/latest,https://swordburst2.fandom.com/wiki/Cerulean_Gilded_Blade,1,,clean_legendaries,Easter Realm (2023),2026-09-19T00:07:34Z
630,Blossom's Guardian,Rapier,,Weapon,Legendary,250,5824,11648,,,TRUE,15%,,,10M,https://static.wikia.nocookie.net/swordburst2/images/2/2d/Blossom%27s_Guardian.png/revision/latest,https://swordburst2.fandom.com/wiki/Blossom%27s_Guardian,5,5,clean_legendaries,Third Edition,2026-09-19T00:07:34Z
631,Cerulean Rebellion,Rapier,,Weapon,Rare,250,5910,9456,,,TRUE,15%,,,6.5M,https://static.wikia.nocookie.net/swordburst2/images/d/d8/Cerulean_Rebellion.png/revision/latest,https://swordburst2.fandom.com/wiki/Cerulean_Rebellion,0.1 - 0.2,0.1 - 0.2,misc,Sixth Edition,2026-09-19T00:07:34Z
632,Wasp's Sting,Rapier,,Weapon,Legendary,250,5800,11600,,,TRUE,21%,,,40M,https://static.wikia.nocookie.net/swordburst2/images/c/c7/Wasp%27s_Sting.png/revision/latest,https://swordburst2.fandom.com/wiki/Wasp%27s_Sting,2-3,2,clean_legendaries,Eleventh Edition,2026-09-19T00:07:34Z
633,Frozen Borealis,Rapier,,Weapon,Legendary,250,7200,14400,,,TRUE,22%,,,105M,https://static.wikia.nocookie.net/swordburst2/images/0/0b/Frozen_Borealis.png/revision/latest,https://swordburst2.fandom.com/wiki/Frozen_Borealis,4-5,4-5,clean_legendaries,Fourteenth Edition,2026-09-19T00:07:34Z
634,Sky Needle,Rapier,,Weapon,Legendary,250,520,,,,TRUE,15%,,,Gift,https://static.wikia.nocookie.net/swordburst2/images/2/2b/Sky_Needle.png/revision/latest,https://swordburst2.fandom.com/wiki/Sky_Needle,,,,,2026-09-19T00:07:34Z
635,Ravoris,Rapier,,Weapon,Legendary,275,9052,18104,,,TRUE,11%,,,Drop,https://static.wikia.nocookie.net/swordburst2/images/7/76/Ravoris.png/revision/latest,https://swordburst2.fandom.com/wiki/Ravoris,1,1,clean_legendaries,Floor 12,2026-09-19T00:07:34Z
636,Nirvana,Rapier,,Weapon,Legendary,275,8650,17300,,,TRUE,18%,,,7M,https://static.wikia.nocookie.net/swordburst2/images/3/37/Nirvana.png/revision/latest,https://swordburst2.fandom.com/wiki/Nirvana,4-5,3-4,clean_legendaries,Fifteenth Edition,2026-09-19T00:07:34Z
637,Scarlet Mirage,Rapier,,Weapon,Common,275,5800,8120,,,TRUE,20%,,,Drop,https://static.wikia.nocookie.net/swordburst2/images/3/3a/Scarlet_Mirage.png/revision/latest,https://swordburst2.fandom.com/wiki/Scarlet_Mirage,,,,,2026-09-19T00:07:34Z
638,Falchion,Rapier,,Weapon,Legendary,285,9763,19526,,,TRUE,11%,,,Drops,https://static.wikia.nocookie.net/swordburst2/images/9/94/Falchion.png/revision/latest,https://swordburst2.fandom.com/wiki/Falchion,1,1,clean_legendaries,Floor 12,2026-09-19T00:07:34Z
639,Perception,Rapier,,Weapon,Legendary,285,9763,19526,,,TRUE,11%,,,Drop,https://static.wikia.nocookie.net/swordburst2/images/f/f6/Perception.png/revision/latest,https://swordburst2.fandom.com/wiki/Perception,0.5,0.5,clean_legendaries,Floor 12,2026-09-19T00:07:34Z
640,Memories From The Future,Rapier,,Weapon,Legendary,285,20350,,,,TRUE,11%,,,Drop,https://static.wikia.nocookie.net/swordburst2/images/f/ff/Memories_From_The_Future.png/revision/latest,https://swordburst2.fandom.com/wiki/Memories_From_The_Future,1,,clean_legendaries,Easter Realm (2023),2026-09-19T00:07:34Z
641,Aurora Pyreblade,Rapier,,Weapon,Legendary,290,22750,,,,TRUE,11%,,,Drop,https://static.wikia.nocookie.net/swordburst2/images/e/e8/Aurora_Pyreblade.png/revision/latest,https://swordburst2.fandom.com/wiki/Aurora_Pyreblade,1-2,,clean_legendaries,Easter Realm (2023),2026-09-19T00:07:34Z
642,Lightbane,Rapier,,Weapon,Common,300,6725,9415,,,TRUE,11%,,,Drop,https://static.wikia.nocookie.net/swordburst2/images/d/dc/Lightbane.png/revision/latest,https://swordburst2.fandom.com/wiki/Lightbane,,,,,2026-09-19T00:07:34Z
643,Night's Current,Rapier,,Weapon,Legendary,300,11525,23050,,,TRUE,20%,,,150M,https://static.wikia.nocookie.net/swordburst2/images/c/c4/Night%27s_Current.png/revision/latest,https://swordburst2.fandom.com/wiki/Night%27s_Current,7-8,6,clean_legendaries,Eleventh Edition,2026-09-19T00:07:34Z
644,Ancient Storm,Rapier,,Weapon,Burst,300,9958,24895,,,FALSE,11%,,,Crafting,https://static.wikia.nocookie.net/swordburst2/images/f/f1/Ancient_Storm%28updated%29.png/revision/latest,https://swordburst2.fandom.com/wiki/Ancient_Storm,,,,,2026-09-19T00:07:34Z
645,Needolin,Rapier,,Weapon,Legendary,300,11490,22980,,,TRUE,20%,,,50M,https://static.wikia.nocookie.net/swordburst2/images/f/f2/Needolin.png/revision/latest,https://swordburst2.fandom.com/wiki/Needolin,3-4,3-4,clean_legendaries,Thirteenth Edition,2026-09-19T00:07:34Z
646,Shiver,Rapier,,Weapon,Common,325,10640,14896,,,TRUE,11%,,,Drop,https://static.wikia.nocookie.net/swordburst2/images/7/70/Shiver.png/revision/latest,https://swordburst2.fandom.com/wiki/Shiver,,,,,2026-09-19T00:07:34Z
647,Meal Cutter,Rapier,,Weapon,Common,325,7617,10663,,,TRUE,11%,,,Drop,https://static.wikia.nocookie.net/swordburst2/images/0/05/Meal_Cutter.png/revision/latest,https://swordburst2.fandom.com/wiki/Meal_Cutter,,,,,2026-09-19T00:07:34Z
648,Chef's Tool,Rapier,,Weapon,Common,325,10640,14896,,,TRUE,11%,,,Drop,https://static.wikia.nocookie.net/swordburst2/images/2/2c/Chef%27s_Tool.png/revision/latest,https://swordburst2.fandom.com/wiki/Chef%27s_Tool,,,,,2026-09-19T00:07:34Z
649,Laevateinn,Rapier,,Weapon,Legendary,325,15621,31242,,,TRUE,11%,,,Drop,https://static.wikia.nocookie.net/swordburst2/images/7/77/Laevateinn.png/revision/latest,https://swordburst2.fandom.com/wiki/Laevateinn,0.3-0.5,0.3-0.5,clean_legendaries,Atheon's Realm,2026-09-19T00:07:34Z
650,Overdrill,Rapier,,Weapon,Legendary,340,15800,31600,,,TRUE,21%,,,200M,https://static.wikia.nocookie.net/swordburst2/images/8/86/Overdrill.png/revision/latest,https://swordburst2.fandom.com/wiki/Overdrill,10-12,8,clean_legendaries,Eleventh Edition,2026-09-19T00:07:34Z
651,Brownthorn,Rapier,,Weapon,Rare,350,11915,19064,,,TRUE,11%,,,Drop,https://static.wikia.nocookie.net/swordburst2/images/f/f7/Brownthorn.png/revision/latest,https://swordburst2.fandom.com/wiki/Brownthorn,,,,,2026-09-19T00:07:34Z
652,Blossom Piercer,Rapier,,Weapon,Rare,350,11915,19064,,,TRUE,11%,,,Drop,https://static.wikia.nocookie.net/swordburst2/images/d/d4/Blossom_Piercer.png/revision/latest,https://swordburst2.fandom.com/wiki/Blossom_Piercer,,,,,2026-09-19T00:07:34Z
653,The Pastry Punisher,Rapier,,Weapon,Rare,350,11915,19064,,,TRUE,11%,,,Drop,https://static.wikia.nocookie.net/swordburst2/images/6/66/The_Pastry_Punisher.png/revision/latest,https://swordburst2.fandom.com/wiki/The_Pastry_Punisher,,,,,2026-09-19T00:07:34Z
654,Ordinance,Rapier,,Weapon,Burst,350,20245,50612,,,FALSE,24%,,,Crafting,https://static.wikia.nocookie.net/swordburst2/images/a/a5/Ordinance.png/revision/latest,https://swordburst2.fandom.com/wiki/Ordinance,,,,,2026-09-19T00:07:34Z
655,Heavenly Gale,Rapier,,Weapon,Legendary,375,23000,46000,,,TRUE,21%,,,300M,https://static.wikia.nocookie.net/swordburst2/images/2/27/Heavenly_Gale.png/revision/latest,https://swordburst2.fandom.com/wiki/Heavenly_Gale,75,70,clean_legendaries,Eleventh Edition,2026-09-19T00:07:34Z
656,Tyrant Revolver,Rapier,,Weapon,Legendary,380,29000,58000,,,TRUE,40%,,,350M,https://static.wikia.nocookie.net/swordburst2/images/6/66/Tyrant_Revolver.png/revision/latest,https://swordburst2.fandom.com/wiki/Tyrant_Revolver,30-35,30-35,clean_legendaries,Fifteenth Edition,2026-09-19T00:07:34Z
657,Aquatic Burst,Rapier,,Weapon,Common,390,29812,41737,,,TRUE,11%,,,Drop,https://static.wikia.nocookie.net/swordburst2/images/4/4d/Aquatic_Burst.png/revision/latest,https://swordburst2.fandom.com/wiki/Aquatic_Burst,,,,,2026-09-19T00:07:34Z
658,Entangled Thorn,Rapier,,Weapon,Rare,400,22500,36000,,,TRUE,20%,,,6M,https://static.wikia.nocookie.net/swordburst2/images/8/8b/Entangled_Thorn.png/revision/latest,https://swordburst2.fandom.com/wiki/Entangled_Thorn,2,1-2,misc,Nineth Edition,2026-09-19T00:07:34Z
659,Ocean Blue,Rapier,,Weapon,Rare,400,30493,48788,,,TRUE,11%,,,Drop,https://static.wikia.nocookie.net/swordburst2/images/2/2f/Ocean_Blue.png/revision/latest,https://swordburst2.fandom.com/wiki/Ocean_Blue,,,,,2026-09-19T00:07:34Z
660,Coral Strike,Rapier,,Weapon,Rare,405,31215,49944,,,TRUE,11%,,,Drop,https://static.wikia.nocookie.net/swordburst2/images/b/b3/Coral_Strike.png/revision/latest,https://swordburst2.fandom.com/wiki/Coral_Strike,,,,,2026-09-19T00:07:34Z
661,Seraphic Gale,Rapier,,Weapon,Legendary,415,32000,64000,,,TRUE,38%,,,500M,https://static.wikia.nocookie.net/swordburst2/images/9/9f/Seraphic_Gale.png/revision/latest,https://swordburst2.fandom.com/wiki/Seraphic_Gale,50-55,50-55,clean_legendaries,Fifteenth Edition,2026-09-19T00:07:34Z
662,Azure Tide,Rapier,,Weapon,Legendary,435,34970,69940,,,TRUE,14%,,,Drop,https://static.wikia.nocookie.net/swordburst2/images/0/02/Azure_Tide.png/revision/latest,https://swordburst2.fandom.com/wiki/Azure_Tide,1,1,clean_legendaries,- Rotational Floors -,2026-09-19T00:07:34Z
663,Harvester,Rapier,,Weapon,Legendary,200,3662,7324,,,TRUE,11%,,,Drop,https://static.wikia.nocookie.net/swordburst2/images/b/b7/Harvester.png/revision/latest,https://swordburst2.fandom.com/wiki/Harvester,0.5,0.5,clean_legendaries,Floor 11,2026-09-19T00:07:34Z
664,Piercing Divine,Rapier,,Weapon,Legendary,375,22750,45500,,,TRUE,15%,,,80M,https://static.wikia.nocookie.net/swordburst2/images/6/61/Piercing_Divine.png/revision/latest,https://swordburst2.fandom.com/wiki/Piercing_Divine,8-10,6,clean_legendaries,Fifteenth Edition,2026-09-19T00:07:34Z
665,Nova Star,Rapier,,Weapon,Rare,170,2720,4352,,,TRUE,11%,,,Drop,https://static.wikia.nocookie.net/swordburst2/images/f/f3/Nova_Star.png/revision/latest,https://swordburst2.fandom.com/wiki/Nova_Star,,,,,2026-09-19T00:07:34Z
666,Star Brewed Tea,Rapier,,Weapon,Tribute,-1,Clean/Max: 0,,,,FALSE,(10¹⁰−1)%,,,Joining Vieny in-game on 30th July 2026,https://static.wikia.nocookie.net/swordburst2/images/0/05/Star_Brewed_Tea.png/revision/latest,https://swordburst2.fandom.com/wiki/Star_Brewed_Tea,,,,,2026-09-19T00:07:34Z
667,Twin Flash,Rapier,,Weapon,Tribute,1,Varies,,,,FALSE,15%,,,Gift,https://static.wikia.nocookie.net/swordburst2/images/b/b4/Twin_Flash.png/revision/latest,https://swordburst2.fandom.com/wiki/Twin_Flash,Untradeable,,tributes,Gift Hunt 2026,2026-09-19T00:07:34Z
668,Hero's Guardian (Weapon),Rapier,,Weapon,Tribute,1,1000,2000,,,FALSE,11%,,,Win BGM's Hero's Guardian event,https://static.wikia.nocookie.net/swordburst2/images/1/16/Hero%27s_Guardian.png/revision/latest,https://swordburst2.fandom.com/wiki/Hero%27s_Guardian_(Weapon),,,,,2026-09-19T00:07:34Z
669,Rainbow Rusty Rapier,Rapier,,Weapon,Tribute,10,42,84,,,FALSE,33%,,,Drop,https://static.wikia.nocookie.net/swordburst2/images/8/80/Rainbow_Rusty_Rapier.png/revision/latest,https://swordburst2.fandom.com/wiki/Rainbow_Rusty_Rapier,,,,,2026-09-19T00:07:34Z
670,Golden Sacred Piercer,Rapier,,Weapon,Tribute,250,6125,12250,,,FALSE,33%,,,Multiple Drops,https://static.wikia.nocookie.net/swordburst2/images/2/27/GoldenSacredPiercer.png/revision/latest,https://swordburst2.fandom.com/wiki/Golden_Sacred_Piercer,3-4,1-2,tributes,Floor 11,2026-09-19T00:07:34Z
671,Pink Sacred Piercer,Rapier,,Weapon,Tribute,250,6125,12250,,,FALSE,33%,,,Multiple Drops,https://static.wikia.nocookie.net/swordburst2/images/9/9d/PinkSacredPiercer.png/revision/latest,https://swordburst2.fandom.com/wiki/Pink_Sacred_Piercer,3-4,1-2,tributes,Floor 11,2026-09-19T00:07:34Z
672,Purple Sacred Piercer,Rapier,,Weapon,Tribute,250,6125,12250,,,FALSE,33%,,,Multiple Drops,https://static.wikia.nocookie.net/swordburst2/images/4/46/PurpleSacredPiercer.png/revision/latest,https://swordburst2.fandom.com/wiki/Purple_Sacred_Piercer,3-4,1-2,tributes,Floor 11,2026-09-19T00:07:34Z
673,Heartpierced Rose,Rapier,,Weapon,Tribute,300,+88/level,,,,FALSE,33%,,,Drop,https://static.wikia.nocookie.net/swordburst2/images/b/b9/Heartpierced_Rose.png/revision/latest,https://swordburst2.fandom.com/wiki/Heartpierced_Rose,,,,,2026-09-19T00:07:34Z
674,Hailstorm,Rapier,,Weapon,Tribute,340,21000,42000,,,FALSE,30%,,,100M,https://static.wikia.nocookie.net/swordburst2/images/e/ea/Hailstorm.png/revision/latest,https://swordburst2.fandom.com/wiki/Hailstorm,30-35,25,tributes,Eighth Edition,2026-09-19T00:07:34Z
675,Dream Nail,Rapier,,Weapon,Tribute,405,31500,63000,,,FALSE,35%,,,350M,https://static.wikia.nocookie.net/swordburst2/images/8/87/Dream_Nail.png/revision/latest,https://swordburst2.fandom.com/wiki/Dream_Nail,30,25,tributes,Thirteenth Edition,2026-09-19T00:07:34Z
676,Crecent Silver,Rapier,,Weapon,Tribute,405,32000,64000,,,FALSE,40%,,,500M,https://static.wikia.nocookie.net/swordburst2/images/d/d7/Crecent_Silver.png/revision/latest,https://swordburst2.fandom.com/wiki/Crecent_Silver,35-40,30,tributes,Eleventh Edition,2026-09-19T00:07:34Z
677,Primordial Oracle,Rapier,,Weapon,Tribute,415,+170/level,,,,FALSE,50%,,,Crafting,https://static.wikia.nocookie.net/swordburst2/images/6/62/Primordial_Oracle.png/revision/latest,https://swordburst2.fandom.com/wiki/Primordial_Oracle,2k-2.5k+,,tributes,- EVENT FLOOR TRIBUTES -,2026-09-19T00:07:34Z
678,Permaspire,Rapier,,Weapon,Tribute,450,43250,86500,,,FALSE,50%,,,900M,https://static.wikia.nocookie.net/swordburst2/images/6/65/Permaspire.png/revision/latest,https://swordburst2.fandom.com/wiki/Permaspire,70,70,tributes,Fourteenth Edition,2026-09-19T00:07:34Z
679,Artist's Glory,Spear,,Weapon,Legendary,1,-500,,,,TRUE,10%,,,Event Winner,https://static.wikia.nocookie.net/swordburst2/images/4/4c/Artist%27s_Glory.png/revision/latest,https://swordburst2.fandom.com/wiki/Artist%27s_Glory,,,,,2026-09-19T00:07:34Z
680,Rusty Spear,Spear,,Weapon,Common,10,21,29,,,TRUE,21%,,,Drop,https://static.wikia.nocookie.net/swordburst2/images/b/bb/Rusty_Spear.png/revision/latest,https://swordburst2.fandom.com/wiki/Rusty_Spear,,,,,2026-09-19T00:07:34Z
681,Everlasting Vow,Spear,,Weapon,Common,10,Level Based +8 per level,,,,TRUE,10%,,,Drop,https://static.wikia.nocookie.net/swordburst2/images/a/a1/Everlasting_Vow.png/revision/latest,https://swordburst2.fandom.com/wiki/Everlasting_Vow,,,,,2026-09-19T00:07:34Z
682,Kobold Spear,Spear,,Weapon,Common,12,25,35,,,TRUE,21%,,,Multiple Drops,https://static.wikia.nocookie.net/swordburst2/images/3/3e/Kobold_Spear.png/revision/latest,https://swordburst2.fandom.com/wiki/Kobold_Spear,,,,,2026-09-19T00:07:34Z
683,Ancient Spear,Spear,,Weapon,Common,20,70,98,,,TRUE,21%,,,"2,000",https://static.wikia.nocookie.net/swordburst2/images/f/f3/Ancient_Spear.png/revision/latest,https://swordburst2.fandom.com/wiki/Ancient_Spear,,,,,2026-09-19T00:07:34Z
684,Solar Spire,Spear,,Weapon,Rare,20,Level Based +7 per level,,,,TRUE,12%,,,Drop,https://static.wikia.nocookie.net/swordburst2/images/e/ed/Solar_Spire.png/revision/latest,https://swordburst2.fandom.com/wiki/Solar_Spire,,,,,2026-09-19T00:07:34Z
685,Mingyun,Spear,,Weapon,Common,25,+6/level,,,,FALSE,5%,,,Drop,https://static.wikia.nocookie.net/swordburst2/images/5/5a/Mingyun.png/revision/latest,https://swordburst2.fandom.com/wiki/Mingyun,0.2 - 0.5,,misc,Easter Event,2026-09-19T00:07:34Z
686,Endeavor,Spear,,Weapon,Common,32,181,253,,,TRUE,21%,,,Drop,https://static.wikia.nocookie.net/swordburst2/images/a/a0/Endeavor.png/revision/latest,https://swordburst2.fandom.com/wiki/Endeavor,,,,,2026-09-19T00:07:34Z
687,Willow Spear,Spear,,Weapon,Rare,35,348,556,,,TRUE,6%,,,"15,000",https://static.wikia.nocookie.net/swordburst2/images/9/97/Willow_Spear.png/revision/latest,https://swordburst2.fandom.com/wiki/Willow_Spear,1,1,misc,Fourth Edition,2026-09-19T00:07:34Z
688,Blossem TwinBlade,Spear,,Weapon,Rare,40,425,680,,,TRUE,27%,,,"250,000",https://static.wikia.nocookie.net/swordburst2/images/2/25/Blossem_TwinBlade.png/revision/latest,https://swordburst2.fandom.com/wiki/Blossem_TwinBlade,1-2,1-2,misc,Third Edition,2026-09-19T00:07:34Z
689,Coleak Operate,Spear,,Weapon,Common,40,324,453,,,TRUE,5%,,,"30,000",https://static.wikia.nocookie.net/swordburst2/images/2/2d/Coleak_Operate.png/revision/latest,https://swordburst2.fandom.com/wiki/Coleak_Operate,2,2,misc,Eighth Edition,2026-09-19T00:07:34Z
690,Frostbite Javelin,Spear,,Weapon,Common,40,415,,,,TRUE,21%,,,Drop,https://static.wikia.nocookie.net/swordburst2/images/8/8a/Frostbite_Javelin.png/revision/latest,https://swordburst2.fandom.com/wiki/Frostbite_Javelin,2-4,,misc,Winter Event,2026-09-19T00:07:34Z
691,Jungle's Grace,Spear,,Weapon,Legendary,40,Level Based +8 per level,,,,TRUE,20%,,,Drop,https://static.wikia.nocookie.net/swordburst2/images/7/78/Jungle%27s_Grace.png/revision/latest,https://swordburst2.fandom.com/wiki/Jungle%27s_Grace,,,,,2026-09-19T00:07:34Z
692,Sandstone Spear,Spear,,Weapon,Common,48,389,544,,,TRUE,21%,,,Drop,https://static.wikia.nocookie.net/swordburst2/images/5/5d/Sandstone_Spear.png/revision/latest,https://swordburst2.fandom.com/wiki/Sandstone_Spear,,,,,2026-09-19T00:07:34Z
693,Sun Staff,Spear,,Weapon,Rare,50,395,632,,,TRUE,21%,,,Drop,https://static.wikia.nocookie.net/swordburst2/images/2/21/Sun_Staff.png/revision/latest,https://swordburst2.fandom.com/wiki/Sun_Staff,,,,,2026-09-19T00:07:34Z
694,Solar Flare,Spear,,Weapon,Legendary,50,420,840,,,TRUE,21%,,,Drop,https://static.wikia.nocookie.net/swordburst2/images/5/5c/Solar_Flare.png/revision/latest,https://swordburst2.fandom.com/wiki/Solar_Flare,1,1,clean_legendaries,Floor 5,2026-09-19T00:07:34Z
695,Frozen Shard,Spear,,Weapon,Common,60,612,856,,,TRUE,21%,,,"35,000",https://static.wikia.nocookie.net/swordburst2/images/d/de/Frozen_Shard.png/revision/latest,https://swordburst2.fandom.com/wiki/Frozen_Shard,,,,,2026-09-19T00:07:34Z
696,TwinSpear,Spear,,Weapon,Common,62,870,,,,TRUE,21%,,,Drop,https://static.wikia.nocookie.net/swordburst2/images/f/f2/TwinSpear.png/revision/latest,https://swordburst2.fandom.com/wiki/TwinSpear,1,,misc,Winter Event,2026-09-19T00:07:34Z
697,Wisp Spear,Spear,,Weapon,Common,62,617,863,,,TRUE,10%,,,Drop,https://static.wikia.nocookie.net/swordburst2/images/e/eb/Wisp_Spear.png/revision/latest,https://swordburst2.fandom.com/wiki/Wisp_Spear,,,,,2026-09-19T00:07:34Z
698,Osrenta,Spear,,Weapon,Rare,65,1042,,,,TRUE,21%,,,Drop,https://static.wikia.nocookie.net/swordburst2/images/1/11/Osrenta.png/revision/latest,https://swordburst2.fandom.com/wiki/Osrenta,0.2 - 0.5,,misc,Winter Event,2026-09-19T00:07:34Z
699,Vortix,Spear,,Weapon,Rare,65,710,1136,,,TRUE,23%,,,"250,000",https://static.wikia.nocookie.net/swordburst2/images/c/cd/Vortix.png/revision/latest,https://swordburst2.fandom.com/wiki/Vortix,0.5-1,0.5-1,misc,Second Edition,2026-09-19T00:07:34Z
700,Gilden Reach,Spear,,Weapon,Legendary,65,685,1370,,,TRUE,21%,,,Drop,https://static.wikia.nocookie.net/swordburst2/images/9/9d/Gilden_Reach.png/revision/latest,https://swordburst2.fandom.com/wiki/Gilden_Reach,1,0.5-1,clean_legendaries,Floor 7,2026-09-19T00:07:34Z
701,Verdant Soul,Spear,,Weapon,Rare,70,1440,,,,TRUE,21%,,,Drop,https://static.wikia.nocookie.net/swordburst2/images/0/07/Verdant_Soul.png/revision/latest,https://swordburst2.fandom.com/wiki/Verdant_Soul,,,,,2026-09-19T00:07:34Z
702,Amethyst Prismblade,Spear,,Weapon,Legendary,70,775,1550,,,TRUE,21%,,,Drop,https://static.wikia.nocookie.net/swordburst2/images/0/0b/Amethyst_Prismblade.png/revision/latest,https://swordburst2.fandom.com/wiki/Amethyst_Prismblade,1,0.5,clean_legendaries,Floor 8,2026-09-19T00:07:34Z
703,Crystalized Spear,Spear,,Weapon,Legendary,75,902,1804,,,TRUE,21%,,,Drop,https://static.wikia.nocookie.net/swordburst2/images/4/46/Crystalized_Spear.png/revision/latest,https://swordburst2.fandom.com/wiki/Crystalized_Spear,0.5,0.5,clean_legendaries,Floor 8,2026-09-19T00:07:34Z
704,Hellscape,Spear,,Weapon,Common,78,864,1209,,,TRUE,21%,,,Multiple Drops,https://static.wikia.nocookie.net/swordburst2/images/5/5f/Hellscape.png/revision/latest,https://swordburst2.fandom.com/wiki/Hellscape,10-12,,auras,Purchasable in Burst Store 1-2 Orange Burst 1-2,2026-09-19T00:07:34Z
705,Molten Piercer,Spear,,Weapon,Rare,80,938,1500,,,TRUE,21%,,,Drop,https://static.wikia.nocookie.net/swordburst2/images/9/98/Molten_Piercer.png/revision/latest,https://swordburst2.fandom.com/wiki/Molten_Piercer,,,,,2026-09-19T00:07:34Z
706,Umbra,Spear,,Weapon,Legendary,80,1600,,,,TRUE,21%,,,Gift,https://static.wikia.nocookie.net/swordburst2/images/a/a2/Umbra.png/revision/latest,https://swordburst2.fandom.com/wiki/Umbra,0.2-0.5,,clean_legendaries,Gift of Trading,2026-09-19T00:07:34Z
707,Reality Carver,Spear,,Weapon,Legendary,80,+23/level,,,,FALSE,10%,,,Drop,https://static.wikia.nocookie.net/swordburst2/images/4/47/Reality_Carver.png/revision/latest,https://swordburst2.fandom.com/wiki/Reality_Carver,1,,clean_legendaries,Egg Realm (2025),2026-09-19T00:07:34Z
708,Recidivist,Spear,,Weapon,Rare,82,999,1598,,,TRUE,21%,,,Drop,https://static.wikia.nocookie.net/swordburst2/images/a/a7/Recidivist.png/revision/latest,https://swordburst2.fandom.com/wiki/Recidivist,,,,,2026-09-19T00:07:34Z
709,Hellscape Twinblade,Spear,,Weapon,Legendary,85,1086,2172,,,TRUE,21%,,,Drop,https://static.wikia.nocookie.net/swordburst2/images/1/1e/Hellscape_Twinblade.png/revision/latest,https://swordburst2.fandom.com/wiki/Hellscape_Twinblade,0.5,0.5,clean_legendaries,Floor 9,2026-09-19T00:07:34Z
710,Candy Spear,Spear,,Weapon,Rare,92,1112,1779,,,TRUE,10%,,,"375,000",https://static.wikia.nocookie.net/swordburst2/images/9/93/Candy_Spear.png/revision/latest,https://swordburst2.fandom.com/wiki/Candy_Spear,1,1,misc,Fifth Edition,2026-09-19T00:07:34Z
711,Deity's Might,Spear,,Weapon,Rare,98,1212,1939,,,TRUE,21%,,,Drop,https://static.wikia.nocookie.net/swordburst2/images/a/a1/Deity%27s_Might.png/revision/latest,https://swordburst2.fandom.com/wiki/Deity%27s_Might,,,,,2026-09-19T00:07:34Z
712,Lucent,Spear,,Weapon,Legendary,100,2602,,,,TRUE,21%,,,Drop,https://static.wikia.nocookie.net/swordburst2/images/3/36/Lucent.png/revision/latest,https://swordburst2.fandom.com/wiki/Lucent,0.5,,clean_legendaries,Easter Realm (2023),2026-09-19T00:07:34Z
713,Sandstorm V2,Spear,,Weapon,Rare,100,1200,1920,,,TRUE,5%,,,"400,000",https://static.wikia.nocookie.net/swordburst2/images/e/ee/Sandstorm_V2.png/revision/latest,https://swordburst2.fandom.com/wiki/Sandstorm_V2,1,1,misc,Fifth Edition,2026-09-19T00:07:34Z
714,Festive Pike,Spear,,Weapon,Rare,100,2015,,,,TRUE,20%,,,Gift,https://static.wikia.nocookie.net/swordburst2/images/2/2a/Festive_Pike.png/revision/latest,https://swordburst2.fandom.com/wiki/Festive_Pike,,,,,2026-09-19T00:07:34Z
715,Jacko Piercer,Spear,,Weapon,Rare,125,+16/level,,,,FALSE,21%,,,Drop,https://static.wikia.nocookie.net/swordburst2/images/7/7b/Jacko_Piercer.png/revision/latest,https://swordburst2.fandom.com/wiki/Jacko_Piercer,,,,,2026-09-19T00:07:34Z
716,Data Shard,Spear,,Weapon,Legendary,135,1735,3470,,,TRUE,21%,,,Drop,https://static.wikia.nocookie.net/swordburst2/images/c/cb/Data_Shard.png/revision/latest,https://swordburst2.fandom.com/wiki/Data_Shard,1,1,clean_legendaries,Floor 11,2026-09-19T00:07:34Z
717,Scarlet Lance,Spear,,Weapon,Rare,145,2050,3280,,,TRUE,21%,,,Drop,https://static.wikia.nocookie.net/swordburst2/images/e/e6/Scarlet_Lance.png/revision/latest,https://swordburst2.fandom.com/wiki/Scarlet_Lance,,,,,2026-09-19T00:07:34Z
718,Glacier's Gift,Spear,,Weapon,Rare,150,3350,,,,TRUE,21%,,,Gift,https://static.wikia.nocookie.net/swordburst2/images/c/c1/Glacier%27s_Gift.png/revision/latest,https://swordburst2.fandom.com/wiki/Glacier%27s_Gift,,,,,2026-09-19T00:07:34Z
719,Laviosa,Spear,,Weapon,Common,150,2425,3395,,,TRUE,23%,,,"500,000",https://static.wikia.nocookie.net/swordburst2/images/d/d9/Laviosa.png/revision/latest,https://swordburst2.fandom.com/wiki/Laviosa,0.5-1,0.5-1,misc,Second Edition,2026-09-19T00:07:34Z
720,Maiden's Weep (Sealed),Spear,,Weapon,Legendary,150,+75/level,,,,FALSE,15%,,,Crafting,https://static.wikia.nocookie.net/swordburst2/images/b/be/Maiden%27s_Weep_%28Sealed%29.png/revision/latest,https://swordburst2.fandom.com/wiki/Maiden%27s_Weep_(Sealed),30+,,clean_legendaries,- MISCELLANEOUS -,2026-09-19T00:07:34Z
721,Azure Strike,Spear,,Weapon,Legendary,150,2168,4336,,,TRUE,21%,,,Drop,https://static.wikia.nocookie.net/swordburst2/images/5/5a/Azure_Strike.png/revision/latest,https://swordburst2.fandom.com/wiki/Azure_Strike,1,1,clean_legendaries,Floor 11,2026-09-19T00:07:34Z
722,Ravaged Guilt,Spear,,Weapon,Legendary,200,+100/level,,,,FALSE,10%,,,Drop,https://static.wikia.nocookie.net/swordburst2/images/f/f5/Ravaged_Guilt.png/revision/latest,https://swordburst2.fandom.com/wiki/Ravaged_Guilt,0.2 - 0.5,,clean_legendaries,- MISCELLANEOUS -,2026-09-19T00:07:34Z
723,Techanicality,Spear,,Weapon,Legendary,200,3662,7324,,,TRUE,21%,,,Drop,https://static.wikia.nocookie.net/swordburst2/images/b/b6/Techanicality.png/revision/latest,https://swordburst2.fandom.com/wiki/Techanicality,1,1,clean_legendaries,Floor 11,2026-09-19T00:07:34Z
724,Easterian Partisan,Spear,,Weapon,Legendary,200,3662,7324,,,TRUE,21%,,,Drop,https://static.wikia.nocookie.net/swordburst2/images/7/7b/Easterian_Partisan.png/revision/latest,https://swordburst2.fandom.com/wiki/Easterian_Partisan,1-2,0.5,clean_legendaries,Easter Realm (2023),2026-09-19T00:07:34Z
725,Photon Spear,Spear,,Weapon,Common,200,3662,5126,,,TRUE,21%,,,Drop,https://static.wikia.nocookie.net/swordburst2/images/f/f9/Photon_Spear.png/revision/latest,https://swordburst2.fandom.com/wiki/Photon_Spear,,,,,2026-09-19T00:07:34Z
726,Death's Maelstrom,Spear,,Weapon,Legendary,200,7324,,,,TRUE,21%,,,Drop,https://static.wikia.nocookie.net/swordburst2/images/1/1d/Death%27s_Maelstrom.png/revision/latest,https://swordburst2.fandom.com/wiki/Death%27s_Maelstrom,0.5-1,1-2,clean_legendaries,Easter Realm (2023),2026-09-19T00:07:34Z
727,Cyronid,Spear,,Weapon,Common,200,5126,,,,TRUE,21%,,,Drop,https://static.wikia.nocookie.net/swordburst2/images/7/72/Cyronid.png/revision/latest,https://swordburst2.fandom.com/wiki/Cyronid,0.5,,misc,Winter Event,2026-09-19T00:07:34Z
728,Evergreen Lance,Spear,,Weapon,Legendary,200,7616,,,,TRUE,21%,,,Drop,https://static.wikia.nocookie.net/swordburst2/images/d/d7/Evergreen_Lance.png/revision/latest,https://swordburst2.fandom.com/wiki/Evergreen_Lance,1,,clean_legendaries,Easter Realm (2023),2026-09-19T00:07:34Z
729,Memories From The Present,Spear,,Weapon,Legendary,200,7620,,,,TRUE,21%,,,Drop,https://static.wikia.nocookie.net/swordburst2/images/0/01/Memories_From_The_Present.png/revision/latest,https://swordburst2.fandom.com/wiki/Memories_From_The_Present,1,,clean_legendaries,Easter Realm (2023),2026-09-19T00:07:34Z
730,Heart Slasher,Spear,,Weapon,Rare,200,3210,5136,,,TRUE,21%,,,5M,https://static.wikia.nocookie.net/swordburst2/images/9/9c/Heart_Slasher.png/revision/latest,https://swordburst2.fandom.com/wiki/Heart_Slasher,1-2,1-2,misc,Third Edition,2026-09-19T00:07:34Z
731,Mecha Javelin,Spear,,Weapon,Rare,200,3900,6240,,,TRUE,18%,,,13M,https://static.wikia.nocookie.net/swordburst2/images/2/28/Mecha_Javelin.png/revision/latest,https://swordburst2.fandom.com/wiki/Mecha_Javelin,0.3-0.7,0.3-0.7,misc,Fourth Edition,2026-09-19T00:07:34Z
732,Flameborne,Spear,,Weapon,Common,210,3989,5585,,,TRUE,21%,,,Drop,https://static.wikia.nocookie.net/swordburst2/images/4/4d/Flameborne.png/revision/latest,https://swordburst2.fandom.com/wiki/Flameborne,,,,,2026-09-19T00:07:34Z
733,Fusion Spear,Spear,,Weapon,Common,220,4025,5635,,,TRUE,21%,,,Drop,https://static.wikia.nocookie.net/swordburst2/images/d/d5/Fusion_Spear.png/revision/latest,https://swordburst2.fandom.com/wiki/Fusion_Spear,,,,,2026-09-19T00:07:34Z
734,Villainous Tungsten Trident,Spear,,Weapon,Rare,230,4763,7620,,,TRUE,21%,,,Drop,https://static.wikia.nocookie.net/swordburst2/images/c/ce/Villainous_Tungsten_Trident.png/revision/latest,https://swordburst2.fandom.com/wiki/Villainous_Tungsten_Trident,,,,,2026-09-19T00:07:34Z
735,Disintegrator,Spear,,Weapon,Rare,250,5556,8889,,,TRUE,21%,,,Drop,https://static.wikia.nocookie.net/swordburst2/images/8/84/Disintegrator.png/revision/latest,https://swordburst2.fandom.com/wiki/Disintegrator,,,,,2026-09-19T00:07:34Z
736,Phantom Zephyr,Spear,,Weapon,Legendary,250,11112,,,,TRUE,21%,,,Drop,https://static.wikia.nocookie.net/swordburst2/images/1/1f/Phantom_Zephyr.png/revision/latest,https://swordburst2.fandom.com/wiki/Phantom_Zephyr,3-5,2-3,clean_legendaries,Easter Realm (2023),2026-09-19T00:07:34Z
737,Abridged Amethyst,Spear,,Weapon,Legendary,250,11660,,,,TRUE,21%,,,Drop,https://static.wikia.nocookie.net/swordburst2/images/1/13/Abridged_Amethyst.png/revision/latest,https://swordburst2.fandom.com/wiki/Abridged_Amethyst,0.5 - 1,,clean_legendaries,Easter Realm (2023),2026-09-19T00:07:34Z
738,Hell's Embrace,Spear,,Weapon,Legendary,250,5800,11600,,,TRUE,21%,,,34.5M,https://static.wikia.nocookie.net/swordburst2/images/d/dc/Hell%27s_Embrace.png/revision/latest,https://swordburst2.fandom.com/wiki/Hell%27s_Embrace,3-4,2-3,clean_legendaries,First Edition,2026-09-19T00:07:34Z
739,Catastrophic Devastation,Spear,,Weapon,Rare,250,5931,9489,,,TRUE,15%,,,30M,https://static.wikia.nocookie.net/swordburst2/images/a/a2/Catastrophic_Devastation.png/revision/latest,https://swordburst2.fandom.com/wiki/Catastrophic_Devastation,2-4,2-4,misc,Seventh Edition,2026-09-19T00:07:34Z
740,Aurora's Reach,Spear,,Weapon,Common,250,9500,13300,,,TRUE,20%,,,Drop,https://static.wikia.nocookie.net/swordburst2/images/2/20/Aurora%27s_Reach.png/revision/latest,https://swordburst2.fandom.com/wiki/Aurora%27s_Reach,,,,,2026-09-19T00:07:34Z
741,Igalima,Spear,,Weapon,Legendary,275,9052,18104,,,TRUE,21%,,,Drop,https://static.wikia.nocookie.net/swordburst2/images/d/d5/Igalima.png/revision/latest,https://swordburst2.fandom.com/wiki/Igalima,5,5,clean_legendaries,Floor 12,2026-09-19T00:07:34Z
742,Justice Halberd,Spear,,Weapon,Legendary,285,9763,19526,,,TRUE,21%,,,Drop,https://static.wikia.nocookie.net/swordburst2/images/a/a2/Justice_Halberd.png/revision/latest,https://swordburst2.fandom.com/wiki/Justice_Halberd,1,1,clean_legendaries,Floor 12,2026-09-19T00:07:34Z
743,Augustus,Spear,,Weapon,Legendary,285,9763,19526,,,TRUE,21%,,,Drop,https://static.wikia.nocookie.net/swordburst2/images/1/17/Augustus.png/revision/latest,https://swordburst2.fandom.com/wiki/Augustus,0.5,0.5,clean_legendaries,Floor 12,2026-09-19T00:07:34Z
744,Frostfire Twinblades,Spear,,Weapon,Legendary,290,22750,,,,TRUE,21%,,,Drop,https://static.wikia.nocookie.net/swordburst2/images/4/4b/Frostfire_Twinblades.png/revision/latest,https://swordburst2.fandom.com/wiki/Frostfire_Twinblades,1-2,,clean_legendaries,Easter Realm (2023),2026-09-19T00:07:34Z
745,Pneuma,Spear,,Weapon,Burst,300,9958,24895,,,FALSE,21%,,,Crafting,https://static.wikia.nocookie.net/swordburst2/images/3/3f/Pneuma.png/revision/latest,https://swordburst2.fandom.com/wiki/Pneuma,,,,,2026-09-19T00:07:34Z
746,Nebula Impact,Spear,,Weapon,Legendary,300,11490,22980,,,TRUE,21%,,,130M,https://static.wikia.nocookie.net/swordburst2/images/a/ac/Nebula_Impact.png/revision/latest,https://swordburst2.fandom.com/wiki/Nebula_Impact,2.6,2.6,clean_legendaries,Tenth Edition,2026-09-19T00:07:34Z
747,Gungnir,Spear,,Weapon,Legendary,325,15621,31242,,,TRUE,21%,,,Drop,https://static.wikia.nocookie.net/swordburst2/images/5/5a/Gungnir.png/revision/latest,https://swordburst2.fandom.com/wiki/Gungnir,0.3-0.5,0.3-0.5,clean_legendaries,Atheon's Realm,2026-09-19T00:07:34Z
748,Parasitic Witch,Spear,,Weapon,Legendary,325,31242,,,,TRUE,25%,,,Drop,https://static.wikia.nocookie.net/swordburst2/images/b/bc/Parasitic_Witch.png/revision/latest,https://swordburst2.fandom.com/wiki/Parasitic_Witch,20-25,,clean_legendaries,Easter Realm (2023),2026-09-19T00:07:34Z
749,Infernarch,Spear,,Weapon,Legendary,325,32400,,,,TRUE,21%,,,Gift,https://static.wikia.nocookie.net/swordburst2/images/1/11/Infernarch.png/revision/latest,https://swordburst2.fandom.com/wiki/Infernarch,10,,clean_legendaries,Gift of Eternal Fire,2026-09-19T00:07:34Z
750,Deadlock,Spear,,Weapon,Rare,350,11915,19064,,,TRUE,21%,,,Drop,https://static.wikia.nocookie.net/swordburst2/images/6/63/Deadlock.png/revision/latest,https://swordburst2.fandom.com/wiki/Deadlock,,,,,2026-09-19T00:07:34Z
751,Odyssey,Spear,,Weapon,Burst,350,20245,50612,,,FALSE,42%,,,Crafting,https://static.wikia.nocookie.net/swordburst2/images/4/48/Odyssey.png/revision/latest,https://swordburst2.fandom.com/wiki/Odyssey,,,,,2026-09-19T00:07:34Z
752,Armageddon,Spear,,Weapon,Legendary,360,19720,39440,,,TRUE,25%,,,300M,https://static.wikia.nocookie.net/swordburst2/images/6/63/Armageddon.png/revision/latest,https://swordburst2.fandom.com/wiki/Armageddon,15,,clean_legendaries,Seventh Edition,2026-09-19T00:07:34Z
753,Hippolyta,Spear,,Weapon,Legendary,375,22450,44900,,,TRUE,21%,,,Drop,https://static.wikia.nocookie.net/swordburst2/images/0/01/Hippolyta.png/revision/latest,https://swordburst2.fandom.com/wiki/Hippolyta,0.5,0.5,clean_legendaries,- Rotational Floors -,2026-09-19T00:07:34Z
754,Sakura's Embrace,Spear,,Weapon,Legendary,375,22450,44900,,,TRUE,21%,,,Drop,https://static.wikia.nocookie.net/swordburst2/images/c/c1/Sakura%27s_Embrace.png/revision/latest,https://swordburst2.fandom.com/wiki/Sakura%27s_Embrace,0.5,0.5,clean_legendaries,- Rotational Floors -,2026-09-19T00:07:34Z
755,Astronomic Syzygy,Spear,,Weapon,Legendary,375,24500,49000,,,TRUE,18%,,,175M,https://static.wikia.nocookie.net/swordburst2/images/8/8b/Astronomic_Syzygy.png/revision/latest,https://swordburst2.fandom.com/wiki/Astronomic_Syzygy,30+,20+,clean_legendaries,Thirteenth Edition,2026-09-19T00:07:34Z
756,Monarch's Tide,Spear,,Weapon,Common,380,27914,39079,,,TRUE,21%,,,Drop,https://static.wikia.nocookie.net/swordburst2/images/a/a7/Monarch%27s_Tide.png/revision/latest,https://swordburst2.fandom.com/wiki/Monarch%27s_Tide,,,,,2026-09-19T00:07:34Z
757,Light Flaming Piercer,Spear,,Weapon,Legendary,400,26000,52000,,,TRUE,21%,,,Drop,https://static.wikia.nocookie.net/swordburst2/images/8/80/Light_Flaming_Piercer.png/revision/latest,https://swordburst2.fandom.com/wiki/Light_Flaming_Piercer,0.5-1,0.3-0.7,clean_legendaries,- Rotational Floors -,2026-09-19T00:07:34Z
758,Dreadnought,Spear,,Weapon,Legendary,100,1301,2602,,,TRUE,21%,,,Drop,https://static.wikia.nocookie.net/swordburst2/images/f/fc/Dreadnought.png/revision/latest,https://swordburst2.fandom.com/wiki/Dreadnought,0.5,1,clean_legendaries,Floor 10,2026-09-19T00:07:34Z
759,Glacial Insight,Spear,,Weapon,Tribute,1,+224/level,,,,FALSE,60%,,,Gift,https://static.wikia.nocookie.net/swordburst2/images/0/06/Glacial_Insight.png/revision/latest,https://swordburst2.fandom.com/wiki/Glacial_Insight,Untradeable,,tributes,Gift Hunt 2026,2026-09-19T00:07:34Z
760,Celestial Quasar,Spear,,Weapon,Tribute,1,15000,30000,,,FALSE,20%,,,Event Winner,https://static.wikia.nocookie.net/swordburst2/images/0/06/Celestial_Quasar.png/revision/latest,https://swordburst2.fandom.com/wiki/Celestial_Quasar,Untradeable,Untradeable,tributes,BGM Exclusive Events,2026-09-19T00:07:34Z
761,Proclamation,Spear,,Weapon,Tribute,25,2025,,,,FALSE,25%,,,Drop,https://static.wikia.nocookie.net/swordburst2/images/d/df/Proclamation.png/revision/latest,https://swordburst2.fandom.com/wiki/Proclamation,,,,,2026-09-19T00:07:34Z
762,Blitzvollmond,Spear,,Weapon,Tribute,175,3500,7000,,,FALSE,63%,,,Multiple Drops,https://static.wikia.nocookie.net/swordburst2/images/1/18/Blitzvollmond.png/revision/latest,https://swordburst2.fandom.com/wiki/Blitzvollmond,5,4,tributes,Floor 8,2026-09-19T00:07:34Z
763,Maiden's Weep,Spear,,Weapon,Tribute,300,+150/level,,,,FALSE,35%,,,Crafting,https://static.wikia.nocookie.net/swordburst2/images/2/25/Maiden%27s_Weep.png/revision/latest,https://swordburst2.fandom.com/wiki/Maiden%27s_Weep,50-70,,tributes,- EVENT FLOOR TRIBUTES -,2026-09-19T00:07:34Z
764,Punisher,Spear,,Weapon,Tribute,300,12500,25000,,,FALSE,50%,,,Multiple Drops,https://static.wikia.nocookie.net/swordburst2/images/b/bd/Punisher.png/revision/latest,https://swordburst2.fandom.com/wiki/Punisher,6-8,4-5,tributes,Floor 12,2026-09-19T00:07:34Z
765,Demoncull,Spear,,Weapon,Tribute,410,72000,,,,FALSE,35%,,,Drop,https://static.wikia.nocookie.net/swordburst2/images/2/25/Demoncull.png/revision/latest,https://swordburst2.fandom.com/wiki/Demoncull,,6-8,tributes,Egg Realm (2026),2026-09-19T00:07:34Z
766,Crimson Talon,Spear,,Weapon,Tribute,415,+161/level,,,,FALSE,35%,,,Drop,https://static.wikia.nocookie.net/swordburst2/images/c/c8/Crimson_Talon.png/revision/latest,https://swordburst2.fandom.com/wiki/Crimson_Talon,6-8,,tributes,Egg Realm (2026),2026-09-19T00:07:34Z
767,Crystalized Parasol,Spear,,Weapon,Tribute,415,33918,67836,,,FALSE,40%,,,550M,https://static.wikia.nocookie.net/swordburst2/images/4/40/Crystalized_Parasol.png/revision/latest,https://swordburst2.fandom.com/wiki/Crystalized_Parasol,25-30,20-25,tributes,Fourteenth Edition,2026-09-19T00:07:34Z
768,Guardian's Divine Harbinger,Spear,,Weapon,Tribute,420,35000,70000,,,FALSE,30%,,,325M,https://static.wikia.nocookie.net/swordburst2/images/4/46/Guardian%27s_Divine_Harbinger.png/revision/latest,https://swordburst2.fandom.com/wiki/Guardian%27s_Divine_Harbinger,15,15,tributes,Fourth Edition,2026-09-19T00:07:34Z
769,Petaled Spiral,Spear,,Weapon,Tribute,420,35000,70000,,,FALSE,30%,,,400M,https://static.wikia.nocookie.net/swordburst2/images/f/f8/Petaled_Spiral.png/revision/latest,https://swordburst2.fandom.com/wiki/Petaled_Spiral,30,30,tributes,Twelfth Edition,2026-09-19T00:07:34Z
770,Wrathful Tranquility,Spear,,Weapon,Tribute,425,36400,,,,FALSE,40%,,,Drop,https://static.wikia.nocookie.net/swordburst2/images/5/5f/Wrathful_Tranquility.png/revision/latest,https://swordburst2.fandom.com/wiki/Wrathful_Tranquility,15-20,15,tributes,Atheon's Realm,2026-09-19T00:07:34Z
771,Seraphim's Light,Spear,,Weapon,Tribute,435,34000,68000,,,FALSE,40%,,,500M,https://static.wikia.nocookie.net/swordburst2/images/9/9a/Seraphim%27s_Light.png/revision/latest,https://swordburst2.fandom.com/wiki/Seraphim%27s_Light,35,30-35,tributes,Thirteenth Edition,2026-09-19T00:07:34Z
772,Godslayer's Fury,Spear,,Weapon,Tribute,445,41250,,,,FALSE,45%,,,800M,https://static.wikia.nocookie.net/swordburst2/images/f/f0/Godslayer%27s_Fury.png/revision/latest,https://swordburst2.fandom.com/wiki/Godslayer%27s_Fury,100,100,tributes,Fifteenth Edition,2026-09-19T00:07:34Z
773,Sea Splitter,Spear,,Weapon,Tribute,450,55000,110000,,,FALSE,45%,,,Drop,https://static.wikia.nocookie.net/swordburst2/images/e/e7/Sea_Splitter.png/revision/latest,https://swordburst2.fandom.com/wiki/Sea_Splitter,100-150,100-150,tributes,- ROTATIONAL FLOOR TRIBUTES -,2026-09-19T00:07:34Z
774,Horror Frost,Scythe,,Weapon,Legendary,1,+100/level,,,,FALSE,20%,,,"1,200",https://static.wikia.nocookie.net/swordburst2/images/a/a1/Horror_Frost.png/revision/latest,https://swordburst2.fandom.com/wiki/Horror_Frost,45,,clean_legendaries,Frosty Bundle,2026-09-19T00:07:34Z
775,Crimson Lust,Scythe,,Weapon,Common,18,80,112,,,TRUE,2%,,,"5,000",https://static.wikia.nocookie.net/swordburst2/images/5/53/Crimson_Lust.png/revision/latest,https://swordburst2.fandom.com/wiki/Crimson_Lust,0.3 - 0.5,0.3 - 0.5,misc,Nineth Edition,2026-09-19T00:07:34Z
776,Dark Harvest,Scythe,,Weapon,Common,21,152,212,,,TRUE,18%,,,"3,750",https://static.wikia.nocookie.net/swordburst2/images/1/18/Dark_Harvest.png/revision/latest,https://swordburst2.fandom.com/wiki/Dark_Harvest,,,,,2026-09-19T00:07:34Z
777,Peppermint Harvester,Scythe,,Weapon,Rare,30,900,,,,TRUE,18%,,,Drop,https://static.wikia.nocookie.net/swordburst2/images/0/04/Peppermint_Harvester.png/revision/latest,https://swordburst2.fandom.com/wiki/Peppermint_Harvester,1-2,,misc,Winter Event,2026-09-19T00:07:34Z
778,Rose Reaper,Scythe,,Weapon,Rare,32,325,520,,,TRUE,18%,,,"25,000",https://static.wikia.nocookie.net/swordburst2/images/3/34/Rose_Reaper.png/revision/latest,https://swordburst2.fandom.com/wiki/Rose_Reaper,2-3,2-3,misc,Fourth Edition,2026-09-19T00:07:34Z
779,Aurum Claw,Scythe,,Weapon,Common,48,389,544,,,TRUE,18%,,,Drop,https://static.wikia.nocookie.net/swordburst2/images/4/4e/Aurum_Claw_Icon.png/revision/latest,https://swordburst2.fandom.com/wiki/Aurum_Claw,,,,,2026-09-19T00:07:34Z
780,Doom Albaxross,Scythe,,Weapon,Legendary,50,450,900,,,TRUE,20%,,,"910,000",https://static.wikia.nocookie.net/swordburst2/images/0/03/Doom_Albaxross.png/revision/latest,https://swordburst2.fandom.com/wiki/Doom_Albaxross,0.5,0.5,clean_legendaries,Sixth Edition,2026-09-19T00:07:34Z
781,Peppermint Scythe,Scythe,,Weapon,Rare,55,888,,,,TRUE,18%,,,Drop,https://static.wikia.nocookie.net/swordburst2/images/3/3f/Peppermint_Scythe_New.png/revision/latest,https://swordburst2.fandom.com/wiki/Peppermint_Scythe,20,,misc,Winter Event,2026-09-19T00:07:34Z
782,Winged Slicer,Scythe,,Weapon,Legendary,55,580,1160,,,TRUE,30%,,,"700,000",https://static.wikia.nocookie.net/swordburst2/images/1/1a/Winged_Slicer.png/revision/latest,https://swordburst2.fandom.com/wiki/Winged_Slicer,4-5,1,clean_legendaries,Third Edition,2026-09-19T00:07:34Z
783,Chromatic Spirit,Scythe,,Weapon,Rare,65,681,1089,,,TRUE,9%,,,"150,000",https://static.wikia.nocookie.net/swordburst2/images/8/8d/Chromatic_Spirit.png/revision/latest,https://swordburst2.fandom.com/wiki/Chromatic_Spirit,0.5-1,0.5-1,misc,Fourth Edition,2026-09-19T00:07:34Z
784,Winterbane,Scythe,,Weapon,Rare,75,1318,,,,TRUE,18%,,,Drop,https://static.wikia.nocookie.net/swordburst2/images/4/4e/Winterbane.png/revision/latest,https://swordburst2.fandom.com/wiki/Winterbane,0.5,,misc,Winter Event,2026-09-19T00:07:34Z
785,Empyrean Scythe,Scythe,,Weapon,Legendary,75,1318,,,,TRUE,40%,,,Drop,https://static.wikia.nocookie.net/swordburst2/images/6/63/Empyrean_Scythe.png/revision/latest,https://swordburst2.fandom.com/wiki/Empyrean_Scythe,0.5,,clean_legendaries,Easter Realm (2023),2026-09-19T00:07:34Z
786,Akuma Fuyu,Scythe,,Weapon,Rare,80,1450,,,,TRUE,18%,,,Drop,https://static.wikia.nocookie.net/swordburst2/images/1/17/Akuma_Fuyu.png/revision/latest,https://swordburst2.fandom.com/wiki/Akuma_Fuyu,1,,misc,Winter Event,2026-09-19T00:07:34Z
787,Cataclysm,Scythe,,Weapon,Legendary,85,1086,2172,,,TRUE,18%,,,Drop,https://static.wikia.nocookie.net/swordburst2/images/c/cf/Cataclysm.png/revision/latest,https://swordburst2.fandom.com/wiki/Cataclysm,0.5,1,clean_legendaries,Floor 9,2026-09-19T00:07:34Z
788,DragonFang Scythe,Scythe,,Weapon,Legendary,85,1086,2172,,,TRUE,18%,,,Drop,https://static.wikia.nocookie.net/swordburst2/images/f/f5/DragonFang_Scythe.png/revision/latest,https://swordburst2.fandom.com/wiki/DragonFang_Scythe,0.5,0.5,clean_legendaries,Floor 9,2026-09-19T00:07:34Z
789,Bone Reaper,Scythe,,Weapon,Common,92,1036,1450,,,TRUE,18%,,,Drop,https://static.wikia.nocookie.net/swordburst2/images/6/6c/Bone_Reaper.png/revision/latest,https://swordburst2.fandom.com/wiki/Bone_Reaper,,,,,2026-09-19T00:07:34Z
790,Tormenter,Scythe,,Weapon,Legendary,100,1301,2602,,,TRUE,18%,,,Drop,https://static.wikia.nocookie.net/swordburst2/images/f/f4/Tormenter.png/revision/latest,https://swordburst2.fandom.com/wiki/Tormenter,0.5,0.5,clean_legendaries,Floor 10,2026-09-19T00:07:34Z
791,Misery's End,Scythe,,Weapon,Legendary,100,1301,2602,,,TRUE,18%,,,Drop,https://static.wikia.nocookie.net/swordburst2/images/f/f0/Misery%27s_End.png/revision/latest,https://swordburst2.fandom.com/wiki/Misery%27s_End,0.5,1,clean_legendaries,Floor 10,2026-09-19T00:07:34Z
792,Misery's Second Chance,Scythe,,Weapon,Legendary,100,2602,,,,TRUE,18%,,,Gift,https://static.wikia.nocookie.net/swordburst2/images/0/04/Misery%27s_Second_Chance.png/revision/latest,https://swordburst2.fandom.com/wiki/Misery%27s_Second_Chance,40-50,,clean_legendaries,Gift of Remaster,2026-09-19T00:07:34Z
793,Weeping Scythe,Scythe,,Weapon,Legendary,120,+28/level,,,,FALSE,16%,,,Drop,https://static.wikia.nocookie.net/swordburst2/images/2/25/Weeping_Scythe.png/revision/latest,https://swordburst2.fandom.com/wiki/Weeping_Scythe,1,,clean_legendaries,Egg Realm (2025),2026-09-19T00:07:34Z
794,Violet Shadowreap,Scythe,,Weapon,Rare,160,2300,3680,,,TRUE,18%,,,Drop,https://static.wikia.nocookie.net/swordburst2/images/8/80/Violet_Shadowreap.png/revision/latest,https://swordburst2.fandom.com/wiki/Violet_Shadowreap,,,,,2026-09-19T00:07:34Z
795,Permafrost,Scythe,,Weapon,Legendary,175,2879,5758,,,TRUE,18%,,,Drop,https://static.wikia.nocookie.net/swordburst2/images/6/6b/Permafrost.png/revision/latest,https://swordburst2.fandom.com/wiki/Permafrost,1-2,1,clean_legendaries,- EVENT FLOOR LEGENDARIES -,2026-09-19T00:07:34Z
796,Photon Scythe,Scythe,,Weapon,Legendary,200,3662,7324,,,TRUE,18%,,,Drop,https://static.wikia.nocookie.net/swordburst2/images/d/d6/Photon_Scythe.png/revision/latest,https://swordburst2.fandom.com/wiki/Photon_Scythe,0.5-1,0.5,clean_legendaries,Floor 11,2026-09-19T00:07:34Z
797,Dark Voodo,Scythe,,Weapon,Legendary,200,7600,15200,,,TRUE,16%,,,Drop,https://static.wikia.nocookie.net/swordburst2/images/0/0d/Dark_Voodo.png/revision/latest,https://swordburst2.fandom.com/wiki/Dark_Voodo,2-3,3-4,clean_legendaries,Easter Realm (2023),2026-09-19T00:07:34Z
798,Frostbite Reaver,Scythe,,Weapon,Legendary,200,7850,,,,TRUE,18%,,,Drop,https://static.wikia.nocookie.net/swordburst2/images/4/4c/Frostbite_Reaver.png/revision/latest,https://swordburst2.fandom.com/wiki/Frostbite_Reaver,0.5,,clean_legendaries,Easter Realm (2023),2026-09-19T00:07:34Z
799,Hell Curve,Scythe,,Weapon,Common,210,3989,5584,,,TRUE,18%,,,Drop,https://static.wikia.nocookie.net/swordburst2/images/b/b3/Hell_Curve.png/revision/latest,https://swordburst2.fandom.com/wiki/Hell_Curve,,,,,2026-09-19T00:07:34Z
800,Hallowing Eye,Scythe,,Weapon,Legendary,225,4569,9138,,,TRUE,18%,,,Drop,https://static.wikia.nocookie.net/swordburst2/images/4/42/Hallowing_Eye.png/revision/latest,https://swordburst2.fandom.com/wiki/Hallowing_Eye,12-15,5-7,clean_legendaries,30-40 Prismatic Apex 2 Floria's Gift,2026-09-19T00:07:34Z
801,Rejuvenator,Scythe,,Weapon,Rare,230,4763,7620,,,TRUE,18%,,,Drop,https://static.wikia.nocookie.net/swordburst2/images/3/3b/Rejuvenator.png/revision/latest,https://swordburst2.fandom.com/wiki/Rejuvenator,,,,,2026-09-19T00:07:34Z
802,Plasmatic Core,Scythe,,Weapon,Legendary,240,5148,10296,,,TRUE,20%,,,26M,https://static.wikia.nocookie.net/swordburst2/images/8/83/Plasmatic_Core.png/revision/latest,https://swordburst2.fandom.com/wiki/Plasmatic_Core,3-4,2,clean_legendaries,Sixth Edition,2026-09-19T00:07:34Z
803,Meteor Depths,Scythe,,Weapon,Burst,250,5556,13890,,,FALSE,18%,,,Crafting,https://static.wikia.nocookie.net/swordburst2/images/b/b7/Meteor_Depths.png/revision/latest,https://swordburst2.fandom.com/wiki/Meteor_Depths,,,,,2026-09-19T00:07:34Z
804,Mechanized Bloodbane,Scythe,,Weapon,Rare,250,5556,8889,,,TRUE,18%,,,Drop,https://static.wikia.nocookie.net/swordburst2/images/0/01/Mechanized_Bloodbane.png/revision/latest,https://swordburst2.fandom.com/wiki/Mechanized_Bloodbane,,,,,2026-09-19T00:07:34Z
805,Blood Terror,Scythe,,Weapon,Legendary,250,11112,,,,TRUE,18%,,,Drop,https://static.wikia.nocookie.net/swordburst2/images/8/8f/Blood_Terror.png/revision/latest,https://swordburst2.fandom.com/wiki/Blood_Terror,7-10,6-8,clean_legendaries,Easter Realm (2023),2026-09-19T00:07:34Z
806,Guardian's Icy Fang,Scythe,,Weapon,Legendary,250,11800,,,,TRUE,12%,,,Drop,https://static.wikia.nocookie.net/swordburst2/images/a/a6/Guardian%27s_Icy_Fang.png/revision/latest,https://swordburst2.fandom.com/wiki/Guardian%27s_Icy_Fang,0.5,,clean_legendaries,Easter Realm (2023),2026-09-19T00:07:34Z
807,Akuma Dōji,Scythe,,Weapon,Legendary,250,5800,11600,,,TRUE,20%,,,39M,https://static.wikia.nocookie.net/swordburst2/images/4/4c/Akuma_D%C5%8Dji.png/revision/latest,https://swordburst2.fandom.com/wiki/Akuma_D%C5%8Dji,0.7,0.7,clean_legendaries,Tenth Edition,2026-09-19T00:07:34Z
808,Omniscythe,Scythe,,Weapon,Legendary,275,"Clean & Max: 18,800",,,,TRUE,18%,,,Gift,https://static.wikia.nocookie.net/swordburst2/images/7/75/Omniscythe.png/revision/latest,https://swordburst2.fandom.com/wiki/Omniscythe,5-6,,clean_legendaries,Gift of Shards,2026-09-19T00:07:34Z
809,Grim Crescent,Scythe,,Weapon,Legendary,275,9450,18900,,,TRUE,20%,,,65M,https://static.wikia.nocookie.net/swordburst2/images/8/8a/Grim_Crescent.png/revision/latest,https://swordburst2.fandom.com/wiki/Grim_Crescent,1.3,1.3,clean_legendaries,Tenth Edition,2026-09-19T00:07:34Z
810,Reconciler,Scythe,,Weapon,Legendary,285,9763,19526,,,TRUE,18%,,,Drop,https://static.wikia.nocookie.net/swordburst2/images/3/3a/Reconciler.png/revision/latest,https://swordburst2.fandom.com/wiki/Reconciler,0.5,0.5,clean_legendaries,Floor 12,2026-09-19T00:07:34Z
811,Sakura's Edge,Scythe,,Weapon,Legendary,300,11400,22800,,,TRUE,20%,,,15M,https://static.wikia.nocookie.net/swordburst2/images/c/cb/Sakura%27s_Edge.png/revision/latest,https://swordburst2.fandom.com/wiki/Sakura%27s_Edge,5-10,5-10,clean_legendaries,Third Edition,2026-09-19T00:07:34Z
812,Duality Scythe,Scythe,,Weapon,Rare,325,9150,14640,,,TRUE,20%,,,10.4M,https://static.wikia.nocookie.net/swordburst2/images/9/9d/Duality_Scythe.png/revision/latest,https://swordburst2.fandom.com/wiki/Duality_Scythe,0.2,0.2,misc,Sixth Edition,2026-09-19T00:07:34Z
813,Winter's Crescent,Scythe,,Weapon,Legendary,400,30000,60000,,,TRUE,36%,,,415M,https://static.wikia.nocookie.net/swordburst2/images/3/33/Winter%27s_Crescent.png/revision/latest,https://swordburst2.fandom.com/wiki/Winter%27s_Crescent,15,15-20,clean_legendaries,Fourteenth Edition,2026-09-19T00:07:34Z
814,Liminal Scythe,Scythe,,Weapon,Tribute,1,3000,6000,,,FALSE,18%,,,Backrooms Event - 1st Place,https://static.wikia.nocookie.net/swordburst2/images/0/0e/LiminalIcon.png/revision/latest,https://swordburst2.fandom.com/wiki/Liminal_Scythe,Untradeable,Untradeable,tributes,BGM Exclusive Events,2026-09-19T00:07:34Z
815,Astral Abyss,Scythe,,Weapon,Tribute,1,5000,5000,,,FALSE,10%,,,Being a Tester,https://static.wikia.nocookie.net/swordburst2/images/8/87/Astral_Abyss.png/revision/latest,https://swordburst2.fandom.com/wiki/Astral_Abyss,,,,,2026-09-19T00:07:34Z
816,Frozen Euphoria,Scythe,,Weapon,Tribute,50,1000,2000,,,FALSE,20%,,,Multiple Drops,https://static.wikia.nocookie.net/swordburst2/images/1/16/Frozen_Euphoria.png/revision/latest,https://swordburst2.fandom.com/wiki/Frozen_Euphoria,16-18,12-15,tributes,Arcadia,2026-09-19T00:07:34Z
817,Niflheim,Scythe,,Weapon,Tribute,50,+110/level,,,,FALSE,20%,,,Win an event on the official Discord server.,https://static.wikia.nocookie.net/swordburst2/images/8/80/Niflheim.png/revision/latest,https://swordburst2.fandom.com/wiki/Niflheim,Untradeable,,tributes,Miscellaneous,2026-09-19T00:07:34Z
818,Ashfall,Scythe,,Weapon,Tribute,125,2500,5000,,,FALSE,36%,,,Multiple Drops,https://static.wikia.nocookie.net/swordburst2/images/b/be/Ashfall.png/revision/latest,https://swordburst2.fandom.com/wiki/Ashfall,10-14,7-8,tributes,Floor 7,2026-09-19T00:07:34Z
819,Plasma Fang,Scythe,,Weapon,Tribute,225,5250,10500,,,FALSE,54%,,,Multiple Drops,https://static.wikia.nocookie.net/swordburst2/images/2/2e/Plasmafang.png/revision/latest,https://swordburst2.fandom.com/wiki/Plasma_Fang,7-8,6-7,tributes,Floor 10,2026-09-19T00:07:34Z
820,Nightfall Harvester,Scythe,,Weapon,Tribute,250,7200,14400,,,FALSE,25%,,,18M,https://static.wikia.nocookie.net/swordburst2/images/a/af/Nightfall_Havester.png/revision/latest,https://swordburst2.fandom.com/wiki/Nightfall_Harvester,35,20,tributes,Second Edition,2026-09-19T00:07:34Z
821,Cold Harvest,Scythe,,Weapon,Tribute,250,20000,,,,FALSE,30%,,,Gift,https://static.wikia.nocookie.net/swordburst2/images/d/d7/Cold_Harvest.png/revision/latest,https://swordburst2.fandom.com/wiki/Cold_Harvest,Untradeable,,tributes,Gift Hunt 2026,2026-09-19T00:07:34Z
822,Cupid's Heartbreak,Scythe,,Weapon,Tribute,275,Level Based +80 per level,,,,FALSE,35%,,,Drop,https://static.wikia.nocookie.net/swordburst2/images/3/3b/Cupid%27s_Heartbreak.png/revision/latest,https://swordburst2.fandom.com/wiki/Cupid%27s_Heartbreak,,,,,2026-09-19T00:07:34Z
823,Reaping Spring,Scythe,,Weapon,Tribute,300,Level Based +118 per level,,,,FALSE,32%,,,Drop,https://static.wikia.nocookie.net/swordburst2/images/8/86/Reaping_Spring.png/revision/latest,https://swordburst2.fandom.com/wiki/Reaping_Spring,15,,tributes,Egg Realm (2026),2026-09-19T00:07:34Z
824,Death Sealer,Scythe,,Weapon,Tribute,350,24725,49450,,,FALSE,38%,,,Drop,https://static.wikia.nocookie.net/swordburst2/images/d/dd/Death_Sealer.png/revision/latest,https://swordburst2.fandom.com/wiki/Death_Sealer,15,10,tributes,Atheon's Realm,2026-09-19T00:07:34Z
825,Astral Crescent,Scythe,,Weapon,Tribute,400,30000,60000,,,FALSE,40%,,,279.5M,https://static.wikia.nocookie.net/swordburst2/images/c/c2/Astral_Crescent.png/revision/latest,https://swordburst2.fandom.com/wiki/Astral_Crescent,5-6,5-6,tributes,Tenth Edition,2026-09-19T00:07:34Z
826,Netherbloom,Scythe,,Weapon,Tribute,440,38000,76000,,,FALSE,40%,,,700M,https://static.wikia.nocookie.net/swordburst2/images/e/e7/Netherbloom.png/revision/latest,https://swordburst2.fandom.com/wiki/Netherbloom,14,14,tributes,Tenth Edition,2026-09-19T00:07:34Z
827,Enchanted Falls,Scythe,,Weapon,Tribute,450,90000,,,,FALSE,35%,,,Drop,https://static.wikia.nocookie.net/swordburst2/images/6/6a/Enchanted_Falls.png/revision/latest,https://swordburst2.fandom.com/wiki/Enchanted_Falls,400-450,,tributes,Floor 6 / Undershroud,2026-09-19T00:07:34Z
828,Demon's Fang,Scythe,,Weapon,Tribute,450,90000,,,,FALSE,35%,,,Drop,https://static.wikia.nocookie.net/swordburst2/images/c/c0/Demon%27s_Fang.png/revision/latest,https://swordburst2.fandom.com/wiki/Demon%27s_Fang,220-230,,tributes,Floor 6 / Undershroud,2026-09-19T00:07:34Z
829,Soul Frost,Scythe,,Weapon,Tribute,450,+200/level,,,,FALSE,38%,,,Drop,https://static.wikia.nocookie.net/swordburst2/images/e/e6/Soul_Frost.png/revision/latest,https://swordburst2.fandom.com/wiki/Soul_Frost,200,,tributes,Egg Realm (2026),2026-09-19T00:07:34Z
830,Ruler's Demise,Scythe,,Weapon,Tribute,450,43250,86500,,,FALSE,55%,,,900M,https://static.wikia.nocookie.net/swordburst2/images/7/76/Ruler%27s_Demise.png/revision/latest,https://swordburst2.fandom.com/wiki/Ruler%27s_Demise,125-130,125-130,tributes,Fifteenth Edition,2026-09-19T00:07:34Z
831,Novice Armor,Armor,,Armor,Common,1,,,18,25,TRUE,,,,200,https://static.wikia.nocookie.net/swordburst2/images/3/3b/Blue_Novice_Armor.png/revision/latest,https://swordburst2.fandom.com/wiki/Novice_Armor,,,,,2026-09-19T00:07:34Z
832,Light Fields Armor,Armor,,Armor,Common,3,,,25,35,TRUE,,,,Drop,https://static.wikia.nocookie.net/swordburst2/images/e/e8/Light_Fields_Armor.png/revision/latest,https://swordburst2.fandom.com/wiki/Light_Fields_Armor,,,,,2026-09-19T00:07:34Z
833,Coal Miner Clothes,Armor,,Armor,Common,5,,,36,50,TRUE,,,,325,https://static.wikia.nocookie.net/swordburst2/images/4/45/Coal_Miner_Clothes.png/revision/latest,https://swordburst2.fandom.com/wiki/Coal_Miner_Clothes,,,,,2026-09-19T00:07:34Z
834,Wolf Leather Armor,Armor,,Armor,Common,7,,,51,71,TRUE,,,,Drop,https://static.wikia.nocookie.net/swordburst2/images/1/12/Wolf_Leather_Armor.png/revision/latest,https://swordburst2.fandom.com/wiki/Wolf_Leather_Armor,,,,,2026-09-19T00:07:34Z
835,Wrapped Chainmail,Armor,,Armor,Common,9,,,51,71,TRUE,,,,600,https://static.wikia.nocookie.net/swordburst2/images/c/c4/Wrapped_Chainmail.png/revision/latest,https://swordburst2.fandom.com/wiki/Wrapped_Chainmail,,,,,2026-09-19T00:07:34Z
836,Sentinel Armor,Armor,,Armor,Common,10,,,87,121,TRUE,,,,675,https://static.wikia.nocookie.net/swordburst2/images/4/4a/Sentinel_Armor.png/revision/latest,https://swordburst2.fandom.com/wiki/Sentinel_Armor,,,,,2026-09-19T00:07:34Z
837,Decaying Shroud,Armor,,Armor,Common,11,,,104,146,TRUE,,,,Drop,https://static.wikia.nocookie.net/swordburst2/images/a/af/Decaying_Shroud.png/revision/latest,https://swordburst2.fandom.com/wiki/Decaying_Shroud,,,,,2026-09-19T00:07:34Z
838,Kobold Iron Armor,Armor,,Armor,Common,12,,,124,173,TRUE,,,,775,https://static.wikia.nocookie.net/swordburst2/images/3/3b/Kobold_Iron_Armor.png/revision/latest,https://swordburst2.fandom.com/wiki/Kobold_Iron_Armor,,,,,2026-09-19T00:07:34Z
839,Coat of Twilight,Armor,,Armor,Common,12,,,124,173,TRUE,,,,Drop,https://static.wikia.nocookie.net/swordburst2/images/c/cf/Coat_of_Twilight.png/revision/latest,https://swordburst2.fandom.com/wiki/Coat_of_Twilight,,,,,2026-09-19T00:07:34Z
840,Dusty Robe,Armor,,Armor,Common,15,,,233,326,TRUE,,,,Drop,https://static.wikia.nocookie.net/swordburst2/images/f/f1/Dusty_Robe.png/revision/latest,https://swordburst2.fandom.com/wiki/Dusty_Robe,,,,,2026-09-19T00:07:34Z
841,Saint's Wrath,Armor,,Armor,Rare,15,,,2240,,TRUE,,,,Gift,https://static.wikia.nocookie.net/swordburst2/images/5/50/Saint%27s_Wrath.png/revision/latest,https://swordburst2.fandom.com/wiki/Saint%27s_Wrath,,,,,2026-09-19T00:07:34Z
842,Berserker Armor,Armor,,Armor,Common,21,,,339,474,TRUE,,,,"2,750",https://static.wikia.nocookie.net/swordburst2/images/3/3c/Berserker_Armor.png/revision/latest,https://swordburst2.fandom.com/wiki/Berserker_Armor,,,,,2026-09-19T00:07:34Z
843,Hallow Merchant,Armor,,Armor,Common,21,,,416,582,TRUE,,,,Drop,https://static.wikia.nocookie.net/swordburst2/images/3/36/Hallow_Merchant.png/revision/latest,https://swordburst2.fandom.com/wiki/Hallow_Merchant,,,,,2026-09-19T00:07:34Z
844,Winged Guard Armor,Armor,,Armor,Common,24,,,493,,TRUE,,,,Drop,https://static.wikia.nocookie.net/swordburst2/images/f/fd/Winged_Guard_Armor.png/revision/latest,https://swordburst2.fandom.com/wiki/Winged_Guard_Armor,,,,,2026-09-19T00:07:34Z
845,White Priest Robe,Armor,,Armor,Common,27,,,720,1008,TRUE,,,,Drop,https://static.wikia.nocookie.net/swordburst2/images/8/8c/White_Priest_Robe.png/revision/latest,https://swordburst2.fandom.com/wiki/White_Priest_Robe,,,,,2026-09-19T00:07:34Z
846,Defender Armor,Armor,,Armor,Common,29,,,871,1219,TRUE,,,,Drop,https://static.wikia.nocookie.net/swordburst2/images/c/c8/Defender_Armor.png/revision/latest,https://swordburst2.fandom.com/wiki/Defender_Armor,,,,,2026-09-19T00:07:34Z
847,Hefty Coat,Armor,,Armor,Common,32,,,1053,,TRUE,,,,Drop,https://static.wikia.nocookie.net/swordburst2/images/3/39/Hefty_Coat.png/revision/latest,https://swordburst2.fandom.com/wiki/Hefty_Coat,,,,,2026-09-19T00:07:34Z
848,Sorrow's Silk Tunic,Armor,,Armor,Rare,35,,,1536,2150,TRUE,,,,Drop,https://static.wikia.nocookie.net/swordburst2/images/5/50/Sorrow%27s_Silk_Tunic.png/revision/latest,https://swordburst2.fandom.com/wiki/Sorrow%27s_Silk_Tunic,,,,,2026-09-19T00:07:34Z
849,Vigiliante's Armor,Armor,,Armor,Common,36,,,1470,2058,TRUE,,,,"13,500",https://static.wikia.nocookie.net/swordburst2/images/8/84/Vigiliante%27s_Armor.png/revision/latest,https://swordburst2.fandom.com/wiki/Vigiliante%27s_Armor,,,,,2026-09-19T00:07:34Z
850,Pirate's Coat,Armor,,Armor,Common,38,,,1620,,TRUE,,,,Drop,https://static.wikia.nocookie.net/swordburst2/images/1/16/Pirate%27s_Coat.png/revision/latest,https://swordburst2.fandom.com/wiki/Pirate%27s_Coat,,,,,2026-09-19T00:07:34Z
851,Traveling Salesman,Armor,,Armor,Common,40,,,1786,2500,TRUE,,,,Drop,https://static.wikia.nocookie.net/swordburst2/images/2/22/Travelling_Salesman.png/revision/latest,https://swordburst2.fandom.com/wiki/Traveling_Salesman,,,,,2026-09-19T00:07:34Z
852,Knight's Platemail,Armor,,Armor,Common,43,,,1968,2755,TRUE,,,,"27,000",https://static.wikia.nocookie.net/swordburst2/images/c/c8/Knight%27s_Platemail.png/revision/latest,https://swordburst2.fandom.com/wiki/Knight%27s_Platemail,,,,,2026-09-19T00:07:34Z
853,Paladin Armor,Armor,,Armor,Common,46,,,2382,3334,TRUE,,,,Drop,https://static.wikia.nocookie.net/swordburst2/images/1/1c/Paladin_Armor.png/revision/latest,https://swordburst2.fandom.com/wiki/Paladin_Armor,,,,,2026-09-19T00:07:34Z
854,Necromancer's Cloak,Armor,,Armor,Rare,46,,,3124,4373,TRUE,,,,Drop,https://static.wikia.nocookie.net/swordburst2/images/c/c2/Necromancer%27s_Cloak.png/revision/latest,https://swordburst2.fandom.com/wiki/Necromancer%27s_Cloak,,,,,2026-09-19T00:07:34Z
855,Desert Shroud,Armor,,Armor,Common,48,,,2634,3687,TRUE,,,,Drop,https://static.wikia.nocookie.net/swordburst2/images/0/08/Desert_Shroud.png/revision/latest,https://swordburst2.fandom.com/wiki/Desert_Shroud,,,,,2026-09-19T00:07:34Z
856,Necromancer's Plate,Armor,,Armor,Rare,50,,,3412,4777,TRUE,,,,Drop,https://static.wikia.nocookie.net/swordburst2/images/7/7e/Necromancer%27s_Plate.png/revision/latest,https://swordburst2.fandom.com/wiki/Necromancer%27s_Plate,,,,,2026-09-19T00:07:34Z
857,Sunscorched,Armor,,Armor,Legendary,50,,,4472,6260,TRUE,,,,Drop,https://static.wikia.nocookie.net/swordburst2/images/3/36/Sunscorched.png/revision/latest,https://swordburst2.fandom.com/wiki/Sunscorched,1,0.5,clean_legendaries,Floor 5,2026-09-19T00:07:34Z
858,Rotblight Husk,Armor,,Armor,Common,50,,,2962,4146,TRUE,,,,Drop,https://static.wikia.nocookie.net/swordburst2/images/c/c0/Rotblight_Husk.png/revision/latest,https://swordburst2.fandom.com/wiki/Rotblight_Husk,,,,,2026-09-19T00:07:34Z
859,Elite Swordsman Armor,Armor,,Armor,Common,52,,,3300,4620,TRUE,,,,"33,750",https://static.wikia.nocookie.net/swordburst2/images/1/1a/Elite_Swordsman_Armor.png/revision/latest,https://swordburst2.fandom.com/wiki/Elite_Swordsman_Armor,,,,,2026-09-19T00:07:34Z
860,Demonic Pelt Armor,Armor,,Armor,Common,55,,,3904,5465,TRUE,,,,"40,000",https://static.wikia.nocookie.net/swordburst2/images/b/b0/Demonic_Pelt_Armor.png/revision/latest,https://swordburst2.fandom.com/wiki/Demonic_Pelt_Armor,,,,,2026-09-19T00:07:34Z
861,Titan's Guard,Armor,,Armor,Common,59,,,4086,5720,TRUE,,,,Drop,https://static.wikia.nocookie.net/swordburst2/images/1/1d/Titan%27s_Guard.png/revision/latest,https://swordburst2.fandom.com/wiki/Titan%27s_Guard,,,,,2026-09-19T00:07:34Z
862,Sporeguard,Armor,,Armor,Rare,60,,,3970,5558,TRUE,,,,Drop,https://static.wikia.nocookie.net/swordburst2/images/7/7f/Sporeguard.png/revision/latest,https://swordburst2.fandom.com/wiki/Sporeguard,,,,,2026-09-19T00:07:34Z
863,Vengeance Scaled Wraps,Armor,,Armor,Common,62,,,4399,6158,TRUE,,,,Drop,https://static.wikia.nocookie.net/swordburst2/images/9/94/Vengeance_Scaled_Wraps.png/revision/latest,https://swordburst2.fandom.com/wiki/Vengeance_Scaled_Wraps,,,,,2026-09-19T00:07:34Z
864,Arcana Robe,Armor,,Armor,Rare,65,,,4834,6767,TRUE,,,,Drop,https://static.wikia.nocookie.net/swordburst2/images/5/59/Arcana_Robe.png/revision/latest,https://swordburst2.fandom.com/wiki/Arcana_Robe,,,,,2026-09-19T00:07:34Z
865,Sapphire Platemail,Armor,,Armor,Legendary,65,,,6325,8855,TRUE,,,,Drop,https://static.wikia.nocookie.net/swordburst2/images/e/e3/Sapphire_Platemail.png/revision/latest,https://swordburst2.fandom.com/wiki/Sapphire_Platemail,0.7 - 1,1,clean_legendaries,Floor 7,2026-09-19T00:07:34Z
866,Phantom Cloak,Armor,,Armor,Common,67,,,4762,6666,TRUE,,,,"52,500",https://static.wikia.nocookie.net/swordburst2/images/9/93/Phantom_Cloak.png/revision/latest,https://swordburst2.fandom.com/wiki/Phantom_Cloak,,,,,2026-09-19T00:07:34Z
867,Petal Knight Cloak,Armor,,Armor,Rare,70,,,5828,8159,TRUE,,,,Drop,https://static.wikia.nocookie.net/swordburst2/images/b/ba/Petal_Knight_Cloak.png/revision/latest,https://swordburst2.fandom.com/wiki/Petal_Knight_Cloak,,,,,2026-09-19T00:07:34Z
868,Cobalt Titan,Armor,,Armor,Legendary,70,,,6840,9576,TRUE,,,,Drop,https://static.wikia.nocookie.net/swordburst2/images/3/3d/Cobalt_Titan.png/revision/latest,https://swordburst2.fandom.com/wiki/Cobalt_Titan,0.5-1,0.5,clean_legendaries,Floor 8,2026-09-19T00:07:34Z
869,Dragonskull Robe,Armor,,Armor,Legendary,75,,,7529,10540,TRUE,,,,Drop,https://static.wikia.nocookie.net/swordburst2/images/f/fa/Dragonskull_Robe.png/revision/latest,https://swordburst2.fandom.com/wiki/Dragonskull_Robe,1-2,1-2,clean_legendaries,Floor 8,2026-09-19T00:07:34Z
870,Cinder Crust,Armor,,Armor,Legendary,75,,,15000,,TRUE,,,,Gift,https://static.wikia.nocookie.net/swordburst2/images/5/59/Cinder_Crust.png/revision/latest,https://swordburst2.fandom.com/wiki/Cinder_Crust,,,,,2026-09-19T00:07:34Z
871,Slayer's Plate,Armor,,Armor,Common,78,,,6529,9140,TRUE,,,,Drop,https://static.wikia.nocookie.net/swordburst2/images/5/5e/Slayer%27s_Plate.png/revision/latest,https://swordburst2.fandom.com/wiki/Slayer%27s_Plate,,,,,2026-09-19T00:07:34Z
872,Holy Knight Armor,Armor,,Armor,Rare,82,,,7121,9969,TRUE,,,,Drop,https://static.wikia.nocookie.net/swordburst2/images/7/7a/Holy_Knight_Armor.png/revision/latest,https://swordburst2.fandom.com/wiki/Holy_Knight_Armor,,,,,2026-09-19T00:07:34Z
873,Chaos Platemail,Armor,,Armor,Legendary,85,,,8976,12566,TRUE,,,,Drop,https://static.wikia.nocookie.net/swordburst2/images/2/2d/Chaos_Platemail.png/revision/latest,https://swordburst2.fandom.com/wiki/Chaos_Platemail,0.5,0.5,clean_legendaries,Floor 9,2026-09-19T00:07:34Z
874,Nightshade,Armor,,Armor,Legendary,90,,,9640,13496,TRUE,,,,Drop,https://static.wikia.nocookie.net/swordburst2/images/e/ec/Nightshade.png/revision/latest,https://swordburst2.fandom.com/wiki/Nightshade,1,1,clean_legendaries,Floor 10,2026-09-19T00:07:34Z
875,Killer's Cloak,Armor,,Armor,Common,92,,,7781,10893,TRUE,,,,Drop,https://static.wikia.nocookie.net/swordburst2/images/9/9c/Killer%27s_Cloak.png/revision/latest,https://swordburst2.fandom.com/wiki/Killer%27s_Cloak,,,,,2026-09-19T00:07:34Z
876,Deathplate,Armor,,Armor,Rare,96,,,8328,11659,TRUE,,,,Drop,https://static.wikia.nocookie.net/swordburst2/images/c/ca/Deathplate_Armor.png/revision/latest,https://swordburst2.fandom.com/wiki/Deathplate,,,,,2026-09-19T00:07:34Z
877,Divine Platemail,Armor,,Armor,Legendary,100,,,10914,15279,TRUE,,,,Drop,https://static.wikia.nocookie.net/swordburst2/images/3/30/Divine_Platemail.png/revision/latest,https://swordburst2.fandom.com/wiki/Divine_Platemail,0.5,0.5,clean_legendaries,Floor 10,2026-09-19T00:07:34Z
878,Jack'O Platemail,Armor,,Armor,Rare,100,,,12600,,TRUE,,,,Drop,https://static.wikia.nocookie.net/swordburst2/images/4/4f/Jack%27O_Platemail.png/revision/latest,https://swordburst2.fandom.com/wiki/Jack%27O_Platemail,,,,,2026-09-19T00:07:34Z
879,Boreal Mail,Armor,,Armor,Common,100,,,10000,,TRUE,,,,Gift,https://static.wikia.nocookie.net/swordburst2/images/3/37/Boreal_Mail.png/revision/latest,https://swordburst2.fandom.com/wiki/Boreal_Mail,,,,,2026-09-19T00:07:34Z
880,Cybermilitary,Armor,,Armor,Common,110,,,8554,11975,TRUE,,,,Drop,https://static.wikia.nocookie.net/swordburst2/images/d/dd/Cybermilitary.png/revision/latest,https://swordburst2.fandom.com/wiki/Cybermilitary,,,,,2026-09-19T00:07:34Z
881,Astral Scholar's,Armor,,Armor,Legendary,130,,,13920,19488,TRUE,,,,Drop,https://static.wikia.nocookie.net/swordburst2/images/5/5b/Astral_Scholar%27s.png/revision/latest,https://swordburst2.fandom.com/wiki/Astral_Scholar%27s,1,1,clean_legendaries,Floor 11,2026-09-19T00:07:34Z
882,ShadowNinja Robe,Armor,,Armor,Rare,135,,,10451,14631,TRUE,,,,Drop,https://static.wikia.nocookie.net/swordburst2/images/5/54/ShadowNinja_Robe.png/revision/latest,https://swordburst2.fandom.com/wiki/ShadowNinja_Robe,,,,,2026-09-19T00:07:34Z
883,Quantum Circuit,Armor,,Armor,Legendary,140,,,15500,21700,TRUE,,,,Drop,https://static.wikia.nocookie.net/swordburst2/images/4/4f/Quantum_Circuit.png/revision/latest,https://swordburst2.fandom.com/wiki/Quantum_Circuit,0.5,0.5-1,clean_legendaries,Floor 11,2026-09-19T00:07:34Z
884,Skincarver Acolyte,Armor,,Armor,Rare,145,,,14600,20440,TRUE,,,,Drop,https://static.wikia.nocookie.net/swordburst2/images/0/01/Skincarver_Acolyte.png/revision/latest,https://swordburst2.fandom.com/wiki/Skincarver_Acolyte,,,,,2026-09-19T00:07:34Z
885,Cultist Robes of Evil,Armor,,Armor,Legendary,150,,,17336,24270,TRUE,,,,Drop,https://static.wikia.nocookie.net/swordburst2/images/a/aa/Cultist_Robes_of_Evil.png/revision/latest,https://swordburst2.fandom.com/wiki/Cultist_Robes_of_Evil,1,1,clean_legendaries,Floor 11,2026-09-19T00:07:34Z
886,Cultist Robes of Light,Armor,,Armor,Legendary,150,,,17336,24270,TRUE,,,,Drop,https://static.wikia.nocookie.net/swordburst2/images/2/2b/Cultist_Robes_of_Light.png/revision/latest,https://swordburst2.fandom.com/wiki/Cultist_Robes_of_Light,1,1,clean_legendaries,Floor 11,2026-09-19T00:07:34Z
887,Noir Cloak,Armor,,Armor,Common,160,,,17987,25181,TRUE,,,,Drop,https://static.wikia.nocookie.net/swordburst2/images/0/0a/Noir_Cloak.png/revision/latest,https://swordburst2.fandom.com/wiki/Noir_Cloak,6-7,4-6,misc,2-3 Hallow Merchant 2-3 Knight Claymore,2026-09-19T00:07:34Z
888,Software Defender,Armor,,Armor,Rare,170,,,18999,25336,TRUE,,,,Drop,https://static.wikia.nocookie.net/swordburst2/images/8/8d/Software_Defender.png/revision/latest,https://swordburst2.fandom.com/wiki/Software_Defender,,,,,2026-09-19T00:07:34Z
889,Midnight's Embrace,Armor,,Armor,Legendary,170,,,24016,33622,TRUE,,,,Drop,https://static.wikia.nocookie.net/swordburst2/images/5/58/Midnight%27s_Embrace.png/revision/latest,https://swordburst2.fandom.com/wiki/Midnight%27s_Embrace,1,1,clean_legendaries,Floor 11,2026-09-19T00:07:34Z
890,Undead Ranger,Armor,,Armor,Rare,180,,,23380,32732,TRUE,,,,Drop,https://static.wikia.nocookie.net/swordburst2/images/e/ea/Undead_Ranger.png/revision/latest,https://swordburst2.fandom.com/wiki/Undead_Ranger,,,,,2026-09-19T00:07:34Z
891,Retrograde Platemail,Armor,,Armor,Legendary,200,,,53097,74335,TRUE,,,,Drop,https://static.wikia.nocookie.net/swordburst2/images/3/38/Retrograde_Cloak.png/revision/latest,https://swordburst2.fandom.com/wiki/Retrograde_Platemail,1-2,1,clean_legendaries,Floor 11,2026-09-19T00:07:34Z
892,Falz's Raiment,Armor,,Armor,Common,200,,,46167,64633,TRUE,,,,Drop,https://static.wikia.nocookie.net/swordburst2/images/1/1a/Falz%27s_Raiment.png/revision/latest,https://swordburst2.fandom.com/wiki/Falz%27s_Raiment,,,,,2026-09-19T00:07:34Z
893,Imperial Scouter,Armor,,Armor,Common,210,,,66550,93170,TRUE,,,,Drop,https://static.wikia.nocookie.net/swordburst2/images/9/9c/Imperial_Scouter.png/revision/latest,https://swordburst2.fandom.com/wiki/Imperial_Scouter,,,,,2026-09-19T00:07:34Z
894,Voived Cloak,Armor,,Armor,Common,220,,,67992,95188,TRUE,,,,Drop,https://static.wikia.nocookie.net/swordburst2/images/5/5c/Voived_Cloak.png/revision/latest,https://swordburst2.fandom.com/wiki/Voived_Cloak,,,,,2026-09-19T00:07:34Z
895,Midnight Kin,Armor,,Armor,Legendary,225,,,74335,104069,TRUE,,,,Drop,https://static.wikia.nocookie.net/swordburst2/images/3/3b/Midnight_Kin.png/revision/latest,https://swordburst2.fandom.com/wiki/Midnight_Kin,12-15,3-4,clean_legendaries,30-40 Prismatic Apex 2 Floria's Gift,2026-09-19T00:07:34Z
896,Winter Merchant,Armor,,Armor,Legendary,225,,,110000,,TRUE,,,,Drop,https://static.wikia.nocookie.net/swordburst2/images/1/1a/Winter_Merchant.png/revision/latest,https://swordburst2.fandom.com/wiki/Winter_Merchant,0.5 - 1,,clean_legendaries,Easter Realm (2023),2026-09-19T00:07:34Z
897,Solem Mantle,Armor,,Armor,Rare,230,,,71755,100457,TRUE,,,,Drop,https://static.wikia.nocookie.net/swordburst2/images/3/36/Solem_Mantle.png/revision/latest,https://swordburst2.fandom.com/wiki/Solem_Mantle,,,,,2026-09-19T00:07:34Z
898,Dystopian Guardian,Armor,,Armor,Rare,250,,,86930,121702,TRUE,,,,Drop,https://static.wikia.nocookie.net/swordburst2/images/e/e0/Dystopian_Guardian.png/revision/latest,https://swordburst2.fandom.com/wiki/Dystopian_Guardian,,,,,2026-09-19T00:07:34Z
899,Negative Suit,Armor,,Armor,Burst,250,,,94282,131994,FALSE,,,,Crafting,https://static.wikia.nocookie.net/swordburst2/images/7/7e/Negative_Suit.png/revision/latest,https://swordburst2.fandom.com/wiki/Negative_Suit,,,,,2026-09-19T00:07:34Z
900,Vampirique,Armor,,Armor,Legendary,250,,,124600,,TRUE,,,,Drop,https://static.wikia.nocookie.net/swordburst2/images/e/ec/Vampirique.png/revision/latest,https://swordburst2.fandom.com/wiki/Vampirique,3-4,8-10,clean_legendaries,Easter Realm (2023),2026-09-19T00:07:34Z
901,Darken Scholar,Armor,,Armor,Legendary,250,,,91560,128184,TRUE,,,,Drop,https://static.wikia.nocookie.net/swordburst2/images/5/56/Darken_Scholar.png/revision/latest,https://swordburst2.fandom.com/wiki/Darken_Scholar,1,1-2,clean_legendaries,Floor 12,2026-09-19T00:07:34Z
902,Abyssal Wanderer,Armor,,Armor,Rare,265,,,106000,148400,TRUE,,,,Drop,https://static.wikia.nocookie.net/swordburst2/images/0/06/Abyssal_Wanderer.png/revision/latest,https://swordburst2.fandom.com/wiki/Abyssal_Wanderer,,,,,2026-09-19T00:07:34Z
903,Crownsguard Fatigues,Armor,,Armor,Legendary,275,,,151894,212,TRUE,,,,Drop,https://static.wikia.nocookie.net/swordburst2/images/c/c8/Crownsguard_Fatigues.png/revision/latest,https://swordburst2.fandom.com/wiki/Crownsguard_Fatigues,1,1,clean_legendaries,Floor 12,2026-09-19T00:07:34Z
904,Primordial Platemail,Armor,,Armor,Legendary,275,,,160000,224000,TRUE,,,,60M,https://static.wikia.nocookie.net/swordburst2/images/8/80/Primordial_Platemail.png/revision/latest,https://swordburst2.fandom.com/wiki/Primordial_Platemail,5,5-6,clean_legendaries,Fifteenth Edition,2026-09-19T00:07:34Z
905,Cypher Mage,Armor,,Armor,Rare,280,,,132260,185164,TRUE,,,,Drop,https://static.wikia.nocookie.net/swordburst2/images/9/9d/Cypher_Mage.png/revision/latest,https://swordburst2.fandom.com/wiki/Cypher_Mage,,,,,2026-09-19T00:07:34Z
906,Vanquished Tunic,Armor,,Armor,Legendary,285,,,171894,240651,TRUE,,,,Drop,https://static.wikia.nocookie.net/swordburst2/images/d/d6/Vanquished_Tunic.png/revision/latest,https://swordburst2.fandom.com/wiki/Vanquished_Tunic,1,1,clean_legendaries,Floor 12,2026-09-19T00:07:34Z
907,Exiled Deathplate,Armor,,Armor,Legendary,285,,,171894,240651,TRUE,,,,Drop,https://static.wikia.nocookie.net/swordburst2/images/c/c9/Exiled_Deathplate.png/revision/latest,https://swordburst2.fandom.com/wiki/Exiled_Deathplate,1,1,clean_legendaries,Floor 12,2026-09-19T00:07:34Z
908,Festive Cape,Accessory,,Accessory,Rare,,,,,,FALSE,,,,Small Festive Gift,https://static.wikia.nocookie.net/swordburst2/images/9/96/Festive_Cape.png/revision/latest,https://swordburst2.fandom.com/wiki/Festive_Cape,,,,,2026-09-19T00:07:34Z
909,Festive Scarf,Accessory,,Accessory,Rare,,,,,,FALSE,,,,Big Festive Gift,https://static.wikia.nocookie.net/swordburst2/images/c/c4/Festive_Scarf.png/revision/latest,https://swordburst2.fandom.com/wiki/Festive_Scarf,,,,,2026-09-19T00:07:34Z
910,Halo,Accessory,,Accessory,Rare,,,,,,FALSE,,,,100,https://static.wikia.nocookie.net/swordburst2/images/f/f3/Halo.png/revision/latest,https://swordburst2.fandom.com/wiki/Halo,,,,,2026-09-19T00:07:34Z
911,Headband,Accessory,,Accessory,Rare,,,,,,FALSE,,,,100,https://static.wikia.nocookie.net/swordburst2/images/9/92/Headband.png/revision/latest,https://swordburst2.fandom.com/wiki/Headband,,,,,2026-09-19T00:07:34Z
912,Bunny Mask,Accessory,,Accessory,Rare,,,,,,FALSE,,6%,,125,https://static.wikia.nocookie.net/swordburst2/images/9/9f/Bunny_Mask.png/revision/latest,https://swordburst2.fandom.com/wiki/Bunny_Mask,,,,,2026-09-19T00:07:34Z
913,Sheathed Dagger,Accessory,,Accessory,Rare,,,,,,FALSE,,4%,4%,125,https://static.wikia.nocookie.net/swordburst2/images/4/44/Sheathed_Dagger.png/revision/latest,https://swordburst2.fandom.com/wiki/Sheathed_Dagger,1-2,,accessories,Waist / Back,2026-09-19T00:07:34Z
914,Purple Scarf,Accessory,,Accessory,Rare,,,,,,FALSE,,8%,,200,https://static.wikia.nocookie.net/swordburst2/images/8/86/Purple_Scarf.png/revision/latest,https://swordburst2.fandom.com/wiki/Purple_Scarf,,,,,2026-09-19T00:07:34Z
915,Black Scarf,Accessory,,Accessory,Rare,,,,,,FALSE,,,,200,https://static.wikia.nocookie.net/swordburst2/images/0/01/Black_Scarf.png/revision/latest,https://swordburst2.fandom.com/wiki/Black_Scarf,,,,,2026-09-19T00:07:34Z
916,Sheathed Shortsword,Accessory,,Accessory,Rare,,,,,,FALSE,,8%,8%,250,https://static.wikia.nocookie.net/swordburst2/images/f/f0/Sheathed_Shortsword.png/revision/latest,https://swordburst2.fandom.com/wiki/Sheathed_Shortsword,1-2,,accessories,Waist / Back,2026-09-19T00:07:34Z
917,Velvet Cloak,Accessory,,Accessory,Rare,,,,,,FALSE,,3%,,350,https://static.wikia.nocookie.net/swordburst2/images/a/ad/Velvet_Cloak.png/revision/latest,https://swordburst2.fandom.com/wiki/Velvet_Cloak,,,,,2026-09-19T00:07:34Z
918,Blue Burst Aura,Accessory,,Accessory,Rare,,,,,,FALSE,,,,400,https://static.wikia.nocookie.net/swordburst2/images/6/64/Blue_Burst_Aura.png/revision/latest,https://swordburst2.fandom.com/wiki/Blue_Burst_Aura,,,,,2026-09-19T00:07:34Z
919,Ember,Accessory,,Accessory,Rare,,,,,,FALSE,,,,250,https://static.wikia.nocookie.net/swordburst2/images/3/38/Ember.png/revision/latest,https://swordburst2.fandom.com/wiki/Ember,,,,,2026-09-19T00:07:34Z
920,Orange Burst Aura,Accessory,,Accessory,Rare,,,,,,FALSE,,,,250,https://static.wikia.nocookie.net/swordburst2/images/c/cb/Orange_Burst_Aura.png/revision/latest,https://swordburst2.fandom.com/wiki/Orange_Burst_Aura,,,,,2026-09-19T00:07:34Z
921,Orange Foxtail,Accessory,,Accessory,Rare,,,,,,FALSE,,,,200,https://static.wikia.nocookie.net/swordburst2/images/7/78/Orange_Foxtail.png/revision/latest,https://swordburst2.fandom.com/wiki/Orange_Foxtail,1-2,,accessories,Waist / Back,2026-09-19T00:07:34Z
922,Priest Cloak,Accessory,,Accessory,Common,,,,,,FALSE,,12%,,250,https://static.wikia.nocookie.net/swordburst2/images/4/47/Priest_Cloak.png/revision/latest,https://swordburst2.fandom.com/wiki/Priest_Cloak,,,,,2026-09-19T00:07:34Z
923,Rainy Day,Accessory,,Accessory,Rare,,,,,,FALSE,,,,200,https://static.wikia.nocookie.net/swordburst2/images/2/24/Rainy_Day.png/revision/latest,https://swordburst2.fandom.com/wiki/Rainy_Day,,,,,2026-09-19T00:07:34Z
924,Red Fiery Scarf,Accessory,,Accessory,Rare,,,,,,FALSE,,8%,,300,https://static.wikia.nocookie.net/swordburst2/images/1/1e/Red_Fiery_Scarf.png/revision/latest,https://swordburst2.fandom.com/wiki/Red_Fiery_Scarf,,,,,2026-09-19T00:07:34Z
925,Sleepy,Accessory,,Accessory,Common,,,,,,FALSE,,,,50,https://static.wikia.nocookie.net/swordburst2/images/d/de/Sleepy.png/revision/latest,https://swordburst2.fandom.com/wiki/Sleepy,3-4,,accessories,Head Gears N/A Untradeable,2026-09-19T00:07:34Z
926,Blue Cat Ears,Accessory,,Accessory,Rare,,,,,,FALSE,,,,199,https://static.wikia.nocookie.net/swordburst2/images/6/62/Blue_Cat_Ears.png/revision/latest,https://swordburst2.fandom.com/wiki/Blue_Cat_Ears,2,,accessories,Head Gears N/A Untradeable,2026-09-19T00:07:34Z
927,Legendary Foxtail,Accessory,,Accessory,Rare,,,,,,FALSE,,,,399,https://static.wikia.nocookie.net/swordburst2/images/8/8d/Legendary_Foxtail.png/revision/latest,https://swordburst2.fandom.com/wiki/Legendary_Foxtail,2-3,,accessories,Waist / Back,2026-09-19T00:07:34Z
928,Cloak of Night,Accessory,,Accessory,Common,,,,,,FALSE,,9%,,399,https://static.wikia.nocookie.net/swordburst2/images/b/ba/Cloak_of_Night.png/revision/latest,https://swordburst2.fandom.com/wiki/Cloak_of_Night,,,,,2026-09-19T00:07:34Z
929,Crimson Wings,Accessory,,Accessory,Rare,,,,,,FALSE,,,,499,https://static.wikia.nocookie.net/swordburst2/images/2/28/Crimson_Wings.png/revision/latest,https://swordburst2.fandom.com/wiki/Crimson_Wings,2-3,,accessories,Waist / Back,2026-09-19T00:07:34Z
930,Lapis Wings,Accessory,,Accessory,Rare,,,,,,FALSE,,,,499,https://static.wikia.nocookie.net/swordburst2/images/3/38/Lapis_Wings.png/revision/latest,https://swordburst2.fandom.com/wiki/Lapis_Wings,2-3,,accessories,Waist / Back,2026-09-19T00:07:34Z
931,Shiny Yellow Cape,Accessory,,Accessory,Legendary,,,,,,FALSE,,9%,9%,400,https://static.wikia.nocookie.net/swordburst2/images/1/1c/Shiny_Yellow_Cape.png/revision/latest,https://swordburst2.fandom.com/wiki/Shiny_Yellow_Cape,,,,,2026-09-19T00:07:34Z
932,Crimson Field Cape,Accessory,,Accessory,Legendary,,,,,,FALSE,,,,400,https://static.wikia.nocookie.net/swordburst2/images/3/37/Crimson_Field_Cape.png/revision/latest,https://swordburst2.fandom.com/wiki/Crimson_Field_Cape,,,,,2026-09-19T00:07:34Z
933,Phantom Cape,Accessory,,Accessory,Legendary,,,,,,FALSE,,,,250,https://static.wikia.nocookie.net/swordburst2/images/d/d3/Phantom_Cape.png/revision/latest,https://swordburst2.fandom.com/wiki/Phantom_Cape,,,,,2026-09-19T00:07:34Z
934,Orange Body Aura,Accessory,,Accessory,Common,,,,,,FALSE,,,,Chest 350,https://static.wikia.nocookie.net/swordburst2/images/1/19/Orange_Body_Aura.png/revision/latest,https://swordburst2.fandom.com/wiki/Auras,,,,,2026-09-19T00:07:34Z
935,Purple Body Aura,Accessory,,Accessory,Common,,,,,,FALSE,,,,Chest 350,https://static.wikia.nocookie.net/swordburst2/images/e/e1/Purple_Body_Aura.png/revision/latest,https://swordburst2.fandom.com/wiki/Auras,,,,,2026-09-19T00:07:34Z
936,Blue Body Aura,Accessory,,Accessory,Rare,,,,,,FALSE,,,,Chest 350,https://static.wikia.nocookie.net/swordburst2/images/2/2a/Blue_Body_Aura.png/revision/latest,https://swordburst2.fandom.com/wiki/Auras,,,,,2026-09-19T00:07:34Z
937,Green Body Aura,Accessory,,Accessory,Common,,,,,,FALSE,,,,Chest 350,https://static.wikia.nocookie.net/swordburst2/images/8/80/Green_Body_Aura.png/revision/latest,https://swordburst2.fandom.com/wiki/Auras,,,,,2026-09-19T00:07:34Z
938,Red Body Aura,Accessory,,Accessory,Rare,,,,,,FALSE,,,,Chest 350,https://static.wikia.nocookie.net/swordburst2/images/f/f5/Red_Body_Aura.png/revision/latest,https://swordburst2.fandom.com/wiki/Auras,,,,,2026-09-19T00:07:34Z
939,Bat Body Aura,Accessory,,Accessory,Legendary,,,,,,FALSE,,,,Chest 350,https://static.wikia.nocookie.net/swordburst2/images/4/44/Bat_Body_Aura.png/revision/latest,https://swordburst2.fandom.com/wiki/Auras,,,,,2026-09-19T00:07:34Z
940,Blue Halo Body Aura,Accessory,,Accessory,Common,,,,,,FALSE,,,,Chest 250,https://static.wikia.nocookie.net/swordburst2/images/d/d1/Blue_Halo_Body_Aura.png/revision/latest,https://swordburst2.fandom.com/wiki/Auras,,,,,2026-09-19T00:07:34Z
941,Green Halo Body Aura,Accessory,,Accessory,Common,,,,,,FALSE,,,,Chest 250,https://static.wikia.nocookie.net/swordburst2/images/a/ad/Green_Halo_Body_Aura.png/revision/latest,https://swordburst2.fandom.com/wiki/Auras,,,,,2026-09-19T00:07:34Z
942,Orange Halo Body Aura,Accessory,,Accessory,Common,,,,,,FALSE,,,,Chest 250,https://static.wikia.nocookie.net/swordburst2/images/a/af/Orange_Halo_Body_Aura.png/revision/latest,https://swordburst2.fandom.com/wiki/Auras,,,,,2026-09-19T00:07:34Z
943,Pink Halo Body Aura,Accessory,,Accessory,Common,,,,,,FALSE,,,,Chest 250,https://static.wikia.nocookie.net/swordburst2/images/6/61/Pink_Halo_Body_Aura.png/revision/latest,https://swordburst2.fandom.com/wiki/Auras,,,,,2026-09-19T00:07:34Z
944,Yellow Halo Body Aura,Accessory,,Accessory,Common,,,,,,FALSE,,,,Chest 250,https://static.wikia.nocookie.net/swordburst2/images/9/9f/Yellow_Halo_Body_Aura.png/revision/latest,https://swordburst2.fandom.com/wiki/Auras,,,,,2026-09-19T00:07:34Z
945,White Halo Body Aura,Accessory,,Accessory,Common,,,,,,FALSE,,,,Chest 250,https://static.wikia.nocookie.net/swordburst2/images/a/ac/White_Halo_Body_Aura.png/revision/latest,https://swordburst2.fandom.com/wiki/Auras,,,,,2026-09-19T00:07:34Z
946,Blue Sparkle Body Aura,Accessory,,Accessory,Common,,,,,,FALSE,,,,Chest 250,https://static.wikia.nocookie.net/swordburst2/images/e/ec/Blue_Sparkle_Body_Aura.png/revision/latest,https://swordburst2.fandom.com/wiki/Auras,,,,,2026-09-19T00:07:34Z
947,Green Sparkle Body Aura,Accessory,,Accessory,Common,,,,,,FALSE,,,,Chest 250,https://static.wikia.nocookie.net/swordburst2/images/b/b0/Green_Sparkle_Body_Aura.png/revision/latest,https://swordburst2.fandom.com/wiki/Auras,,,,,2026-09-19T00:07:34Z
948,Orange Sparkle Body Aura,Accessory,,Accessory,Common,,,,,,FALSE,,,,Chest 250,https://static.wikia.nocookie.net/swordburst2/images/d/d3/Orange_Sparkle_Body_Aura.png/revision/latest,https://swordburst2.fandom.com/wiki/Auras,,,,,2026-09-19T00:07:34Z
949,Pink Sparkle Body Aura,Accessory,,Accessory,Common,,,,,,FALSE,,,,Chest 250,https://static.wikia.nocookie.net/swordburst2/images/1/1d/Pink_Sparkle_Body_Aura.png/revision/latest,https://swordburst2.fandom.com/wiki/Auras,,,,,2026-09-19T00:07:34Z
950,Yellow Sparkle Body Aura,Accessory,,Accessory,Common,,,,,,FALSE,,,,Chest 250,https://static.wikia.nocookie.net/swordburst2/images/2/2d/Yellow_Sparkle_Body_Aura.png/revision/latest,https://swordburst2.fandom.com/wiki/Auras,,,,,2026-09-19T00:07:34Z
951,White Sparkle Body Aura,Accessory,,Accessory,Common,,,,,,FALSE,,,,Chest 250,https://static.wikia.nocookie.net/swordburst2/images/7/74/White_Sparkle_Body_Aura.png/revision/latest,https://swordburst2.fandom.com/wiki/Auras,,,,,2026-09-19T00:07:34Z
952,Corrupting Void,Accessory,,Accessory,Common,,,,,,FALSE,,,,Chest 325,https://static.wikia.nocookie.net/swordburst2/images/0/00/Corrupting_Void.png/revision/latest,https://swordburst2.fandom.com/wiki/Auras,35-40,,auras,Idol Star Bundle 500 Arising Star,2026-09-19T00:07:34Z
953,Chroma,Accessory,,Accessory,Common,,,,,,FALSE,,,,Chest 325,https://static.wikia.nocookie.net/swordburst2/images/6/68/Chroma_Aura.png/revision/latest,https://swordburst2.fandom.com/wiki/Auras,20-25,,auras,Idol Star Bundle 500 Arising Star,2026-09-19T00:07:34Z
954,Enchanted Snowstorn,Accessory,,Accessory,Common,,,,,,FALSE,,,,Chest 325,https://static.wikia.nocookie.net/swordburst2/images/1/1e/Enchanted_Snowstorn.png/revision/latest,https://swordburst2.fandom.com/wiki/Auras,20,,auras,Idol Star Bundle 500 Arising Star,2026-09-19T00:07:34Z
955,Crimson Curse,Accessory,,Accessory,Rare,,,,,,FALSE,,,,Chest 325,https://static.wikia.nocookie.net/swordburst2/images/f/f7/Crimson_Curse.png/revision/latest,https://swordburst2.fandom.com/wiki/Auras,60-70,,auras,Idol Star Bundle 500 Arising Star,2026-09-19T00:07:34Z
956,Galaxy Heart,Accessory,,Accessory,Rare,,,,,,FALSE,,,,Chest 325,https://static.wikia.nocookie.net/swordburst2/images/6/62/Galaxy_Heart.png/revision/latest,https://swordburst2.fandom.com/wiki/Auras,40,,auras,Idol Star Bundle 500 Arising Star,2026-09-19T00:07:34Z
957,Golden,Accessory,,Accessory,Rare,,,,,,FALSE,,,,Chest 325,https://static.wikia.nocookie.net/swordburst2/images/b/b0/Golden_Body_Aura.png/revision/latest,https://swordburst2.fandom.com/wiki/Auras,40-45,,auras,Idol Star Bundle 500 Arising Star,2026-09-19T00:07:34Z
958,Toxic,Accessory,,Accessory,Common,,,,,,FALSE,,,,Chest 300,https://static.wikia.nocookie.net/swordburst2/images/1/19/Toxic_Body_Aura.png/revision/latest,https://swordburst2.fandom.com/wiki/Auras,6-7,,auras,Idol Star Bundle 500 Arising Star,2026-09-19T00:07:34Z
959,Sacred Desire,Accessory,,Accessory,Rare,,,,,,FALSE,,,,Chest 300,https://static.wikia.nocookie.net/swordburst2/images/4/44/Sacred_Desire.png/revision/latest,https://swordburst2.fandom.com/wiki/Auras,50,,auras,Idol Star Bundle 500 Arising Star,2026-09-19T00:07:34Z
960,Nebula Heart,Accessory,,Accessory,Rare,,,,,,FALSE,,,,Chest 300,https://static.wikia.nocookie.net/swordburst2/images/7/78/Nebula_Heart.png/revision/latest,https://swordburst2.fandom.com/wiki/Auras,8-10,,auras,Idol Star Bundle 500 Arising Star,2026-09-19T00:07:34Z
961,Chaos,Accessory,,Accessory,Rare,,,,,,FALSE,,,,Chest 300,https://static.wikia.nocookie.net/swordburst2/images/8/8f/Chaos.png/revision/latest,https://swordburst2.fandom.com/wiki/Auras,15-17,,auras,Idol Star Bundle 500 Arising Star,2026-09-19T00:07:34Z
962,Azure Fire,Accessory,,Accessory,Rare,,,,,,FALSE,,,,Chest 300,https://static.wikia.nocookie.net/swordburst2/images/c/c2/Azure_Fire.png/revision/latest,https://swordburst2.fandom.com/wiki/Auras,15,,auras,Idol Star Bundle 500 Arising Star,2026-09-19T00:07:34Z
963,Holy Light,Accessory,,Accessory,Legendary,,,,,,FALSE,,,,Chest 300,https://static.wikia.nocookie.net/swordburst2/images/9/9b/Holy_Light.png/revision/latest,https://swordburst2.fandom.com/wiki/Auras,30-35,,auras,Idol Star Bundle 500 Arising Star,2026-09-19T00:07:34Z
964,Cosmic Observer,Accessory,,Accessory,Legendary,,,,,,FALSE,,,,Chest 600,https://static.wikia.nocookie.net/swordburst2/images/1/12/Cosmic_Observer_Body_Aura.png/revision/latest,https://swordburst2.fandom.com/wiki/Auras,16-18,,auras,Idol Star Bundle 500 Arising Star,2026-09-19T00:07:34Z
965,Turbulent Tides,Accessory,,Accessory,Legendary,,,,,,FALSE,,,,Chest 600,https://static.wikia.nocookie.net/swordburst2/images/6/65/Turbulent_Tides_Body_Aura.png/revision/latest,https://swordburst2.fandom.com/wiki/Auras,5-6,,auras,Idol Star Bundle 500 Arising Star,2026-09-19T00:07:34Z
966,Tempest Flow,Accessory,,Accessory,Legendary,,,,,,FALSE,,,,Chest 600,https://static.wikia.nocookie.net/swordburst2/images/6/66/Tempest_Flow_Body_Aura.png/revision/latest,https://swordburst2.fandom.com/wiki/Auras,8,,auras,Idol Star Bundle 500 Arising Star,2026-09-19T00:07:34Z
967,Floral Breath,Accessory,,Accessory,Legendary,,,,,,FALSE,,,,Chest 600,https://static.wikia.nocookie.net/swordburst2/images/5/5d/Floral_Breath_Body_Aura.png/revision/latest,https://swordburst2.fandom.com/wiki/Auras,1,,auras,Idol Star Bundle 500 Arising Star,2026-09-19T00:07:34Z
968,Lunar,Accessory,,Accessory,Legendary,,,,,,FALSE,,,,Chest 600,https://static.wikia.nocookie.net/swordburst2/images/0/02/Lunar_Body_Aura.png/revision/latest,https://swordburst2.fandom.com/wiki/Auras,20,,auras,Idol Star Bundle 500 Arising Star,2026-09-19T00:07:34Z
969,Luminous Sparkle,Accessory,,Accessory,Rare,,,,,,FALSE,,,,Chest 300,https://static.wikia.nocookie.net/swordburst2/images/d/d6/Luminous_Sparkle.png/revision/latest,https://swordburst2.fandom.com/wiki/Auras,3-4,,auras,Idol Star Bundle 500 Arising Star,2026-09-19T00:07:34Z
970,Rose Essence Heart,Accessory,,Accessory,Rare,,,,,,FALSE,,,,Chest 300,https://static.wikia.nocookie.net/swordburst2/images/0/02/Rose_Essence_Heart.png/revision/latest,https://swordburst2.fandom.com/wiki/Auras,6-8,,auras,Idol Star Bundle 500 Arising Star,2026-09-19T00:07:34Z
971,Azure Halo,Accessory,,Accessory,Rare,,,,,,FALSE,,,,Chest 300,https://static.wikia.nocookie.net/swordburst2/images/6/63/Azure_Halo.png/revision/latest,https://swordburst2.fandom.com/wiki/Auras,3-4,,auras,Idol Star Bundle 500 Arising Star,2026-09-19T00:07:34Z
972,Crimson Rupture,Accessory,,Accessory,Rare,,,,,,FALSE,,,,Chest 300,https://static.wikia.nocookie.net/swordburst2/images/c/c8/Crimson_Rupture.png/revision/latest,https://swordburst2.fandom.com/wiki/Auras,7-9,,auras,Idol Star Bundle 500 Arising Star,2026-09-19T00:07:34Z
973,Ethereal Love Blossom,Accessory,,Accessory,Rare,,,,,,FALSE,,,,Chest 300,https://static.wikia.nocookie.net/swordburst2/images/5/53/Ethereal_Love_Blossom.png/revision/latest,https://swordburst2.fandom.com/wiki/Auras,15-18,,auras,Idol Star Bundle 500 Arising Star,2026-09-19T00:07:34Z
974,Shadowed Reverence,Accessory,,Accessory,Rare,,,,,,FALSE,,,,Chest 300,https://static.wikia.nocookie.net/swordburst2/images/9/9b/Shadowed_Reverence.png/revision/latest,https://swordburst2.fandom.com/wiki/Auras,16-20,,auras,Idol Star Bundle 500 Arising Star,2026-09-19T00:07:34Z
975,White Bunny Body Aura,Accessory,,Accessory,Rare,,,,,,FALSE,,,,Chest 300,https://static.wikia.nocookie.net/swordburst2/images/3/30/White_Bunny_Body_Aura.png/revision/latest,https://swordburst2.fandom.com/wiki/Auras,,,,,2026-09-19T00:07:34Z
976,Black Bunny Body Aura,Accessory,,Accessory,Rare,,,,,,FALSE,,,,Chest 300,https://static.wikia.nocookie.net/swordburst2/images/2/2a/Black_Bunny_Body_Aura.png/revision/latest,https://swordburst2.fandom.com/wiki/Auras,,,,,2026-09-19T00:07:34Z
977,Golden Bunny Body Aura,Accessory,,Accessory,Rare,,,,,,FALSE,,,,Chest 300,https://static.wikia.nocookie.net/swordburst2/images/8/81/Golden_Bunny_Body_Aura.png/revision/latest,https://swordburst2.fandom.com/wiki/Auras,,,,,2026-09-19T00:07:34Z
978,Tuxedo Bunny Body Aura,Accessory,,Accessory,Legendary,,,,,,FALSE,,,,Chest 300,https://static.wikia.nocookie.net/swordburst2/images/9/99/Tuxedo_Bunny_Body_Aura.png/revision/latest,https://swordburst2.fandom.com/wiki/Auras,,,,,2026-09-19T00:07:34Z
979,Crimson Bunny Body Aura,Accessory,,Accessory,Legendary,,,,,,FALSE,,,,Chest 300,https://static.wikia.nocookie.net/swordburst2/images/1/1d/Crimson_Bunny_Body_Aura.png/revision/latest,https://swordburst2.fandom.com/wiki/Auras,,,,,2026-09-19T00:07:34Z
980,Prismatic Bunny Body Aura,Accessory,,Accessory,Legendary,,,,,,FALSE,,,,Chest 300,https://static.wikia.nocookie.net/swordburst2/images/9/95/Prismatic_Bunny_Body_Aura.png/revision/latest,https://swordburst2.fandom.com/wiki/Auras,,,,,2026-09-19T00:07:34Z
981,White Kitty Body Aura,Accessory,,Accessory,Rare,,,,,,FALSE,,,,Chest 400,https://static.wikia.nocookie.net/swordburst2/images/c/c8/White_Kitty_Body_Aura.png/revision/latest,https://swordburst2.fandom.com/wiki/Auras,,,,,2026-09-19T00:07:34Z
982,Black Kitty Body Aura,Accessory,,Accessory,Rare,,,,,,FALSE,,,,Chest 400,https://static.wikia.nocookie.net/swordburst2/images/a/aa/Black_Kitty_Body_Aura.png/revision/latest,https://swordburst2.fandom.com/wiki/Auras,,,,,2026-09-19T00:07:34Z
983,Golden Kitty Body Aura,Accessory,,Accessory,Rare,,,,,,FALSE,,,,Chest 400,https://static.wikia.nocookie.net/swordburst2/images/6/63/Golden_Kitty_Body_Aura.png/revision/latest,https://swordburst2.fandom.com/wiki/Auras,,,,,2026-09-19T00:07:34Z
984,Wonder Kitty Body Aura,Accessory,,Accessory,Legendary,,,,,,FALSE,,,,Chest 400,https://static.wikia.nocookie.net/swordburst2/images/9/9b/Wonder_Kitty_Body_Aura.png/revision/latest,https://swordburst2.fandom.com/wiki/Auras,,,,,2026-09-19T00:07:34Z
985,Tuxedo Kitty Body Aura,Accessory,,Accessory,Legendary,,,,,,FALSE,,,,Chest 400,https://static.wikia.nocookie.net/swordburst2/images/6/69/Tuxedo_Kitty_Body_Aura.png/revision/latest,https://swordburst2.fandom.com/wiki/Auras,,,,,2026-09-19T00:07:34Z
986,Prismatic Kitty Body Aura,Accessory,,Accessory,Legendary,,,,,,FALSE,,,,Chest 400,https://static.wikia.nocookie.net/swordburst2/images/1/14/Prismatic_Kitty_Body_Aura.png/revision/latest,https://swordburst2.fandom.com/wiki/Auras,,,,,2026-09-19T00:07:34Z
987,Sweetened Body Aura,Accessory,,Accessory,Rare,,,,,,FALSE,,,,Burst Store 400,https://static.wikia.nocookie.net/swordburst2/images/c/c4/SweetenedAura.png/revision/latest,https://swordburst2.fandom.com/wiki/Sweetened_Body_Aura,,,,,2026-09-19T00:07:34Z
988,Hallowing Body Aura,Accessory,,Accessory,Rare,,,,,,FALSE,,,,Burst Store 400,https://static.wikia.nocookie.net/swordburst2/images/8/89/HallowingB.Aura.png/revision/latest,https://swordburst2.fandom.com/wiki/Hallowing_Body_Aura,,,,,2026-09-19T00:07:34Z
989,Dark Energy Body Aura,Accessory,,Accessory,Rare,,,,,,FALSE,,,,Burst Store 400,https://static.wikia.nocookie.net/swordburst2/images/e/e9/DarkBAura.png/revision/latest,https://swordburst2.fandom.com/wiki/Dark_Energy_Body_Aura,,,,,2026-09-19T00:07:34Z
990,Ghostly Body Aura,Accessory,,Accessory,Rare,,,,,,FALSE,,,,Burst Store 400,https://static.wikia.nocookie.net/swordburst2/images/0/07/GhostlyBAura.png/revision/latest,https://swordburst2.fandom.com/wiki/Ghostly_Body_Aura,,,,,2026-09-19T00:07:34Z
991,Scarlet Death Body Aura,Accessory,,Accessory,Legendary,,,,,,FALSE,,,,Burst Store 400,https://static.wikia.nocookie.net/swordburst2/images/4/45/Scarlet_Death_Body_Aura.png/revision/latest,https://swordburst2.fandom.com/wiki/Scarlet_Death_Body_Aura,,,,,2026-09-19T00:07:34Z
992,Phantasmatic Violet Body Aura,Accessory,,Accessory,Rare,,,,,,FALSE,,,,Burst Store 350,https://static.wikia.nocookie.net/swordburst2/images/0/06/Phantasmatic_Violet_Body_Aura..png/revision/latest,https://swordburst2.fandom.com/wiki/Phantasmatic_Violet_Body_Aura,,,,,2026-09-19T00:07:34Z
993,Crow's Madness Body Aura,Accessory,,Accessory,Rare,,,,,,FALSE,,,,Burst Store 350,https://static.wikia.nocookie.net/swordburst2/images/e/e2/Crow%27s_Madness_Body_Aura.png/revision/latest,https://swordburst2.fandom.com/wiki/Crow%27s_Madness_Body_Aura,,,,,2026-09-19T00:07:34Z
994,Hellscape Body Aura,Accessory,,Accessory,Legendary,,,,,,FALSE,,,,Burst Store 400,https://static.wikia.nocookie.net/swordburst2/images/3/36/Hellscape_Body_Aura.png/revision/latest,https://swordburst2.fandom.com/wiki/Hellscape_Body_Aura,,,,,2026-09-19T00:07:34Z
995,Vibrant Affection Body Aura,Accessory,,Accessory,Rare,,,,,,FALSE,,,,Burst Store 300,https://static.wikia.nocookie.net/swordburst2/images/e/e5/Vibrant_Affection_Body_Aura.png/revision/latest,https://swordburst2.fandom.com/wiki/Vibrant_Affection_Body_Aura,,,,,2026-09-19T00:07:34Z
996,Virtual Love Body Aura,Accessory,,Accessory,Rare,,,,,,FALSE,,,,Burst Store 300,https://static.wikia.nocookie.net/swordburst2/images/e/ea/Virtual_Love_Body_Aura.png/revision/latest,https://swordburst2.fandom.com/wiki/Virtual_Love_Body_Aura,,,,,2026-09-19T00:07:34Z
997,Love Rush Body Aura,Accessory,,Accessory,Rare,,,,,,FALSE,,,,Burst Store 300,https://static.wikia.nocookie.net/swordburst2/images/e/e3/Love_Rush_Body_Aura..png/revision/latest,https://swordburst2.fandom.com/wiki/Love_Rush_Body_Aura,,,,,2026-09-19T00:07:34Z
998,Golden Shine Body Aura,Accessory,,Accessory,Legendary,,,,,,FALSE,,,,Gift,https://static.wikia.nocookie.net/swordburst2/images/9/9a/Golden_Shine_Body_Aura_Fan_Art.png/revision/latest,https://swordburst2.fandom.com/wiki/Golden_Shine_Body_Aura,,,,,2026-09-19T00:07:34Z
999,Silver Shine Body Aura,Accessory,,Accessory,Legendary,,,,,,FALSE,,,,Gift,https://static.wikia.nocookie.net/swordburst2/images/3/39/Silver_Shine_Body_Aura_Fan_Art.png/revision/latest,https://swordburst2.fandom.com/wiki/Silver_Shine_Body_Aura,,,,,2026-09-19T00:07:34Z
1000,Frostbound Body Aura,Accessory,,Accessory,Legendary,,,,,,FALSE,,,,"Burst Store 1,200",https://static.wikia.nocookie.net/swordburst2/images/0/06/Frostbound_Body_Aura.png/revision/latest,https://swordburst2.fandom.com/wiki/Frostbound_Body_Aura,,,,,2026-09-19T00:07:34Z
1001,Crimson Flame Body Aura,Accessory,,Accessory,Rare,,,,,,FALSE,,,,"Burst Store 2,500",https://static.wikia.nocookie.net/swordburst2/images/9/90/Crimson_Flame_Body_Aura.png/revision/latest,https://swordburst2.fandom.com/wiki/Crimson_Flame_Body_Aura,,,,,2026-09-19T00:07:34Z
1002,Idol Star Body Aura,Accessory,,Accessory,Legendary,,,,,,FALSE,,25%,5%,"Burst Store 2,999",https://static.wikia.nocookie.net/swordburst2/images/7/7c/Idol_Star_Body_Aura.png/revision/latest,https://swordburst2.fandom.com/wiki/Idol_Star_Body_Aura,,,,,2026-09-19T00:07:34Z
1003,Kapow Body Aura,Accessory,,Accessory,Legendary,,,,,,FALSE,,,,Chest 450,https://static.wikia.nocookie.net/swordburst2/images/5/53/Kapow_Body_Aura.png/revision/latest,https://swordburst2.fandom.com/wiki/Auras,,,,,2026-09-19T00:07:34Z
1004,Duality Flow Body Aura,Accessory,,Accessory,Legendary,,,,,,FALSE,,,,Chest 450,https://static.wikia.nocookie.net/swordburst2/images/e/eb/Duality_Flow_Body_Aura.png/revision/latest,https://swordburst2.fandom.com/wiki/Auras,,,,,2026-09-19T00:07:34Z
1005,Glacial Snowflake Body Aura,Accessory,,Accessory,Legendary,,,,,,FALSE,,,,Chest 450,https://static.wikia.nocookie.net/swordburst2/images/d/d4/Glacial_Snowflake_Body_Aura.png/revision/latest,https://swordburst2.fandom.com/wiki/Auras,,,,,2026-09-19T00:07:34Z
1006,Falling Star Body Aura,Accessory,,Accessory,Legendary,,,,,,FALSE,,,,Chest 450,https://static.wikia.nocookie.net/swordburst2/images/5/51/Falling_Star_Body_Aura.png/revision/latest,https://swordburst2.fandom.com/wiki/Auras,,,,,2026-09-19T00:07:34Z
1007,Calamity Body Aura,Accessory,,Accessory,Legendary,,,,,,FALSE,,,,Chest 450,https://static.wikia.nocookie.net/swordburst2/images/d/d7/Calamity_Body_Aura.png/revision/latest,https://swordburst2.fandom.com/wiki/Auras,,,,,2026-09-19T00:07:34Z
1008,Plasma Wrath Body Aura,Accessory,,Accessory,Legendary,,,,,,FALSE,,,,Chest 450,https://static.wikia.nocookie.net/swordburst2/images/0/0f/Plasma_Wrath_Body_Aura.png/revision/latest,https://swordburst2.fandom.com/wiki/Auras,,,,,2026-09-19T00:07:34Z
1009,Arcane Magic Body Aura,Accessory,,Accessory,Legendary,,,,,,FALSE,,,,Chest 450,https://static.wikia.nocookie.net/swordburst2/images/e/ed/Arcane_Magic_Body_Aura.png/revision/latest,https://swordburst2.fandom.com/wiki/Auras,,,,,2026-09-19T00:07:34Z
1010,Bubble Protection Body Aura,Accessory,,Accessory,Common,,,,,,FALSE,,,,Chest 450,https://static.wikia.nocookie.net/swordburst2/images/a/af/Bubble_Protection_Body_Aura.png/revision/latest,https://swordburst2.fandom.com/wiki/Auras,,,,,2026-09-19T00:07:34Z
1011,Starfish Body Aura,Accessory,,Accessory,Common,,,,,,FALSE,,,,Chest 450,https://static.wikia.nocookie.net/swordburst2/images/2/2a/Starfish_Body_Aura.png/revision/latest,https://swordburst2.fandom.com/wiki/Auras,,,,,2026-09-19T00:07:34Z
1012,Aqua Veil Body Aura,Accessory,,Accessory,Common,,,,,,FALSE,,,,Chest 450,https://static.wikia.nocookie.net/swordburst2/images/d/d1/Aqua_Veil_Body_Aura.png/revision/latest,https://swordburst2.fandom.com/wiki/Auras,,,,,2026-09-19T00:07:34Z
1013,Whirlpool Body Aura,Accessory,,Accessory,Common,,,,,,FALSE,,,,Chest 450,https://static.wikia.nocookie.net/swordburst2/images/f/f4/Whirlpool_Body_Aura.png/revision/latest,https://swordburst2.fandom.com/wiki/Auras,,,,,2026-09-19T00:07:34Z
1014,Sharkborne Body Aura,Accessory,,Accessory,Rare,,,,,,FALSE,,,,Chest 450,https://static.wikia.nocookie.net/swordburst2/images/9/99/Sharkborne_Body_Aura.png/revision/latest,https://swordburst2.fandom.com/wiki/Auras,,,,,2026-09-19T00:07:34Z
1015,Sovereign Presence Body Aura,Accessory,,Accessory,Legendary,,,,,,FALSE,,,,Chest 450,https://static.wikia.nocookie.net/swordburst2/images/1/16/Sovereign_Presence_Body_Aura.png/revision/latest,https://swordburst2.fandom.com/wiki/Auras,,,,,2026-09-19T00:07:34Z
1016,Earthen Body Aura,Accessory,,Accessory,Rare,,,,,,FALSE,,,,Chest 350,https://static.wikia.nocookie.net/swordburst2/images/5/54/EarthenBA.png/revision/latest,https://swordburst2.fandom.com/wiki/Auras,,,,,2026-09-19T00:07:34Z
1017,Dawn Angel Body Aura,Accessory,,Accessory,Common,,,,,,FALSE,,,,Chest 350,https://static.wikia.nocookie.net/swordburst2/images/5/54/EarthenBA.png/revision/latest,https://swordburst2.fandom.com/wiki/Auras,,,,,2026-09-19T00:07:34Z
1018,Sky Angel Body Aura,Accessory,,Accessory,Common,,,,,,FALSE,,,,Chest 350,https://static.wikia.nocookie.net/swordburst2/images/e/ed/BlueBAyes.png/revision/latest,https://swordburst2.fandom.com/wiki/Auras,,,,,2026-09-19T00:07:34Z
1019,Fallen Angel Body Aura,Accessory,,Accessory,Rare,,,,,,FALSE,,,,Chest 350,https://static.wikia.nocookie.net/swordburst2/images/1/16/FallenBA.png/revision/latest,https://swordburst2.fandom.com/wiki/Auras,,,,,2026-09-19T00:07:34Z
1020,Angel Body Aura,Accessory,,Accessory,Legendary,,,,,,FALSE,,,,Chest 350,https://static.wikia.nocookie.net/swordburst2/images/3/38/AngelBodyAura.png/revision/latest,https://swordburst2.fandom.com/wiki/Auras,,,,,2026-09-19T00:07:34Z
1021,Corrupted Angel Body Aura,Accessory,,Accessory,Legendary,,,,,,FALSE,,,,Chest 350,https://static.wikia.nocookie.net/swordburst2/images/b/b0/CorruptedAngelBA.png/revision/latest,https://swordburst2.fandom.com/wiki/Auras,,,,,2026-09-19T00:07:34Z
1022,Arctic Evil,Accessory,,Accessory,Rare,,,,,,FALSE,,,,Chest 450,https://static.wikia.nocookie.net/swordburst2/images/f/ff/ArcticEvil.png/revision/latest,https://swordburst2.fandom.com/wiki/Auras,3-4,,auras,Idol Star Bundle 500 Arising Star,2026-09-19T00:07:34Z
1023,Peony Devil,Accessory,,Accessory,Rare,,,,,,FALSE,,,,Chest 450,https://static.wikia.nocookie.net/swordburst2/images/f/fd/PeonyDevil.png/revision/latest,https://swordburst2.fandom.com/wiki/Auras,15,,auras,Idol Star Bundle 500 Arising Star,2026-09-19T00:07:34Z
1024,Mischief Evil,Accessory,,Accessory,Rare,,,,,,FALSE,,,,Chest 450,https://static.wikia.nocookie.net/swordburst2/images/7/7d/MischiefEvil.png/revision/latest,https://swordburst2.fandom.com/wiki/Auras,15,,auras,Idol Star Bundle 500 Arising Star,2026-09-19T00:07:34Z
1025,Fiery Devil,Accessory,,Accessory,Rare,,,,,,FALSE,,,,Chest 450,https://static.wikia.nocookie.net/swordburst2/images/1/1f/FieryDevil.png/revision/latest,https://swordburst2.fandom.com/wiki/Auras,3-4,,auras,Idol Star Bundle 500 Arising Star,2026-09-19T00:07:34Z
1026,Shadow Veil,Accessory,,Accessory,Legendary,,,,,,FALSE,,,,Chest 450,https://static.wikia.nocookie.net/swordburst2/images/0/08/ShadowVeil.png/revision/latest,https://swordburst2.fandom.com/wiki/Auras,40,,auras,Idol Star Bundle 500 Arising Star,2026-09-19T00:07:34Z
1027,Hellraiser Devil,Accessory,,Accessory,Legendary,,,,,,FALSE,,,,Chest 450,https://static.wikia.nocookie.net/swordburst2/images/1/1a/HellraiserDevil.png/revision/latest,https://swordburst2.fandom.com/wiki/Auras,40,,auras,Idol Star Bundle 500 Arising Star,2026-09-19T00:07:34Z
1028,Floating Gifts Body Aura,Accessory,,Accessory,Rare,,,,,,FALSE,,,,Chest 450,https://static.wikia.nocookie.net/swordburst2/images/9/9e/Floating_Gifts_Body_Aura.png/revision/latest,https://swordburst2.fandom.com/wiki/Auras,,,,,2026-09-19T00:07:34Z
1029,Red Ribbon Body Aura,Accessory,,Accessory,Rare,,,,,,FALSE,,,,Chest 450,https://static.wikia.nocookie.net/swordburst2/images/4/40/Red_Ribbon_Body_Aura.png/revision/latest,https://swordburst2.fandom.com/wiki/Auras,,,,,2026-09-19T00:07:34Z
1030,Glowing Sprites Body Aura,Accessory,,Accessory,Rare,,,,,,FALSE,,,,Chest 450,https://static.wikia.nocookie.net/swordburst2/images/f/f2/Glowing_Sprites_Body_Aura.png/revision/latest,https://swordburst2.fandom.com/wiki/Auras,,,,,2026-09-19T00:07:34Z
1031,Festive Lights Body Aura,Accessory,,Accessory,Rare,,,,,,FALSE,,,,Chest 450,https://static.wikia.nocookie.net/swordburst2/images/4/4d/Festive_Lights_Body_Aura.png/revision/latest,https://swordburst2.fandom.com/wiki/Auras,,,,,2026-09-19T00:07:34Z
1032,Glimmering Starlight Body Aura,Accessory,,Accessory,Rare,,,,,,FALSE,,,,Chest 450,https://static.wikia.nocookie.net/swordburst2/images/8/88/Glimmering_Starlight_Body_Aura.png/revision/latest,https://swordburst2.fandom.com/wiki/Auras,,,,,2026-09-19T00:07:34Z
1033,Icey Wings Body Aura,Accessory,,Accessory,Rare,,,,,,FALSE,,,,Chest 450,https://static.wikia.nocookie.net/swordburst2/images/6/6a/Icey_Wings_Body_Aura.png/revision/latest,https://swordburst2.fandom.com/wiki/Auras,,,,,2026-09-19T00:07:34Z
1034,Heart Candy Body Aura,Accessory,,Accessory,Legendary,,,,,,FALSE,,,,Chest 350,https://static.wikia.nocookie.net/swordburst2/images/4/4a/Heart_Candy_Body_Aura.webp/revision/latest,https://swordburst2.fandom.com/wiki/Auras,,,,,2026-09-19T00:07:34Z
1035,Crystal Hearts Body Aura,Accessory,,Accessory,Legendary,,,,,,FALSE,,,,Chest 350,https://static.wikia.nocookie.net/swordburst2/images/2/23/Crystal_Hearts_Body_Aura.webp/revision/latest,https://swordburst2.fandom.com/wiki/Auras,,,,,2026-09-19T00:07:34Z
1036,Cupid's Arrow Body Aura,Accessory,,Accessory,Legendary,,,,,,FALSE,,,,Chest 350,https://static.wikia.nocookie.net/swordburst2/images/6/65/Cupid%27s_Arrow_Body_Aura.webp/revision/latest,https://swordburst2.fandom.com/wiki/Auras,,,,,2026-09-19T00:07:34Z
1037,Enamored Hearts Body Aura,Accessory,,Accessory,Legendary,,,,,,FALSE,,,,Chest 350,https://static.wikia.nocookie.net/swordburst2/images/c/cb/Enamored_Hearts_Body_Aura.webp/revision/latest,https://swordburst2.fandom.com/wiki/Auras,,,,,2026-09-19T00:07:34Z
1038,Lover's Daydream Body Aura,Accessory,,Accessory,Legendary,,,,,,FALSE,,,,Chest 350,https://static.wikia.nocookie.net/swordburst2/images/7/7e/Lover%27s_Daydream_Body_Aura.webp/revision/latest,https://swordburst2.fandom.com/wiki/Auras,,,,,2026-09-19T00:07:34Z
1039,Corrupted Lovestorm Body Aura,Accessory,,Accessory,Legendary,,,,,,FALSE,,,,Chest 350,https://static.wikia.nocookie.net/swordburst2/images/c/c3/Corrupted_Lovestorm_Body_Aura.webp/revision/latest,https://swordburst2.fandom.com/wiki/Auras,,,,,2026-09-19T00:07:34Z
1040,Eggcellent Burst Body Aura,Accessory,,Accessory,Legendary,,,,,,FALSE,,15%,15%,Drop,https://static.wikia.nocookie.net/swordburst2/images/3/3f/Eggcellent_Burst_Body_Aura.png/revision/latest,https://swordburst2.fandom.com/wiki/Eggcellent_Burst_Body_Aura,,,,,2026-09-19T00:07:34Z
1041,Easterian Flame Body Aura,Accessory,,Accessory,Legendary,,,,,,FALSE,,25%,25%,Hunt,https://static.wikia.nocookie.net/swordburst2/images/6/68/Easterian_Flame_Body_Aura.png/revision/latest,https://swordburst2.fandom.com/wiki/Easterian_Flame_Body_Aura,,,,,2026-09-19T00:07:34Z
1042,Aqua Mist Body Aura,Accessory,,Accessory,Legendary,,,,,,FALSE,,,,Chest 400,https://static.wikia.nocookie.net/swordburst2/images/6/6b/Aqua_Mist_Body_Aura.webp/revision/latest,https://swordburst2.fandom.com/wiki/Auras,,,,,2026-09-19T00:07:34Z
1043,Blossom Flame Body Aura,Accessory,,Accessory,Legendary,,,,,,FALSE,,,,Chest 400,https://static.wikia.nocookie.net/swordburst2/images/6/60/Blossom_Flame_Body_Aura.webp/revision/latest,https://swordburst2.fandom.com/wiki/Auras,,,,,2026-09-19T00:07:34Z
1044,Mist Mage Rune Body Aura,Accessory,,Accessory,Legendary,,,,,,FALSE,,,,Chest 400,https://static.wikia.nocookie.net/swordburst2/images/a/ae/Mist_Mage_Rune_Body_Aura.webp/revision/latest,https://swordburst2.fandom.com/wiki/Auras,,,,,2026-09-19T00:07:34Z
1045,Celestial Portal Body Aura,Accessory,,Accessory,Legendary,,,,,,FALSE,,,,Chest 400,https://static.wikia.nocookie.net/swordburst2/images/7/78/Celestial_Portal_Body_Aura.webp/revision/latest,https://swordburst2.fandom.com/wiki/Auras,,,,,2026-09-19T00:07:34Z
1046,Coldfront Body Aura,Accessory,,Accessory,Legendary,,,,,,FALSE,,,,Chest 400,https://static.wikia.nocookie.net/swordburst2/images/6/60/Coldfront_Body_Aura.webp/revision/latest,https://swordburst2.fandom.com/wiki/Auras,,,,,2026-09-19T00:07:34Z
1047,Inferno Burst Body Aura,Accessory,,Accessory,Legendary,,,,,,FALSE,,,,Chest 400,https://static.wikia.nocookie.net/swordburst2/images/2/23/Inferno_Burst_Body_Aura.webp/revision/latest,https://swordburst2.fandom.com/wiki/Auras,,,,,2026-09-19T00:07:34Z
1048,Laval Glimmer body Aura,Accessory,,Accessory,Common,,,,,,FALSE,,,,Chest 400,https://static.wikia.nocookie.net/swordburst2/images/6/63/Laval_glimmer_body_aura.webp/revision/latest,https://swordburst2.fandom.com/wiki/Auras,,,,,2026-09-19T00:07:34Z
1049,Phreatic Detonation Body Aura,Accessory,,Accessory,Rare,,,,,,FALSE,,,,Chest 400,https://static.wikia.nocookie.net/swordburst2/images/c/cb/Phreatic_detonation_body_aura.webp/revision/latest,https://swordburst2.fandom.com/wiki/Auras,,,,,2026-09-19T00:07:34Z
1050,Magmatic Haze Body Aura,Accessory,,Accessory,Rare,,,,,,FALSE,,,,Chest 400,https://static.wikia.nocookie.net/swordburst2/images/9/9f/Magmatic_Haze_Body_Aura.webp/revision/latest,https://swordburst2.fandom.com/wiki/Auras,,,,,2026-09-19T00:07:34Z
1051,Ignis Catalyst Body Aura,Accessory,,Accessory,Rare,,,,,,FALSE,,,,Chest 400,https://static.wikia.nocookie.net/swordburst2/images/3/34/Ignis_catalyst_body_aura.webp/revision/latest,https://swordburst2.fandom.com/wiki/Auras,,,,,2026-09-19T00:07:34Z
1052,Smoldering Flame Body Aura,Accessory,,Accessory,Legendary,,,,,,FALSE,,,,Chest 400,https://static.wikia.nocookie.net/swordburst2/images/f/f4/Smoldering_flame_aura.webp/revision/latest,https://swordburst2.fandom.com/wiki/Auras,,,,,2026-09-19T00:07:34Z
1053,Monochrome Flare Body Aura,Accessory,,Accessory,Legendary,,,,,,FALSE,,,,Chest 400,https://static.wikia.nocookie.net/swordburst2/images/8/8d/Monochrome_flare_body_aura.webp/revision/latest,https://swordburst2.fandom.com/wiki/Auras,,,,,2026-09-19T00:07:34Z
1054,Feathered Autumn Hat,Accessory,,Accessory,Common,15,,,,,FALSE,,,,"1,750",https://static.wikia.nocookie.net/swordburst2/images/2/2b/Feathered_Autumn_Hat.png/revision/latest,https://swordburst2.fandom.com/wiki/Feathered_Autumn_Hat,,,,,2026-09-19T00:07:34Z
1055,Festive Top Hat,Accessory,,Accessory,Common,29,,,,,FALSE,,,,Drop,https://static.wikia.nocookie.net/swordburst2/images/4/41/Festive_Top_Hat.png/revision/latest,https://swordburst2.fandom.com/wiki/Festive_Top_Hat,,,,,2026-09-19T00:07:34Z
1056,Top Hat,Accessory,,Accessory,Common,88,,,,,FALSE,,15%,,Drop,https://static.wikia.nocookie.net/swordburst2/images/8/8d/Top_Hat.png/revision/latest,https://swordburst2.fandom.com/wiki/Top_Hat,,,,,2026-09-19T00:07:34Z
1057,Ruined Kobold Helmet,Accessory,,Accessory,Common,7,,,,,FALSE,,,,Drop,https://static.wikia.nocookie.net/swordburst2/images/e/ee/Ruined_Kobold_Helmet.png/revision/latest,https://swordburst2.fandom.com/wiki/Ruined_Kobold_Helmet,,,,,2026-09-19T00:07:34Z
1058,Kobold Helmet,Accessory,,Accessory,Common,9,,,,,FALSE,,,,Drop,https://static.wikia.nocookie.net/swordburst2/images/f/fb/Kobold_Helmet.png/revision/latest,https://swordburst2.fandom.com/wiki/Kobold_Helmet,,,,,2026-09-19T00:07:34Z
1059,Wood Mask,Accessory,,Accessory,Common,21,,,,,FALSE,,,,Drop,https://static.wikia.nocookie.net/swordburst2/images/8/84/Wood_Mask.png/revision/latest,https://swordburst2.fandom.com/wiki/Wood_Mask,,,,,2026-09-19T00:07:34Z
1060,Borik's Mask,Accessory,,Accessory,Rare,24,,,,,FALSE,,6%,,Drop,https://static.wikia.nocookie.net/swordburst2/images/d/dd/Borik%27s_Mask.png/revision/latest,https://swordburst2.fandom.com/wiki/Borik%27s_Mask,,,,,2026-09-19T00:07:34Z
1061,Sa'jun's Helmet,Accessory,,Accessory,Rare,50,,,,,FALSE,,3%,4%,Drop,https://static.wikia.nocookie.net/swordburst2/images/0/00/Sa%27jun%27s_Helmet.png/revision/latest,https://swordburst2.fandom.com/wiki/Sa%27jun%27s_Helmet,,,,,2026-09-19T00:07:34Z
1062,Petal Knight Helmet,Accessory,,Accessory,Common,70,,,,,FALSE,,,10%,Drop,https://static.wikia.nocookie.net/swordburst2/images/2/29/Petal_Knight_Helmet.png/revision/latest,https://swordburst2.fandom.com/wiki/Petal_Knight_Helmet,,,,,2026-09-19T00:07:34Z
1063,Midnight Bunny Helm,Accessory,,Accessory,Legendary,100,,,,,FALSE,,35%,35%,Drop,https://static.wikia.nocookie.net/swordburst2/images/d/d2/Midnight_Bunny_Helm.png/revision/latest,https://swordburst2.fandom.com/wiki/Midnight_Bunny_Helm,2,,clean_legendaries,Egg Realm (2026),2026-09-19T00:07:34Z
1064,Chef's Embrace,Accessory,,Accessory,Legendary,400,,,,,FALSE,,5%,37%,Drop,https://static.wikia.nocookie.net/swordburst2/images/5/5f/Chef%27s_Embrace.png/revision/latest,https://swordburst2.fandom.com/wiki/Chef%27s_Embrace,1,,clean_legendaries,- Rotational Floors -,2026-09-19T00:07:34Z
1065,Health Regen Necklace,Accessory,,Accessory,Common,38,,,,,FALSE,,,,Drop,https://static.wikia.nocookie.net/swordburst2/images/8/86/Health_Regen_Necklace.png/revision/latest,https://swordburst2.fandom.com/wiki/Health_Regen_Necklace,,,,,2026-09-19T00:07:34Z
1066,Stamina Regen Necklace,Accessory,,Accessory,Common,46,,,,,FALSE,,,,Drop,https://static.wikia.nocookie.net/swordburst2/images/d/df/Stamina_Regen_Necklace.png/revision/latest,https://swordburst2.fandom.com/wiki/Stamina_Regen_Necklace,,,,,2026-09-19T00:07:34Z
1067,Balanced Regen Necklace,Accessory,,Accessory,Common,62,,,,,FALSE,,8%,8%,Drop,https://static.wikia.nocookie.net/swordburst2/images/e/e2/Balanced_Regeneration_Necklace.png/revision/latest,https://swordburst2.fandom.com/wiki/Balanced_Regen_Necklace,,,,,2026-09-19T00:07:34Z
1068,Coffin,Accessory,,Accessory,Rare,82,,,,,FALSE,,7%,20%,Drop,https://static.wikia.nocookie.net/swordburst2/images/9/97/Coffin.png/revision/latest,https://swordburst2.fandom.com/wiki/Coffin,,,,,2026-09-19T00:07:34Z
1069,Horns,Accessory,,Accessory,Common,78,,,,,FALSE,,,,Drop,https://static.wikia.nocookie.net/swordburst2/images/f/f3/Horns.png/revision/latest,https://swordburst2.fandom.com/wiki/Horns,,,,,2026-09-19T00:07:34Z
1070,Skull Mask,Accessory,,Accessory,Rare,72,,,,,FALSE,,21%,,Drop,https://static.wikia.nocookie.net/swordburst2/images/6/66/Skull_Mask.png/revision/latest,https://swordburst2.fandom.com/wiki/Skull_Mask,,,,,2026-09-19T00:07:34Z
1071,Hanging Jack O'lantern,Accessory,,Accessory,Common,1,,,,,FALSE,,6%,,500,https://static.wikia.nocookie.net/swordburst2/images/c/ca/Hanging_Jack_O%27Lantern.png/revision/latest,https://swordburst2.fandom.com/wiki/Hanging_Jack_O%27lantern,,,,,2026-09-19T00:07:34Z
1072,Hanging Firefly Jar,Accessory,,Accessory,Common,59,,,,,FALSE,,4%,,Drop,https://static.wikia.nocookie.net/swordburst2/images/0/09/Hanging_Firefly_Jar.png/revision/latest,https://swordburst2.fandom.com/wiki/Hanging_Firefly_Jar,,,,,2026-09-19T00:07:34Z
1073,Hanging Lantern,Accessory,,Accessory,Common,92,,,,,FALSE,,6%,,"62,500",https://static.wikia.nocookie.net/swordburst2/images/5/5b/Hanging_Lantern_Icon.png/revision/latest,https://swordburst2.fandom.com/wiki/Hanging_Lantern,,,,,2026-09-19T00:07:34Z
1074,Hip Jack O'lantern,Accessory,,Accessory,Common,1,,,,,FALSE,,12%,,500,https://static.wikia.nocookie.net/swordburst2/images/c/c1/Hip_Jack_O%27Lantern.png/revision/latest,https://swordburst2.fandom.com/wiki/Hip_Jack_O%27lantern,,,,,2026-09-19T00:07:34Z
1075,Hip Firefly Jar,Accessory,,Accessory,Common,59,,,,,FALSE,,8%,,Drop,https://static.wikia.nocookie.net/swordburst2/images/3/36/Hip_Firefly_Jar.png/revision/latest,https://swordburst2.fandom.com/wiki/Hip_Firefly_Jar,,,,,2026-09-19T00:07:34Z
1076,Hip Lantern,Accessory,,Accessory,Common,92,,,,,FALSE,,12%,,"62,500",https://static.wikia.nocookie.net/swordburst2/images/1/15/Hip_Lantern.png/revision/latest,https://swordburst2.fandom.com/wiki/Hip_Lantern,,,,,2026-09-19T00:07:34Z
1077,Yellow Cape,Accessory,,Accessory,Rare,1,,,,,FALSE,,12%,,Drop,https://static.wikia.nocookie.net/swordburst2/images/5/5c/Yellow_Cape.png/revision/latest,https://swordburst2.fandom.com/wiki/Yellow_Cape,,,,,2026-09-19T00:07:34Z
1078,Purple Cape,Accessory,,Accessory,Rare,1,,,,,FALSE,,8%,,Drop,https://static.wikia.nocookie.net/swordburst2/images/0/03/Purple_Cape.png/revision/latest,https://swordburst2.fandom.com/wiki/Purple_Cape,,,,,2026-09-19T00:07:34Z
1079,Pink Cape,Accessory,,Accessory,Rare,1,,,,,FALSE,,3%,,Drop,https://static.wikia.nocookie.net/swordburst2/images/b/bb/Pink_Cape.png/revision/latest,https://swordburst2.fandom.com/wiki/Pink_Cape,,,,,2026-09-19T00:07:34Z
1080,Dracula's Cape,Accessory,,Accessory,Legendary,100,,,,,FALSE,,30%,,Drop,https://static.wikia.nocookie.net/swordburst2/images/4/47/Dracula%27s_Cape.png/revision/latest,https://swordburst2.fandom.com/wiki/Dracula%27s_Cape,2-3,,clean_legendaries,Easter Realm (2023),2026-09-19T00:07:34Z
1081,Nightmare Cape,Accessory,,Accessory,Legendary,1,,,,,FALSE,,40%,,Drop,https://static.wikia.nocookie.net/swordburst2/images/1/11/Nightmare_Cape.png/revision/latest,https://swordburst2.fandom.com/wiki/Nightmare_Cape,1,,clean_legendaries,Floor 6 / Undershroud,2026-09-19T00:07:34Z
1082,Easterian Cape,Accessory,,Accessory,Rare,1,,,,,FALSE,,30%,,Hunt,https://static.wikia.nocookie.net/swordburst2/images/b/bb/Easterian_Cape.png/revision/latest,https://swordburst2.fandom.com/wiki/Easterian_Cape,1,,misc,Easter Event,2026-09-19T00:07:34Z
1083,Crown of Thorns,Accessory,,Accessory,Rare,92,,,,,FALSE,,5%,23%,Drop,https://static.wikia.nocookie.net/swordburst2/images/d/dd/Crown_of_Thorns.png/revision/latest,https://swordburst2.fandom.com/wiki/Crown_of_Thorns,,,,,2026-09-19T00:07:34Z
1084,Formaug's Necklace,Accessory,,Accessory,Rare,75,,,,,FALSE,,,,Drop,https://static.wikia.nocookie.net/swordburst2/images/f/f5/Formaug%27s_Necklace.png/revision/latest,https://swordburst2.fandom.com/wiki/Formaug%27s_Necklace,,,,,2026-09-19T00:07:34Z
1085,Egg of Fortified Meadows,Accessory,,Accessory,Rare,1,,,,,FALSE,,,,Drop,https://static.wikia.nocookie.net/swordburst2/images/c/cc/Egg_of_Fortified_Meadows.png/revision/latest,https://swordburst2.fandom.com/wiki/Egg_of_Fortified_Meadows_(Accessory),1,,misc,Easter Event,2026-09-19T00:07:34Z
1086,Egg of Project 235,Accessory,,Accessory,Rare,1,,,,,FALSE,,,,Drop,https://static.wikia.nocookie.net/swordburst2/images/5/56/Egg_of_Project_235.png/revision/latest,https://swordburst2.fandom.com/wiki/Egg_of_Project_235_(Accessory),,,,,2026-09-19T00:07:34Z
1087,Egg of the Underworld,Accessory,,Accessory,Rare,1,,,,,FALSE,,,,Drop,https://static.wikia.nocookie.net/swordburst2/images/a/ae/Egg_of_the_Underworld.png/revision/latest,https://swordburst2.fandom.com/wiki/Egg_of_the_Underworld_(Accessory),,,,,2026-09-19T00:07:34Z
1088,Egg of Everflowing Energy,Accessory,,Accessory,Rare,1,,,,,FALSE,,,,Drop,https://static.wikia.nocookie.net/swordburst2/images/1/10/Egg_of_Everflowing_Energy.png/revision/latest,https://swordburst2.fandom.com/wiki/Egg_of_Everflowing_Energy_(Accessory),,,,,2026-09-19T00:07:34Z
1089,Egg of Eternal Torment,Accessory,,Accessory,Rare,1,,,,,FALSE,,,,Drop,https://static.wikia.nocookie.net/swordburst2/images/3/36/Egg_of_Eternal_Torment.png/revision/latest,https://swordburst2.fandom.com/wiki/Egg_of_Eternal_Torment_(Accessory),,,,,2026-09-19T00:07:34Z
1090,Egg of Dunes,Accessory,,Accessory,Rare,1,,,,,FALSE,,,,Drop,https://static.wikia.nocookie.net/swordburst2/images/2/2a/Egg_of_Dunes.png/revision/latest,https://swordburst2.fandom.com/wiki/Egg_of_Dunes_(Accessory),1,,misc,Easter Event,2026-09-19T00:07:34Z
1091,Egg of Luminosity,Accessory,,Accessory,Rare,1,,,,,FALSE,,,,Drop,https://static.wikia.nocookie.net/swordburst2/images/c/ce/Egg_of_Luminosity.png/revision/latest,https://swordburst2.fandom.com/wiki/Egg_of_Luminosity_(Accessory),1,,misc,Easter Event,2026-09-19T00:07:34Z
1092,Egg of Beginnings,Accessory,,Accessory,Rare,1,,,,,FALSE,,,,Drop,https://static.wikia.nocookie.net/swordburst2/images/e/ee/Egg_of_Beginnings.png/revision/latest,https://swordburst2.fandom.com/wiki/Egg_of_Beginnings_(Accessory),1,,misc,Easter Event,2026-09-19T00:07:34Z
1093,Egg of Unbreakable Ice,Accessory,,Accessory,Rare,1,,,,,FALSE,,,,Drop,https://static.wikia.nocookie.net/swordburst2/images/9/91/Egg_of_Unbreakable_Ice.png/revision/latest,https://swordburst2.fandom.com/wiki/Egg_of_Unbreakable_Ice_(Accessory),1,,misc,Easter Event,2026-09-19T00:07:34Z
1094,Egg of Glistening Light,Accessory,,Accessory,Rare,1,,,,,FALSE,,,,Drop,https://static.wikia.nocookie.net/swordburst2/images/a/a7/Egg_of_Glistening_Light.png/revision/latest,https://swordburst2.fandom.com/wiki/Egg_of_Glistening_Light_(Accessory),1,,misc,Easter Event,2026-09-19T00:07:34Z
1095,Egg of the Creeping Maze,Accessory,,Accessory,Rare,1,,,,,FALSE,,,,Drop,https://static.wikia.nocookie.net/swordburst2/images/9/93/Egg_of_the_Creeping_Maze.png/revision/latest,https://swordburst2.fandom.com/wiki/Egg_of_the_Creeping_Maze_(Accessory),1,,misc,Easter Event,2026-09-19T00:07:34Z
1096,Egg of Twisted Vines,Accessory,,Accessory,Rare,1,,,,,FALSE,,,,Drop,https://static.wikia.nocookie.net/swordburst2/images/0/00/Egg_of_Twisted_Vines.png/revision/latest,https://swordburst2.fandom.com/wiki/Egg_of_Twisted_Vines_(Accessory),1,,misc,Easter Event,2026-09-19T00:07:34Z
1097,Egg of Glacier,Accessory,,Accessory,Legendary,1,,,,,FALSE,,,,Drop,https://static.wikia.nocookie.net/swordburst2/images/8/8d/Egg_of_Glacier.png/revision/latest,https://swordburst2.fandom.com/wiki/Egg_of_Glacier_(Accessory),1,,misc,Easter Event,2026-09-19T00:07:34Z
1098,Egg of Darkness,Accessory,,Accessory,Legendary,1,,,,,FALSE,,,,Drop,https://static.wikia.nocookie.net/swordburst2/images/1/1b/Egg_of_Darkness.png/revision/latest,https://swordburst2.fandom.com/wiki/Egg_of_Darkness_(Accessory),1,,misc,Easter Event,2026-09-19T00:07:34Z
1099,Egg of Plasma,Accessory,,Accessory,Legendary,1,,,,,FALSE,,,,Drop,https://static.wikia.nocookie.net/swordburst2/images/4/43/Egg_of_Plasma.png/revision/latest,https://swordburst2.fandom.com/wiki/Egg_of_Plasma_(Accessory),1,,misc,Easter Event,2026-09-19T00:07:34Z
1100,Egg of Conflict,Accessory,,Accessory,Legendary,1,,,,,FALSE,,,,Drop,https://static.wikia.nocookie.net/swordburst2/images/9/95/Egg_of_Conflict.png/revision/latest,https://swordburst2.fandom.com/wiki/Egg_of_Conflict_(Accessory),1,,misc,Easter Event,2026-09-19T00:07:34Z
1101,Egg of Brilliance,Accessory,,Accessory,Legendary,1,,,,,FALSE,,,,Drop,https://static.wikia.nocookie.net/swordburst2/images/6/63/Egg_of_Brilliance.png/revision/latest,https://swordburst2.fandom.com/wiki/Egg_of_Brilliance_(Accessory),,,,,2026-09-19T00:07:34Z
1102,Egg of Pastry,Accessory,,Accessory,Legendary,1,,,,,FALSE,,,,Drop,https://static.wikia.nocookie.net/swordburst2/images/f/f0/Egg_of_Pastry.png/revision/latest,https://swordburst2.fandom.com/wiki/Egg_of_Pastry_(Accessory),1,,misc,Easter Event,2026-09-19T00:07:34Z
1103,Egg of Despair,Accessory,,Accessory,Legendary,1,,,,,FALSE,,,,Drop,https://static.wikia.nocookie.net/swordburst2/images/a/a2/Egg_of_Despair.png/revision/latest,https://swordburst2.fandom.com/wiki/Egg_of_Despair_(Accessory),1,,misc,Easter Event,2026-09-19T00:07:34Z
1104,Egg of Starlight,Accessory,,Accessory,Legendary,1,,,,,FALSE,,,,Drop,https://static.wikia.nocookie.net/swordburst2/images/2/23/Egg_of_Starlight.png/revision/latest,https://swordburst2.fandom.com/wiki/Egg_of_Starlight_(Accessory),1,,misc,Easter Event,2026-09-19T00:07:34Z
1105,Egg of Calamity,Accessory,,Accessory,Legendary,1,,,,,FALSE,,,,Drop,https://static.wikia.nocookie.net/swordburst2/images/2/2c/Egg_of_Calamity.png/revision/latest,https://swordburst2.fandom.com/wiki/Egg_of_Calamity_(Accessory),1,,misc,Easter Event,2026-09-19T00:07:34Z
1106,Carrot Claw Gauntlet,Accessory,,Accessory,Legendary,200,,,,,FALSE,,42%,42%,Drop,https://static.wikia.nocookie.net/swordburst2/images/3/35/Carrot_Claw_Gauntlet.png/revision/latest,https://swordburst2.fandom.com/wiki/Carrot_Claw_Gauntlet,4,,clean_legendaries,Egg Realm (2026),2026-09-19T00:07:34Z
1107,Carrot Cartridge Belt,Accessory,,Accessory,Legendary,270,,,,,FALSE,,50%,50%,Drop,https://static.wikia.nocookie.net/swordburst2/images/c/c7/Carrot_Cartridge_Belt.png/revision/latest,https://swordburst2.fandom.com/wiki/Carrot_Cartridge_Belt,5-6,,clean_legendaries,Egg Realm (2026),2026-09-19T00:07:34Z
1108,Crimson Aegis,Accessory,,Accessory,Rare,1,,,,,FALSE,,35%,35%,"2,500",https://static.wikia.nocookie.net/swordburst2/images/d/dc/Crimson_Aegis.png/revision/latest,https://swordburst2.fandom.com/wiki/Crimson_Aegis,50+,,accessories,Crimson Bundle,2026-09-19T00:07:34Z
1109,Novice Shield,Accessory,,Accessory,Common,12,,,,,FALSE,,1%,1%,Drop,https://static.wikia.nocookie.net/swordburst2/images/d/d1/Novice_Shield.png/revision/latest,https://swordburst2.fandom.com/wiki/Novice_Shield,,,,,2026-09-19T00:07:34Z
1110,Rahjin's Shield,Accessory,,Accessory,Rare,15,,,,,FALSE,,1%,2%,Drop,https://static.wikia.nocookie.net/swordburst2/images/8/80/Rahjin%E2%80%99s_Shield.png/revision/latest,https://swordburst2.fandom.com/wiki/Rahjin%27s_Shield,,,,,2026-09-19T00:07:34Z
1111,Redguard Shield,Accessory,,Accessory,Common,24,,,,,FALSE,,1%,2%,Drop,https://static.wikia.nocookie.net/swordburst2/images/b/b5/Redguard_Shield.png/revision/latest,https://swordburst2.fandom.com/wiki/Redguard_Shield,,,,,2026-09-19T00:07:34Z
1112,Snowflake Shield,Accessory,,Accessory,Rare,32,,,,,FALSE,,,3%,Drop,https://static.wikia.nocookie.net/swordburst2/images/1/1b/SnowflakeShield.png/revision/latest,https://swordburst2.fandom.com/wiki/Snowflake_Shield,4-6,,misc,Winter Event,2026-09-19T00:07:34Z
1113,Sunshine Shield,Accessory,,Accessory,Common,35,,,,,FALSE,,1%,1%,Drop,https://static.wikia.nocookie.net/swordburst2/images/f/fe/Sunshine_Shield.png/revision/latest,https://swordburst2.fandom.com/wiki/Sunshine_Shield,,,,,2026-09-19T00:07:34Z
1114,Clover Shield,Accessory,,Accessory,Common,40,,,,,FALSE,,,3%,Drop,https://static.wikia.nocookie.net/swordburst2/images/0/02/Clover_Shield.png/revision/latest,https://swordburst2.fandom.com/wiki/Clover_Shield,,,,,2026-09-19T00:07:34Z
1115,Golem Shield,Accessory,,Accessory,Common,48,,,,,FALSE,,2%,3%,Drop,https://static.wikia.nocookie.net/swordburst2/images/c/c3/Golem_Shield.png/revision/latest,https://swordburst2.fandom.com/wiki/Golem_Shield,,,,,2026-09-19T00:07:34Z
1116,Vel Coin Shield,Accessory,,Accessory,Rare,50,,,,,FALSE,,,4%,Gift,https://static.wikia.nocookie.net/swordburst2/images/4/42/Vel_Coin_Shield.png/revision/latest,https://swordburst2.fandom.com/wiki/Vel_Coin_Shield,,,,,2026-09-19T00:07:34Z
1117,Wooden Bulwark Shield,Accessory,,Accessory,Rare,50,,,,,FALSE,,3%,3%,Drop,https://static.wikia.nocookie.net/swordburst2/images/d/d9/Wooden_Bulwark_Shield.png/revision/latest,https://swordburst2.fandom.com/wiki/Wooden_Bulwark_Shield,,,,,2026-09-19T00:07:34Z
1118,Voided Embrace Shield,Accessory,,Accessory,Legendary,60,,,,,FALSE,,4%,3%,Drop,https://static.wikia.nocookie.net/swordburst2/images/2/2c/Voided_Embrace_Shield.png/revision/latest,https://swordburst2.fandom.com/wiki/Voided_Embrace_Shield,,,,,2026-09-19T00:07:34Z
1119,Righteous Shield,Accessory,,Accessory,Rare,65,,,,,FALSE,,2%,2%,Drop,https://static.wikia.nocookie.net/swordburst2/images/5/54/Righteous_Shield.png/revision/latest,https://swordburst2.fandom.com/wiki/Righteous_Shield,,,,,2026-09-19T00:07:34Z
1120,Holy Knight Shield,Accessory,,Accessory,Common,70,,,,,FALSE,,2%,2%,Drop,https://static.wikia.nocookie.net/swordburst2/images/b/bb/Holy_Knight_Shield.png/revision/latest,https://swordburst2.fandom.com/wiki/Holy_Knight_Shield,,,,,2026-09-19T00:07:34Z
1121,Trident Shield,Accessory,,Accessory,Rare,75,,,,,FALSE,,2%,4%,Drop,https://static.wikia.nocookie.net/swordburst2/images/a/a2/Trident_Shield.png/revision/latest,https://swordburst2.fandom.com/wiki/Trident_Shield,,,,,2026-09-19T00:07:34Z
1122,Ashrune Shield,Accessory,,Accessory,Rare,80,,,,,FALSE,,1%,2%,Drop,https://static.wikia.nocookie.net/swordburst2/images/c/c4/Ashrune_Shield.png/revision/latest,https://swordburst2.fandom.com/wiki/Ashrune_Shield,,,,,2026-09-19T00:07:34Z
1123,Guardian Angel,Accessory,,Accessory,Tribute,80,,,,,FALSE,,15%,30%,Drop,https://static.wikia.nocookie.net/swordburst2/images/d/da/Guardian_Angel.png/revision/latest,https://swordburst2.fandom.com/wiki/Guardian_Angel,?,,tributes,Floor 8,2026-09-19T00:07:34Z
1124,Demon Shield,Accessory,,Accessory,Legendary,85,,,,,FALSE,,3%,3%,Drop,https://static.wikia.nocookie.net/swordburst2/images/e/e4/Demon_Shield.png/revision/latest,https://swordburst2.fandom.com/wiki/Demon_Shield,0.5,,clean_legendaries,Floor 9,2026-09-19T00:07:34Z
1125,Fire Seeker Shield,Accessory,,Accessory,Legendary,85,,,,,FALSE,,5%,5%,Drop,https://static.wikia.nocookie.net/swordburst2/images/2/23/Fire_Seeker_Shield.png/revision/latest,https://swordburst2.fandom.com/wiki/Fire_Seeker_Shield,,,,,2026-09-19T00:07:34Z
1126,Light Paladin Shield,Accessory,,Accessory,Common,88,,,,,FALSE,,,2%,"75,000",https://static.wikia.nocookie.net/swordburst2/images/a/a2/Light_Paladin_Shield.png/revision/latest,https://swordburst2.fandom.com/wiki/Light_Paladin_Shield,,,,,2026-09-19T00:07:34Z
1127,Void Paladin Shield,Accessory,,Accessory,Common,88,,,,,FALSE,,1%,1%,"75,000",https://static.wikia.nocookie.net/swordburst2/images/3/3d/Void_Paladin_Shield.png/revision/latest,https://swordburst2.fandom.com/wiki/Void_Paladin_Shield,,,,,2026-09-19T00:07:34Z
1128,Dark Paladin Shield,Accessory,,Accessory,Common,88,,,,,FALSE,,,,"75,000",https://static.wikia.nocookie.net/swordburst2/images/2/23/Dark_Paladin_Shield.png/revision/latest,https://swordburst2.fandom.com/wiki/Dark_Paladin_Shield,,,,,2026-09-19T00:07:34Z
1129,Nightplate Shield,Accessory,,Accessory,Rare,96,,,,,FALSE,,2%,2%,Drop,https://static.wikia.nocookie.net/swordburst2/images/6/6c/Nightplate_Shield.png/revision/latest,https://swordburst2.fandom.com/wiki/Nightplate_Shield,,,,,2026-09-19T00:07:34Z
1130,Liberator's Vengeance,Accessory,,Accessory,Legendary,100,,,,,FALSE,,3%,6%,Drop,https://static.wikia.nocookie.net/swordburst2/images/3/3c/Liberator%27s_Vengeance.png/revision/latest,https://swordburst2.fandom.com/wiki/Liberator%27s_Vengeance,0.5,,clean_legendaries,Floor 10,2026-09-19T00:07:34Z
1131,Volcanic Core,Accessory,,Accessory,Legendary,100,,,,,FALSE,,10%,10%,"170,000",https://static.wikia.nocookie.net/swordburst2/images/3/39/Volcanic_Core.png/revision/latest,https://swordburst2.fandom.com/wiki/Volcanic_Core,2-3,,clean_legendaries,Seventh Edition,2026-09-19T00:07:34Z
1132,Ruby Bulwark,Accessory,,Accessory,Rare,135,,,,,FALSE,,3%,5%,Drop,https://static.wikia.nocookie.net/swordburst2/images/9/94/Ruby_Bulwark.png/revision/latest,https://swordburst2.fandom.com/wiki/Ruby_Bulwark,,,,,2026-09-19T00:07:34Z
1133,Azured Bastion Shield,Accessory,,Accessory,Legendary,150,,,,,FALSE,,4%,4%,Drop,https://static.wikia.nocookie.net/swordburst2/images/2/25/Azured_Bastion_Shield.png/revision/latest,https://swordburst2.fandom.com/wiki/Azured_Bastion_Shield,1-2,,clean_legendaries,Floor 11,2026-09-19T00:07:34Z
1134,Boomshock Shield,Accessory,,Accessory,Legendary,200,,,,,FALSE,,,5%,Drop,https://static.wikia.nocookie.net/swordburst2/images/4/4c/Boomshock_Shield.png/revision/latest,https://swordburst2.fandom.com/wiki/Boomshock_Shield,1,,clean_legendaries,Floor 11,2026-09-19T00:07:34Z
1135,Boneplated Shield,Accessory,,Accessory,Common,160,,,,,FALSE,,2%,4%,Drop,https://static.wikia.nocookie.net/swordburst2/images/d/d7/Boneplated_Shield.png/revision/latest,https://swordburst2.fandom.com/wiki/Boneplated_Shield,,,,,2026-09-19T00:07:34Z
1136,Hallow’s Shield,Accessory,,Accessory,Rare,180,,,,,FALSE,,2%,5%,Drop,https://static.wikia.nocookie.net/swordburst2/images/0/00/Hallow%E2%80%99s_Shield.png/revision/latest,https://swordburst2.fandom.com/wiki/Hallow%E2%80%99s_Shield,,,,,2026-09-19T00:07:34Z
1137,Mecha Shield,Accessory,,Accessory,Rare,200,,,,,FALSE,,9%,9%,2.6M,https://static.wikia.nocookie.net/swordburst2/images/4/48/Mecha_Shield.png/revision/latest,https://swordburst2.fandom.com/wiki/Mecha_Shield,0.3-0.5,0.3-0.5,misc,Fourth Edition,2026-09-19T00:07:34Z
1138,The Relic,Accessory,,Accessory,Common,200,,,,,FALSE,,3%,5%,Drop,https://static.wikia.nocookie.net/swordburst2/images/3/3a/The_Relic.png/revision/latest,https://swordburst2.fandom.com/wiki/The_Relic,,,,,2026-09-19T00:07:34Z
1139,Easterian Shield,Accessory,,Accessory,Legendary,200,,,,,FALSE,,2%,4%,Drop,https://static.wikia.nocookie.net/swordburst2/images/3/3b/Easterian_Shield.png/revision/latest,https://swordburst2.fandom.com/wiki/Easterian_Shield,1-2,,clean_legendaries,Easter Realm (2023),2026-09-19T00:07:34Z
1140,Tombo,Accessory,,Accessory,Legendary,200,,,,,FALSE,,15%,7%,Drop,https://static.wikia.nocookie.net/swordburst2/images/6/65/Tombo.png/revision/latest,https://swordburst2.fandom.com/wiki/Tombo,1,,clean_legendaries,Easter Realm (2023),2026-09-19T00:07:34Z
1141,Nutcracker,Accessory,,Accessory,Legendary,200,,,,,FALSE,,10%,10%,Drop,https://static.wikia.nocookie.net/swordburst2/images/3/38/Nutcracker.png/revision/latest,https://swordburst2.fandom.com/wiki/Nutcracker,1,,clean_legendaries,Easter Realm (2023),2026-09-19T00:07:34Z
1142,Ars Seraph Shield,Accessory,,Accessory,Legendary,200,,,,,FALSE,,4%,4%,Gift,https://static.wikia.nocookie.net/swordburst2/images/2/29/Ars_Seraph_Shield.png/revision/latest,https://swordburst2.fandom.com/wiki/Ars_Seraph_Shield,30-35,,clean_legendaries,Gift of Life,2026-09-19T00:07:34Z
1143,Spirit Shield,Accessory,,Accessory,Legendary,225,,,,,FALSE,,,6%,Drop,https://static.wikia.nocookie.net/swordburst2/images/e/e5/Spirit_Shield.png/revision/latest,https://swordburst2.fandom.com/wiki/Spirit_Shield,2-3,,clean_legendaries,30-40 Prismatic Apex 2 Floria's Gift,2026-09-19T00:07:34Z
1144,Emerald Bulwark,Accessory,,Accessory,Rare,230,,,,,FALSE,,5%,2%,Drop,https://static.wikia.nocookie.net/swordburst2/images/8/8d/Emerald_Bulwark.png/revision/latest,https://swordburst2.fandom.com/wiki/Emerald_Bulwark,,,,,2026-09-19T00:07:34Z
1145,Astra Guidant,Accessory,,Accessory,Rare,250,,,,,FALSE,,4%,3%,Drop,https://static.wikia.nocookie.net/swordburst2/images/d/d2/Astra_Guidant.png/revision/latest,https://swordburst2.fandom.com/wiki/Astra_Guidant,,,,,2026-09-19T00:07:34Z
1146,Positive Shield,Accessory,,Accessory,Burst,250,,,,,FALSE,,20%,15%,Crafting,https://static.wikia.nocookie.net/swordburst2/images/8/8b/Positive_Shield.png/revision/latest,https://swordburst2.fandom.com/wiki/Positive_Shield,,,,,2026-09-19T00:07:34Z
1147,Medusa,Accessory,,Accessory,Legendary,250,,,,,FALSE,,7%,15%,Drop,https://static.wikia.nocookie.net/swordburst2/images/c/c3/Medusa.png/revision/latest,https://swordburst2.fandom.com/wiki/Medusa,2-3,,clean_legendaries,Easter Realm (2023),2026-09-19T00:07:34Z
1148,Crucified Feather,Accessory,,Accessory,Legendary,200,,,,,FALSE,,15%,15%,70M,https://static.wikia.nocookie.net/swordburst2/images/3/35/Crucified_Feather.png/revision/latest,https://swordburst2.fandom.com/wiki/Crucified_Feather,4-5,,clean_legendaries,Fifteenth Edition,2026-09-19T00:07:34Z
1149,Chronolyx,Accessory,,Accessory,Legendary,275,,,,,FALSE,,8%,2%,Drop,https://static.wikia.nocookie.net/swordburst2/images/3/3e/Chronolyx.png/revision/latest,https://swordburst2.fandom.com/wiki/Chronolyx,3-4,,clean_legendaries,Floor 12,2026-09-19T00:07:34Z
1150,Verdant Shield,Accessory,,Accessory,Legendary,285,,,,,FALSE,,6%,6%,Drop,https://static.wikia.nocookie.net/swordburst2/images/d/d3/Verdant_Shield.png/revision/latest,https://swordburst2.fandom.com/wiki/Verdant_Shield,1,,clean_legendaries,Floor 12,2026-09-19T00:07:34Z
1151,Apotheosis,Accessory,,Accessory,Burst,300,,,,,FALSE,,40%,40%,Crafting,https://static.wikia.nocookie.net/swordburst2/images/9/93/Apotheosis.png/revision/latest,https://swordburst2.fandom.com/wiki/Apotheosis,,,,,2026-09-19T00:07:34Z
1152,Butterfly Shield,Accessory,,Accessory,Tribute,300,,,,,FALSE,,25%,25%,57.5M,https://static.wikia.nocookie.net/swordburst2/images/7/7d/Butterfly_Shield.png/revision/latest,https://swordburst2.fandom.com/wiki/Butterfly_Shield,5,,tributes,First Edition,2026-09-19T00:07:34Z
1153,Geryon,Accessory,,Accessory,Legendary,325,,,,,FALSE,,4%,6%,Drop,https://static.wikia.nocookie.net/swordburst2/images/f/f4/Geryon.png/revision/latest,https://swordburst2.fandom.com/wiki/Geryon,0.5,,clean_legendaries,Atheon's Realm,2026-09-19T00:07:34Z
1154,Svalinn,Accessory,,Accessory,Burst,350,,,,,FALSE,,35%,35%,Crafting,https://static.wikia.nocookie.net/swordburst2/images/a/a7/Svalinn.png/revision/latest,https://swordburst2.fandom.com/wiki/Svalinn,,,,,2026-09-19T00:07:34Z
1155,Ecliptic Void Shield,Accessory,,Accessory,Tribute,375,,,,,FALSE,,60%,18%,300M,https://static.wikia.nocookie.net/swordburst2/images/2/2d/Ecliptic_Void_Shield.png/revision/latest,https://swordburst2.fandom.com/wiki/Ecliptic_Void_Shield,10,,tributes,Seventh Edition,2026-09-19T00:07:34Z
1156,Chaos Bringer,Accessory,,Accessory,Tribute,400,,,,,FALSE,,25%,25%,Multiple Drops,https://static.wikia.nocookie.net/swordburst2/images/0/04/Chaos_Bringer.png/revision/latest,https://swordburst2.fandom.com/wiki/Chaos_Bringer,80-90,,tributes,- ROTATIONAL FLOOR TRIBUTES -,2026-09-19T00:07:34Z
1157,Corrupted Wings,Accessory,,Accessory,Tribute,400,,,,,FALSE,,35%,50%,Drop,https://static.wikia.nocookie.net/swordburst2/images/d/d2/Corrupted_Wings.png/revision/latest,https://swordburst2.fandom.com/wiki/Corrupted_Wings,Untradeable,,tributes,Atheon's Realm,2026-09-19T00:07:34Z
1158,Bunny Blessing,Accessory,,Accessory,Legendary,415,,,,,FALSE,,35%,35%,Drop,https://static.wikia.nocookie.net/swordburst2/images/5/53/Bunny_Blessing.png/revision/latest,https://swordburst2.fandom.com/wiki/Bunny_Blessing,2-3,,clean_legendaries,Egg Realm (2026),2026-09-19T00:07:34Z
1159,Ascendant Insignia,Accessory,,Accessory,Tribute,425,,,,,FALSE,,45%,45%,600M,https://static.wikia.nocookie.net/swordburst2/images/d/da/Ascendant_Insignia.png/revision/latest,https://swordburst2.fandom.com/wiki/Ascendant_Insignia,500+,,tributes,Fifteenth Edition,2026-09-19T00:07:34Z
1160,Toxic Dragon,Companion,,Companion,Common,,,,,,FALSE,,,,Burst Store 500,https://static.wikia.nocookie.net/swordburst2/images/0/08/Toxic_Dragon.png/revision/latest,https://swordburst2.fandom.com/wiki/Companions,8,,accessories,Dragon Pals,2026-09-19T00:07:34Z
1161,Frozen Dragon,Companion,,Companion,Rare,,,,,,FALSE,,,,Burst Store 500,https://static.wikia.nocookie.net/swordburst2/images/b/b2/Frozen_Dragon.png/revision/latest,https://swordburst2.fandom.com/wiki/Companions,10,,accessories,Dragon Pals,2026-09-19T00:07:34Z
1162,Crimson Dragon,Companion,,Companion,Rare,,,,,,FALSE,,,,Burst Store 500,https://static.wikia.nocookie.net/swordburst2/images/0/09/Crimson_Dragon.png/revision/latest,https://swordburst2.fandom.com/wiki/Companions,12-15,,accessories,Dragon Pals,2026-09-19T00:07:34Z
1163,Enchanted Dragon,Companion,,Companion,Rare,,,,,,FALSE,,,,Burst Store 500,https://static.wikia.nocookie.net/swordburst2/images/b/ba/Enchanted_Dragon.png/revision/latest,https://swordburst2.fandom.com/wiki/Companions,20-24,,accessories,Dragon Pals,2026-09-19T00:07:34Z
1164,Divine Dragon,Companion,,Companion,Legendary,,,,,,FALSE,,,,Burst Store 500,https://static.wikia.nocookie.net/swordburst2/images/6/67/Divine_Dragon.png/revision/latest,https://swordburst2.fandom.com/wiki/Companions,50-60,,accessories,Dragon Pals,2026-09-19T00:07:34Z
1165,Void Dragon,Companion,,Companion,Legendary,,,,,,FALSE,,,,Burst Store 500,https://static.wikia.nocookie.net/swordburst2/images/f/fb/Void_Dragon.png/revision/latest,https://swordburst2.fandom.com/wiki/Companions,60-70,,accessories,Dragon Pals,2026-09-19T00:07:34Z
1166,Heartstruck Bear,Companion,,Companion,Tribute,,,,,,FALSE,,,,Drop,https://static.wikia.nocookie.net/swordburst2/images/6/6e/Heartstruck_Bear.png/revision/latest,https://swordburst2.fandom.com/wiki/Companions,,,,,2026-09-19T00:07:34Z
1167,Hellfire Pumpkin,Companion,,Companion,Tribute,,,,,,FALSE,,,,Crafting,https://static.wikia.nocookie.net/swordburst2/images/d/d2/Hellfire_Pumpkin.png/revision/latest,https://swordburst2.fandom.com/wiki/Companions,750-800,,tributes,- EVENT FLOOR TRIBUTES -,2026-09-19T00:07:34Z
1168,Chocolate Bunny,Companion,,Companion,Common,,,,,,FALSE,,,,Burst Store 600,https://static.wikia.nocookie.net/swordburst2/images/d/d4/Chocolate_Bunny.png/revision/latest,https://swordburst2.fandom.com/wiki/Companions,6-8,,accessories,Bunny Pals,2026-09-19T00:07:34Z
1169,Snowy Bunny,Companion,,Companion,Rare,,,,,,FALSE,,,,Burst Store 600,https://static.wikia.nocookie.net/swordburst2/images/c/c2/Snowy_Bunny.png/revision/latest,https://swordburst2.fandom.com/wiki/Companions,15,,accessories,Bunny Pals,2026-09-19T00:07:34Z
1170,Volcanic Bunny,Companion,,Companion,Rare,,,,,,FALSE,,,,Burst Store 600,https://static.wikia.nocookie.net/swordburst2/images/9/9b/Volcanic_Bunny.png/revision/latest,https://swordburst2.fandom.com/wiki/Companions,10,,accessories,Bunny Pals,2026-09-19T00:07:34Z
1171,Phantom Bunny,Companion,,Companion,Rare,,,,,,FALSE,,,,Burst Store 600,https://static.wikia.nocookie.net/swordburst2/images/c/c2/Phantom_Bunny.png/revision/latest,https://swordburst2.fandom.com/wiki/Companions,20,,accessories,Bunny Pals,2026-09-19T00:07:34Z
1172,Lovely Bunny,Companion,,Companion,Legendary,,,,,,FALSE,,,,Burst Store 600,https://static.wikia.nocookie.net/swordburst2/images/8/8b/Lovely_Bunny.png/revision/latest,https://swordburst2.fandom.com/wiki/Companions,25,,accessories,Bunny Pals,2026-09-19T00:07:34Z
1173,Godly Bunny,Companion,,Companion,Legendary,,,,,,FALSE,,,,Burst Store 600,https://static.wikia.nocookie.net/swordburst2/images/0/0b/Godly_Bunny.png/revision/latest,https://swordburst2.fandom.com/wiki/Companions,60-70,,accessories,Bunny Pals,2026-09-19T00:07:34Z
1174,Axio Plushie,Companion,,Companion,Legendary,,,,,,FALSE,,,,Burst Store 600,https://static.wikia.nocookie.net/swordburst2/images/e/e2/Axio_PLUSHIE.png/revision/latest,https://swordburst2.fandom.com/wiki/Companions,,,,,2026-09-19T00:07:34Z
1175,BGM Plushie,Companion,,Companion,Legendary,,,,,,FALSE,,,,Burst Store 600,https://static.wikia.nocookie.net/swordburst2/images/7/7f/BGM_PLUSHIE.png/revision/latest,https://swordburst2.fandom.com/wiki/Companions,,,,,2026-09-19T00:07:34Z
1176,Yato Plushie,Companion,,Companion,Legendary,,,,,,FALSE,,,,Burst Store 600,https://static.wikia.nocookie.net/swordburst2/images/9/98/Yato_PLUSHIE.png/revision/latest,https://swordburst2.fandom.com/wiki/Companions,,,,,2026-09-19T00:07:34Z
1177,Vieny Plushie,Companion,,Companion,Legendary,,,,,,FALSE,,,,Burst Store 600,https://static.wikia.nocookie.net/swordburst2/images/0/05/Vieny_PLUSHIE.png/revision/latest,https://swordburst2.fandom.com/wiki/Companions,,,,,2026-09-19T00:07:34Z
1178,Lone Plushie,Companion,,Companion,Legendary,,,,,,FALSE,,,,Burst Store 600,https://static.wikia.nocookie.net/swordburst2/images/a/a7/Lone_PLUSHIE.png/revision/latest,https://swordburst2.fandom.com/wiki/Companions,,,,,2026-09-19T00:07:34Z
1179,Reizo Plushie,Companion,,Companion,Legendary,,,,,,FALSE,,,,Burst Store 600,https://static.wikia.nocookie.net/swordburst2/images/3/37/Reizo_PLUSHIE.png/revision/latest,https://swordburst2.fandom.com/wiki/Companions,,,,,2026-09-19T00:07:34Z
1180,Lebond Plushie,Companion,,Companion,Legendary,,,,,,FALSE,,,,Burst Store 600,https://static.wikia.nocookie.net/swordburst2/images/0/09/Lebond_PLUSHIE.png/revision/latest,https://swordburst2.fandom.com/wiki/Companions,,,,,2026-09-19T00:07:34Z
1181,Gray Fish,Companion,,Companion,Common,,,,,,FALSE,,,,Burst Store 600,https://static.wikia.nocookie.net/swordburst2/images/c/c9/Gray_Fish.png/revision/latest,https://swordburst2.fandom.com/wiki/Companions,5-6,,accessories,Fish Pals,2026-09-19T00:07:34Z
1182,Blue Fish,Companion,,Companion,Common,,,,,,FALSE,,,,Burst Store 600,https://static.wikia.nocookie.net/swordburst2/images/7/7c/Blue_Fish.png/revision/latest,https://swordburst2.fandom.com/wiki/Companions,10-15,,accessories,Fish Pals,2026-09-19T00:07:34Z
1183,Yellow Fish,Companion,,Companion,Common,,,,,,FALSE,,,,Burst Store 600,https://static.wikia.nocookie.net/swordburst2/images/1/14/Yellow_Fish.png/revision/latest,https://swordburst2.fandom.com/wiki/Companions,10,,accessories,Fish Pals,2026-09-19T00:07:34Z
1184,Lovely Fish,Companion,,Companion,Rare,,,,,,FALSE,,,,Burst Store 600,https://static.wikia.nocookie.net/swordburst2/images/8/89/Lovely_Fish.png/revision/latest,https://swordburst2.fandom.com/wiki/Companions,25-30,,accessories,Fish Pals,2026-09-19T00:07:34Z
1185,Deep Sea Fish,Companion,,Companion,Rare,,,,,,FALSE,,,,Burst Store 600,https://static.wikia.nocookie.net/swordburst2/images/d/da/Deep_Sea_Fish.png/revision/latest,https://swordburst2.fandom.com/wiki/Companions,15,,accessories,Fish Pals,2026-09-19T00:07:34Z
1186,Crimson Fish,Companion,,Companion,Legendary,,,,,,FALSE,,,,Burst Store 600,https://static.wikia.nocookie.net/swordburst2/images/7/7c/Crimson_Fish.png/revision/latest,https://swordburst2.fandom.com/wiki/Companions,30-35,,accessories,Fish Pals,2026-09-19T00:07:34Z
1187,Rainbow Fish,Companion,,Companion,Legendary,,,,,,FALSE,,,,Burst Store 600,https://static.wikia.nocookie.net/swordburst2/images/3/37/Rainbow_Fish.png/revision/latest,https://swordburst2.fandom.com/wiki/Companions,800,,accessories,Fish Pals,2026-09-19T00:07:34Z
1188,Nature Kitsune,Companion,,Companion,Common,,,,,,FALSE,,,,Burst Store 600,https://static.wikia.nocookie.net/swordburst2/images/1/17/Nature_Kitsune.png/revision/latest,https://swordburst2.fandom.com/wiki/Companions,,,,,2026-09-19T00:07:34Z
1189,Lightning Kitsune,Companion,,Companion,Rare,,,,,,FALSE,,,,Burst Store 600,https://static.wikia.nocookie.net/swordburst2/images/d/d9/Lightning_Kitsune.png/revision/latest,https://swordburst2.fandom.com/wiki/Companions,,,,,2026-09-19T00:07:34Z
1190,Sakura Kitsune,Companion,,Companion,Rare,,,,,,FALSE,,,,Burst Store 600,https://static.wikia.nocookie.net/swordburst2/images/b/b7/Sakura_Kitsune.png/revision/latest,https://swordburst2.fandom.com/wiki/Companions,,,,,2026-09-19T00:07:34Z
1191,Light Kitsune,Companion,,Companion,Rare,,,,,,FALSE,,,,Burst Store 600,https://static.wikia.nocookie.net/swordburst2/images/a/ae/Light_Kitsune.png/revision/latest,https://swordburst2.fandom.com/wiki/Companions,,,,,2026-09-19T00:07:34Z
1192,Snow Kitsune,Companion,,Companion,Legendary,,,,,,FALSE,,,,Burst Store 600,https://static.wikia.nocookie.net/swordburst2/images/f/f0/Snow_Kitsune.png/revision/latest,https://swordburst2.fandom.com/wiki/Companions,,,,,2026-09-19T00:07:34Z
1193,Crimson Kitsune,Companion,,Companion,Legendary,,,,,,FALSE,,,,Burst Store 600,https://static.wikia.nocookie.net/swordburst2/images/6/66/Crimson_Kitsune.png/revision/latest,https://swordburst2.fandom.com/wiki/Companions,,,,,2026-09-19T00:07:34Z
1194,THING,Companion,,Companion,Tribute,,,,,,FALSE,,,,Burst Store 600,https://static.wikia.nocookie.net/swordburst2/images/1/1b/THING.png/revision/latest,https://swordburst2.fandom.com/wiki/Companions,,,,,2026-09-19T00:07:34Z
1195,Mini Atheon,Companion,,Companion,Tribute,,,,,,FALSE,,,,Drop,https://static.wikia.nocookie.net/swordburst2/images/1/16/Mini_Atheon.png/revision/latest,https://swordburst2.fandom.com/wiki/Mini_Atheon,25-30,,tributes,Atheon's Realm,2026-09-19T00:07:34Z
1196,Glorp,Companion,,Companion,Tribute,,,,,,FALSE,,,,"Joining BGM's server on August 5, 2026",https://static.wikia.nocookie.net/swordburst2/images/c/c9/Glorp.png/revision/latest,https://swordburst2.fandom.com/wiki/Glorp,,,,,2026-09-19T00:07:34Z
1197,Confusion Aura,Aura,Aura,Aura,Rare,,,,,,FALSE,,,,,https://static.wikia.nocookie.net/swordburst2/images/1/1f/Confusion_Aura.png,https://swordburst2.fandom.com/wiki/Confusion_Aura,,,,,2026-09-19T00:07:34Z
1198,Digital Aura,Aura,Aura,Aura,Rare,,,,,,FALSE,,,,,https://static.wikia.nocookie.net/swordburst2/images/e/ec/Digital_Aura.png,https://swordburst2.fandom.com/wiki/Digital_Aura,,,,,2026-09-19T00:07:34Z
1199,Pulse Aura,Aura,Aura,Aura,Uncommon,,,,,,FALSE,,,,,https://static.wikia.nocookie.net/swordburst2/images/9/92/Pulse_Aura.png,https://swordburst2.fandom.com/wiki/Pulse_Aura,,,,,2026-09-19T00:07:34Z
1200,Recon Aura,Aura,Aura,Aura,Rare,,,,,,FALSE,,,,,https://static.wikia.nocookie.net/swordburst2/images/8/86/Recon_Aura.png,https://swordburst2.fandom.com/wiki/Recon_Aura,,,,,2026-09-19T00:07:34Z
1201,Scratches Aura,Aura,Aura,Aura,Legendary,,,,,,FALSE,,,,,https://static.wikia.nocookie.net/swordburst2/images/6/65/Scratches_Aura.png,https://swordburst2.fandom.com/wiki/Scratches_Aura,,,,,2026-09-19T00:07:34Z
1202,Twinkle Aura,Aura,Aura,Aura,Legendary,,,,,,FALSE,,,,,https://static.wikia.nocookie.net/swordburst2/images/5/5b/Twinkle_Aura.png,https://swordburst2.fandom.com/wiki/Twinkle_Aura,,,,,2026-09-19T00:07:34Z
1203,Banana Aura,Aura,Aura,Aura,Legendary,,,,,,FALSE,,,,,https://static.wikia.nocookie.net/swordburst2/images/b/bb/Banana_Aura.png,https://swordburst2.fandom.com/wiki/Banana_Aura,,,,,2026-09-19T00:07:34Z
1204,Coconut Aura,Aura,Aura,Aura,Common,,,,,,FALSE,,,,,https://static.wikia.nocookie.net/swordburst2/images/2/25/Coconut_Aura.png,https://swordburst2.fandom.com/wiki/Coconut_Aura,,,,,2026-09-19T00:07:34Z
1205,DragonFruit Aura,Aura,Aura,Aura,Rare,,,,,,FALSE,,,,,https://static.wikia.nocookie.net/swordburst2/images/5/50/DragonFruit_Aura.png,https://swordburst2.fandom.com/wiki/DragonFruit_Aura,,,,,2026-09-19T00:07:34Z
1206,Mango Aura,Aura,Aura,Aura,Common,,,,,,FALSE,,,,,https://static.wikia.nocookie.net/swordburst2/images/a/ab/Mango_Aura.png,https://swordburst2.fandom.com/wiki/Mango_Aura,,,,,2026-09-19T00:07:34Z
1207,Strawberry Aura,Aura,Aura,Aura,Rare,,,,,,FALSE,,,,,https://static.wikia.nocookie.net/swordburst2/images/5/5f/Strawberry_Aura.png,https://swordburst2.fandom.com/wiki/Strawberry_Aura,,,,,2026-09-19T00:07:34Z
1208,Watermelon Aura,Aura,Aura,Aura,Legendary,,,,,,FALSE,,,,,https://static.wikia.nocookie.net/swordburst2/images/b/b6/Watermelon_Aura.png,https://swordburst2.fandom.com/wiki/Watermelon_Aura,,,,,2026-09-19T00:07:34Z
1209,Celestial Genesis aura,Aura,Aura,Aura,Rare,,,,,,FALSE,,,,,https://static.wikia.nocookie.net/swordburst2/images/8/8d/Celestial_genesis_aura.webp,https://swordburst2.fandom.com/wiki/Celestial_Genesis_aura,20,,auras,Gracious Domain 3 Serenity Realm 3-4,2026-09-19T00:07:34Z
1210,Corrupting Haze aura,Aura,Aura,Aura,Uncommon,,,,,,FALSE,,,,,https://static.wikia.nocookie.net/swordburst2/images/9/94/Corrupting_haze_aura.webp,https://swordburst2.fandom.com/wiki/Corrupting_Haze_aura,15,,auras,Gracious Domain 3 Serenity Realm 3-4,2026-09-19T00:07:34Z
1211,Crimson Carnage aura,Aura,Aura,Aura,Uncommon,,,,,,FALSE,,,,,https://static.wikia.nocookie.net/swordburst2/images/4/46/Crimson_carnage_aura.webp,https://swordburst2.fandom.com/wiki/Crimson_Carnage_aura,20,,auras,Gracious Domain 3 Serenity Realm 3-4,2026-09-19T00:07:34Z
1212,Ignition Burst Aura,Aura,Aura,Aura,Rare,,,,,,FALSE,,,,,https://static.wikia.nocookie.net/swordburst2/images/7/79/Ignition_burst_aura.webp,https://swordburst2.fandom.com/wiki/Ignition_Burst_Aura,,,,,2026-09-19T00:07:34Z
1213,Smoldering Flame Aura,Aura,Aura,Aura,Legendary,,,,,,FALSE,,,,,https://static.wikia.nocookie.net/swordburst2/images/f/f4/Smoldering_flame_aura.webp,https://swordburst2.fandom.com/wiki/Smoldering_Flame_Aura,30,,auras,Gift Of Shine 2-3 Silver Shine 8-10,2026-09-19T00:07:34Z
1214,Voidflame Aura,Aura,Aura,Aura,Legendary,,,,,,FALSE,,,,,https://static.wikia.nocookie.net/swordburst2/images/3/3f/Voidflame_aura.webp,https://swordburst2.fandom.com/wiki/Voidflame_Aura,,,,,2026-09-19T00:07:34Z
1215,Blooming Etoile Aura,Aura,Aura,Aura,Legendary,,,,,,FALSE,,,,,https://static.wikia.nocookie.net/swordburst2/images/e/ed/Blooming_Etoile.webp,https://swordburst2.fandom.com/wiki/Blooming_Etoile_Aura,20-25,,auras,Gracious Domain 3 Serenity Realm 3-4,2026-09-19T00:07:34Z
1216,Bunny Blessing Aura,Aura,Aura,Aura,Uncommon,,,,,,FALSE,,,,,https://static.wikia.nocookie.net/swordburst2/images/3/35/Bunny_Blessing_Aura.webp,https://swordburst2.fandom.com/wiki/Bunny_Blessing_Aura,,,,,2026-09-19T00:07:34Z
1217,Easter Essence Aura,Aura,Aura,Aura,Uncommon,,,,,,FALSE,,,,,https://static.wikia.nocookie.net/swordburst2/images/8/8d/Easter_Essence.webp,https://swordburst2.fandom.com/wiki/Easter_Essence_Aura,,,,,2026-09-19T00:07:34Z
1218,Flourishing Blooms Aura,Aura,Aura,Aura,Rare,,,,,,FALSE,,,,,https://static.wikia.nocookie.net/swordburst2/images/b/b7/Flourishing_Blooms.webp,https://swordburst2.fandom.com/wiki/Flourishing_Blooms_Aura,25,,auras,Gracious Domain 3 Serenity Realm 3-4,2026-09-19T00:07:34Z
1219,Golden Eggcelence Aura,Aura,Aura,Aura,Rare,,,,,,FALSE,,,,,https://static.wikia.nocookie.net/swordburst2/images/3/31/Golden_Eggcelence.webp,https://swordburst2.fandom.com/wiki/Golden_Eggcelence_Aura,20,,auras,Gracious Domain 3 Serenity Realm 3-4,2026-09-19T00:07:34Z
1220,Grassy Patch Aura,Aura,Aura,Aura,Common,,,,,,FALSE,,,,,https://static.wikia.nocookie.net/swordburst2/images/8/87/Grassy_Patch.webp,https://swordburst2.fandom.com/wiki/Grassy_Patch_Aura,,,,,2026-09-19T00:07:34Z
1221,Chicken Wings Aura,Aura,Aura,Aura,Common,,,,,,FALSE,,,,,https://static.wikia.nocookie.net/swordburst2/images/5/52/Chicken_Wings_Aura.webp,https://swordburst2.fandom.com/wiki/Chicken_Wings_Aura,20,,auras,Gracious Domain 3 Serenity Realm 3-4,2026-09-19T00:07:34Z
1222,Clown Pepe Aura,Aura,Aura,Aura,Common,,,,,,FALSE,,,,,https://static.wikia.nocookie.net/swordburst2/images/e/ef/Clown_Pepe_Aura2.webp,https://swordburst2.fandom.com/wiki/Clown_Pepe_Aura,10-15,,auras,Gracious Domain 3 Serenity Realm 3-4,2026-09-19T00:07:34Z
1223,Ratfestt Aura,Aura,Aura,Aura,Common,,,,,,FALSE,,,,,https://static.wikia.nocookie.net/swordburst2/images/8/8d/Ratfestt_Aura.png,https://swordburst2.fandom.com/wiki/Ratfestt_Aura,10-15,,auras,Gracious Domain 3 Serenity Realm 3-4,2026-09-19T00:07:34Z
1224,Trollface Aura,Aura,Aura,Aura,Common,,,,,,FALSE,,,,,https://static.wikia.nocookie.net/swordburst2/images/0/09/Trollface_Aura2.webp,https://swordburst2.fandom.com/wiki/Trollface_Aura,10-15,,auras,Gracious Domain 3 Serenity Realm 3-4,2026-09-19T00:07:34Z
1225,Update is...,Aura,Aura,Aura,Common,,,,,,FALSE,,,,,https://static.wikia.nocookie.net/swordburst2/images/c/cf/Update_is...webp,https://swordburst2.fandom.com/wiki/Update_is...,,,,,2026-09-19T00:07:34Z
1226,Yato's paycheck,Aura,Aura,Aura,Common,,,,,,FALSE,,,,,https://static.wikia.nocookie.net/swordburst2/images/9/9e/Yato%27s_paycheck.png,https://swordburst2.fandom.com/wiki/Yato's_paycheck,15-20,,auras,Gracious Domain 3 Serenity Realm 3-4,2026-09-19T00:07:34Z
1227,Burning Ambition Aura,Aura,Aura,Aura,Rare,,,,,,FALSE,,,,,https://static.wikia.nocookie.net/swordburst2/images/f/f3/Burning_Ambition_Aura.webp,https://swordburst2.fandom.com/wiki/Burning_Ambition_Aura,10,,auras,Gracious Domain 3 Serenity Realm 3-4,2026-09-19T00:07:34Z
1228,Prismatic Serenity Aura,Aura,Aura,Aura,Legendary,,,,,,FALSE,,,,,https://static.wikia.nocookie.net/swordburst2/images/0/02/Prismatic_Serenity_Aura.webp,https://swordburst2.fandom.com/wiki/Prismatic_Serenity_Aura,30-35,,auras,Gracious Domain 3 Serenity Realm 3-4,2026-09-19T00:07:34Z
1229,Royal Providence Aura,Aura,Aura,Aura,Rare,,,,,,FALSE,,,,,https://static.wikia.nocookie.net/swordburst2/images/d/da/Royal_Providence_Aura.webp,https://swordburst2.fandom.com/wiki/Royal_Providence_Aura,30-35,,auras,Gracious Domain 3 Serenity Realm 3-4,2026-09-19T00:07:34Z
1230,Sanguine's Destiny Aura,Aura,Aura,Aura,Common,,,,,,FALSE,,,,,https://static.wikia.nocookie.net/swordburst2/images/a/a7/Sanguine%27s_Destiny_Aura.webp,https://swordburst2.fandom.com/wiki/Sanguine's_Destiny_Aura,2,,auras,Gracious Domain 3 Serenity Realm 3-4,2026-09-19T00:07:34Z
1231,Spectral Amethyst Aura,Aura,Aura,Aura,Legendary,,,,,,FALSE,,,,,https://static.wikia.nocookie.net/swordburst2/images/a/ae/Spectral_Amethyst_Aura.webp,https://swordburst2.fandom.com/wiki/Spectral_Amethyst_Aura,20-25,,auras,Gracious Domain 3 Serenity Realm 3-4,2026-09-19T00:07:34Z
1232,Veridical Vitality Aura,Aura,Aura,Aura,Uncommon,,,,,,FALSE,,,,,https://static.wikia.nocookie.net/swordburst2/images/b/b4/Veridical_Vitality_Aura.webp,https://swordburst2.fandom.com/wiki/Veridical_Vitality_Aura,4,,auras,Gracious Domain 3 Serenity Realm 3-4,2026-09-19T00:07:34Z
1233,Crimson Devotion Aura,Aura,Aura,Aura,Legendary,,,,,,FALSE,,,,,https://static.wikia.nocookie.net/swordburst2/images/2/2c/Crimson_Devotion_Aura.webp,https://swordburst2.fandom.com/wiki/Crimson_Devotion_Aura,10,,auras,Gracious Domain 3 Serenity Realm 3-4,2026-09-19T00:07:34Z
1234,Cupid's Whisper Aura,Aura,Aura,Aura,Legendary,,,,,,FALSE,,,,,https://static.wikia.nocookie.net/swordburst2/images/5/51/Cupid%27s_Whisper_Aura.webp,https://swordburst2.fandom.com/wiki/Cupid's_Whisper_Aura,,,,,2026-09-19T00:07:34Z
1235,Everbloom Grace Aura,Aura,Aura,Aura,Legendary,,,,,,FALSE,,,,,https://static.wikia.nocookie.net/swordburst2/images/5/55/Everbloom_Grace_Aura.webp,https://swordburst2.fandom.com/wiki/Everbloom_Grace_Aura,30-35,,auras,Gracious Domain 3 Serenity Realm 3-4,2026-09-19T00:07:34Z
1236,Roselight Heart Aura,Aura,Aura,Aura,Legendary,,,,,,FALSE,,,,,https://static.wikia.nocookie.net/swordburst2/images/3/3f/Roselight_Heart_Aura.webp,https://swordburst2.fandom.com/wiki/Roselight_Heart_Aura,8-12,,auras,Gracious Domain 3 Serenity Realm 3-4,2026-09-19T00:07:34Z
1237,Sealed Affection Aura,Aura,Aura,Aura,Legendary,,,,,,FALSE,,,,,https://static.wikia.nocookie.net/swordburst2/images/6/65/Sealed_Affection_Aura.webp,https://swordburst2.fandom.com/wiki/Sealed_Affection_Aura,10-15,,auras,Gracious Domain 3 Serenity Realm 3-4,2026-09-19T00:07:34Z
1238,Velvet Truffle Aura,Aura,Aura,Aura,Legendary,,,,,,FALSE,,,,,https://static.wikia.nocookie.net/swordburst2/images/6/64/Velvet_Truffle_Aura.webp,https://swordburst2.fandom.com/wiki/Velvet_Truffle_Aura,,,,,2026-09-19T00:07:34Z
1239,Radiant Celebration,Aura,Aura,Aura,Common,,,,,,FALSE,,,,,https://static.wikia.nocookie.net/swordburst2/images/d/dc/Radiant_Celebration_Aura.png,https://swordburst2.fandom.com/wiki/Radiant_Celebration,5,,auras,Gracious Domain 3 Serenity Realm 3-4,2026-09-19T00:07:34Z
1240,Dreamspark Canopy,Aura,Aura,Aura,Rare,,,,,,FALSE,,,,,https://static.wikia.nocookie.net/swordburst2/images/3/37/Dreamspark_Canopy_Aura.png,https://swordburst2.fandom.com/wiki/Dreamspark_Canopy,20,,auras,Gracious Domain 3 Serenity Realm 3-4,2026-09-19T00:07:34Z
1241,Polar Vortex,Aura,Aura,Aura,Rare,,,,,,FALSE,,,,,https://static.wikia.nocookie.net/swordburst2/images/6/65/Polar_Vortex_Aura.png,https://swordburst2.fandom.com/wiki/Polar_Vortex,11-14,,auras,Gracious Domain 3 Serenity Realm 3-4,2026-09-19T00:07:34Z
1242,Marbled Void,Aura,Aura,Aura,Legendary,,,,,,FALSE,,,,,https://static.wikia.nocookie.net/swordburst2/images/9/9b/Marbled_Void_Aura.png,https://swordburst2.fandom.com/wiki/Marbled_Void,22-24,,auras,Gracious Domain 3 Serenity Realm 3-4,2026-09-19T00:07:34Z
1243,Ice Monarch,Aura,Aura,Aura,Legendary,,,,,,FALSE,,,,,https://static.wikia.nocookie.net/swordburst2/images/2/2a/Ice_Monarch_Aura.png,https://swordburst2.fandom.com/wiki/Ice_Monarch,35-40,,auras,Gracious Domain 3 Serenity Realm 3-4,2026-09-19T00:07:34Z
1244,Christmas Spirit Aura,Aura,Aura,Aura,Rare,,,,,,FALSE,,,,,https://static.wikia.nocookie.net/swordburst2/images/c/c5/Christmas_Spirit.png,https://swordburst2.fandom.com/wiki/Christmas_Spirit_Aura,6-8,,auras,Gracious Domain 3 Serenity Realm 3-4,2026-09-19T00:07:34Z
1245,Jolly Mints Aura,Aura,Aura,Aura,Rare,,,,,,FALSE,,,,,https://static.wikia.nocookie.net/swordburst2/images/d/dc/Jolly_Mints.png,https://swordburst2.fandom.com/wiki/Jolly_Mints_Aura,,,,,2026-09-19T00:07:34Z
1246,Glittering Aurora Aura,Aura,Aura,Aura,Rare,,,,,,FALSE,,,,,https://static.wikia.nocookie.net/swordburst2/images/e/e4/Glittering_Aurora.png,https://swordburst2.fandom.com/wiki/Glittering_Aurora_Aura,35-40,,auras,Gracious Domain 3 Serenity Realm 3-4,2026-09-19T00:07:34Z
1247,Snowstorm Aura,Aura,Aura,Aura,Rare,,,,,,FALSE,,,,,https://static.wikia.nocookie.net/swordburst2/images/c/cf/Snowstorm.png,https://swordburst2.fandom.com/wiki/Snowstorm_Aura,,,,,2026-09-19T00:07:34Z
1248,North Star Aura,Aura,Aura,Aura,Rare,,,,,,FALSE,,,,,https://static.wikia.nocookie.net/swordburst2/images/d/d1/North_Star_Aura.png,https://swordburst2.fandom.com/wiki/North_Star_Aura,,,,,2026-09-19T00:07:34Z
1249,Prismatic Haze Aura,Aura,Aura,Aura,Rare,,,,,,FALSE,,,,,https://static.wikia.nocookie.net/swordburst2/images/f/fe/Prismatic_Haze.png,https://swordburst2.fandom.com/wiki/Prismatic_Haze_Aura,,,,,2026-09-19T00:07:34Z
1250,Soft Corals,Aura,Aura,Aura,Common,,,,,,FALSE,,,,,https://static.wikia.nocookie.net/swordburst2/images/0/0a/Soft_Coral_Aura.png,https://swordburst2.fandom.com/wiki/Soft_Corals,1-2,,auras,Gracious Domain 3 Serenity Realm 3-4,2026-09-19T00:07:34Z
1251,Starving Venom,Aura,Aura,Aura,Uncommon,,,,,,FALSE,,,,,https://static.wikia.nocookie.net/swordburst2/images/e/e5/Starving_Venom_Aura.png,https://swordburst2.fandom.com/wiki/Starving_Venom,5,,auras,Gracious Domain 3 Serenity Realm 3-4,2026-09-19T00:07:34Z
1252,Terrifying Poison,Aura,Aura,Aura,Rare,,,,,,FALSE,,,,,https://static.wikia.nocookie.net/swordburst2/images/8/8c/Terrifying_Poison_Aura.png,https://swordburst2.fandom.com/wiki/Terrifying_Poison,3-4,,auras,Gracious Domain 3 Serenity Realm 3-4,2026-09-19T00:07:34Z
1253,Depth's Light,Aura,Aura,Aura,Rare,,,,,,FALSE,,,,,https://static.wikia.nocookie.net/swordburst2/images/c/c7/Depth%27s_Light_Aura.png,https://swordburst2.fandom.com/wiki/Depth's_Light,8,,auras,Gracious Domain 3 Serenity Realm 3-4,2026-09-19T00:07:34Z
1254,Angler Trap,Aura,Aura,Aura,Rare,,,,,,FALSE,,,,,https://static.wikia.nocookie.net/swordburst2/images/b/ba/Angler_Trap_Aura.png,https://swordburst2.fandom.com/wiki/Angler_Trap,8-10,,auras,Gracious Domain 3 Serenity Realm 3-4,2026-09-19T00:07:34Z
1255,Abyss Current,Aura,Aura,Aura,Legendary,,,,,,FALSE,,,,,https://static.wikia.nocookie.net/swordburst2/images/e/ed/Abyss_Current_Aura_.png,https://swordburst2.fandom.com/wiki/Abyss_Current,17-20,,auras,Gracious Domain 3 Serenity Realm 3-4,2026-09-19T00:07:34Z
1256,Kapow,Aura,Aura,Aura,Legendary,,,,,,FALSE,,,,,https://static.wikia.nocookie.net/swordburst2/images/5/53/Kapow_Body_Aura.png,https://swordburst2.fandom.com/wiki/Kapow,5-6,,auras,Idol Star Bundle 500 Arising Star,2026-09-19T00:07:34Z
1257,Duality Flow,Aura,Aura,Aura,Legendary,,,,,,FALSE,,,,,https://static.wikia.nocookie.net/swordburst2/images/e/eb/Duality_Flow_Body_Aura.png,https://swordburst2.fandom.com/wiki/Duality_Flow,10-12,,auras,Idol Star Bundle 500 Arising Star,2026-09-19T00:07:34Z
1258,Glacial Snowflake,Aura,Aura,Aura,Legendary,,,,,,FALSE,,,,,https://static.wikia.nocookie.net/swordburst2/images/d/d4/Glacial_Snowflake_Body_Aura.png,https://swordburst2.fandom.com/wiki/Glacial_Snowflake,8,,auras,Idol Star Bundle 500 Arising Star,2026-09-19T00:07:34Z
1259,Falling Star,Aura,Aura,Aura,Legendary,,,,,,FALSE,,,,,https://static.wikia.nocookie.net/swordburst2/images/5/51/Falling_Star_Body_Aura.png,https://swordburst2.fandom.com/wiki/Falling_Star,8,,auras,Idol Star Bundle 500 Arising Star,2026-09-19T00:07:34Z
1260,Calamity,Aura,Aura,Aura,Legendary,,,,,,FALSE,,,,,https://static.wikia.nocookie.net/swordburst2/images/d/d7/Calamity_Body_Aura.png,https://swordburst2.fandom.com/wiki/Calamity,10,,auras,Idol Star Bundle 500 Arising Star,2026-09-19T00:07:34Z
1261,Plasma Wrath,Aura,Aura,Aura,Legendary,,,,,,FALSE,,,,,https://static.wikia.nocookie.net/swordburst2/images/0/0f/Plasma_Wrath_Body_Aura.png,https://swordburst2.fandom.com/wiki/Plasma_Wrath,8,,auras,Idol Star Bundle 500 Arising Star,2026-09-19T00:07:34Z
1262,Arcane Magic,Aura,Aura,Aura,Legendary,,,,,,FALSE,,,,,https://static.wikia.nocookie.net/swordburst2/images/e/ed/Arcane_Magic_Body_Aura.png,https://swordburst2.fandom.com/wiki/Arcane_Magic,8,,auras,Idol Star Bundle 500 Arising Star,2026-09-19T00:07:34Z
1263,Sparkling Woes,Aura,Aura,Aura,Common,,,,,,FALSE,,,,,https://static.wikia.nocookie.net/swordburst2/images/2/2a/Sparkling_Woes1.png,https://swordburst2.fandom.com/wiki/Sparkling_Woes,1-2,,auras,Gracious Domain 3 Serenity Realm 3-4,2026-09-19T00:07:34Z
1264,Collapsing Eclipse,Aura,Aura,Aura,Uncommon,,,,,,FALSE,,,,,https://static.wikia.nocookie.net/swordburst2/images/2/25/Collapsing_Eclipse.png,https://swordburst2.fandom.com/wiki/Collapsing_Eclipse,4-5,,auras,Gracious Domain 3 Serenity Realm 3-4,2026-09-19T00:07:34Z
1265,Contrast Current,Aura,Aura,Aura,Rare,,,,,,FALSE,,,,,https://static.wikia.nocookie.net/swordburst2/images/1/1d/Contrast_Current1.png,https://swordburst2.fandom.com/wiki/Contrast_Current,10,,auras,Gracious Domain 3 Serenity Realm 3-4,2026-09-19T00:07:34Z
1266,Duality Flutter,Aura,Aura,Aura,Rare,,,,,,FALSE,,,,,https://static.wikia.nocookie.net/swordburst2/images/a/aa/Duality_Flutter1.png,https://swordburst2.fandom.com/wiki/Duality_Flutter,30-35,,auras,Gracious Domain 3 Serenity Realm 3-4,2026-09-19T00:07:34Z
1267,White Flame,Aura,Aura,Aura,Legendary,,,,,,FALSE,,,,,https://static.wikia.nocookie.net/swordburst2/images/6/60/White_Flame1.png,https://swordburst2.fandom.com/wiki/White_Flame,10-12,,auras,Gracious Domain 3 Serenity Realm 3-4,2026-09-19T00:07:34Z
1268,Dark Flare,Aura,Aura,Aura,Legendary,,,,,,FALSE,,,,,https://static.wikia.nocookie.net/swordburst2/images/b/ba/Dark_Flare1.png,https://swordburst2.fandom.com/wiki/Dark_Flare,10,,auras,Gracious Domain 3 Serenity Realm 3-4,2026-09-19T00:07:34Z
1269,Jade Mist,Aura,Aura,Aura,Uncommon,,,,,,FALSE,,,,,https://static.wikia.nocookie.net/swordburst2/images/0/0c/Jade_Mist.png,https://swordburst2.fandom.com/wiki/Jade_Mist,2-3,,auras,Gracious Domain 3 Serenity Realm 3-4,2026-09-19T00:07:34Z
1270,Tranquil Sparkle,Aura,Aura,Aura,Uncommon,,,,,,FALSE,,,,,https://static.wikia.nocookie.net/swordburst2/images/6/6c/Tranquill_Sparkle.png,https://swordburst2.fandom.com/wiki/Tranquil_Sparkle,5,,auras,Gracious Domain 3 Serenity Realm 3-4,2026-09-19T00:07:34Z
1271,Chaotic Gleam,Aura,Aura,Aura,Rare,,,,,,FALSE,,,,,https://static.wikia.nocookie.net/swordburst2/images/e/e4/Chaotic_Gleam.png,https://swordburst2.fandom.com/wiki/Chaotic_Gleam,4-6,,auras,Gracious Domain 3 Serenity Realm 3-4,2026-09-19T00:07:34Z
1272,Conflagrant Calamity,Aura,Aura,Aura,Rare,,,,,,FALSE,,,,,https://static.wikia.nocookie.net/swordburst2/images/9/9f/Conflagrant_Calamity.png,https://swordburst2.fandom.com/wiki/Conflagrant_Calamity,4-6,,auras,Gracious Domain 3 Serenity Realm 3-4,2026-09-19T00:07:34Z
1273,Chaos Collide,Aura,Aura,Aura,Legendary,,,,,,FALSE,,,,,https://static.wikia.nocookie.net/swordburst2/images/b/bb/Chaos_Collide_.png,https://swordburst2.fandom.com/wiki/Chaos_Collide,12-15,,auras,Gracious Domain 3 Serenity Realm 3-4,2026-09-19T00:07:34Z
1274,Dragon's Mirage,Aura,Aura,Aura,Legendary,,,,,,FALSE,,,,,https://static.wikia.nocookie.net/swordburst2/images/e/e3/Dragon%27s_Mirage.png,https://swordburst2.fandom.com/wiki/Dragon's_Mirage,25-30,,auras,Gracious Domain 3 Serenity Realm 3-4,2026-09-19T00:07:34Z
1275,Serenity Realm,Aura,Aura,Aura,Uncommon,,,,,,FALSE,,,,,https://static.wikia.nocookie.net/swordburst2/images/6/66/Serenity_Realm.png,https://swordburst2.fandom.com/wiki/Serenity_Realm,,,,,2026-09-19T00:07:34Z
1276,Draconic Emblem,Aura,Aura,Aura,Uncommon,,,,,,FALSE,,,,,https://static.wikia.nocookie.net/swordburst2/images/1/17/Draconic_Emblem.png,https://swordburst2.fandom.com/wiki/Draconic_Emblem,,,,,2026-09-19T00:07:34Z
1277,Fragmented Jewels,Aura,Aura,Aura,Rare,,,,,,FALSE,,,,,https://static.wikia.nocookie.net/swordburst2/images/8/82/Fragmented_Jewels.png,https://swordburst2.fandom.com/wiki/Fragmented_Jewels,,,,,2026-09-19T00:07:34Z
1278,Healing Domain,Aura,Aura,Aura,Rare,,,,,,FALSE,,,,,https://static.wikia.nocookie.net/swordburst2/images/d/d7/Healing_Domain.png,https://swordburst2.fandom.com/wiki/Healing_Domain,,,,,2026-09-19T00:07:34Z
1279,Occulted Fireflies,Aura,Aura,Aura,Legendary,,,,,,FALSE,,,,,https://static.wikia.nocookie.net/swordburst2/images/e/eb/Occulted_Fireflies.png,https://swordburst2.fandom.com/wiki/Occulted_Fireflies,,,,,2026-09-19T00:07:34Z
1280,Flaring Skylights,Aura,Aura,Aura,Legendary,,,,,,FALSE,,,,,https://static.wikia.nocookie.net/swordburst2/images/c/cf/Flaring_Skylights.png,https://swordburst2.fandom.com/wiki/Flaring_Skylights,,,,,2026-09-19T00:07:34Z
1281,Icy Wind,Aura,Aura,Aura,Common,,,,,,FALSE,,,,,https://static.wikia.nocookie.net/swordburst2/images/0/03/IcyWind.png,https://swordburst2.fandom.com/wiki/Icy_Wind,2-3,,auras,Witch's Taboo 2 Spiced Mischeif 2-3,2026-09-19T00:07:34Z
1282,Nature's Blessing,Aura,Aura,Aura,Uncommon,,,,,,FALSE,,,,,https://static.wikia.nocookie.net/swordburst2/images/f/fc/NaturesBlessing.png,https://swordburst2.fandom.com/wiki/Nature's_Blessing,2-3,,auras,Witch's Taboo 2 Spiced Mischeif 2-3,2026-09-19T00:07:34Z
1283,Earthen Energy,Aura,Aura,Aura,Uncommon,,,,,,FALSE,,,,,https://static.wikia.nocookie.net/swordburst2/images/2/2e/EarthenEnergy.png,https://swordburst2.fandom.com/wiki/Earthen_Energy,15-20,,auras,Witch's Taboo 2 Spiced Mischeif 2-3,2026-09-19T00:07:34Z
1284,Aether Mist,Aura,Aura,Aura,Rare,,,,,,FALSE,,,,,https://static.wikia.nocookie.net/swordburst2/images/8/8a/AetherMist.png,https://swordburst2.fandom.com/wiki/Aether_Mist,2-3,,auras,Witch's Taboo 2 Spiced Mischeif 2-3,2026-09-19T00:07:34Z
1285,Sanguine Spark,Aura,Aura,Aura,Legendary,,,,,,FALSE,,,,,https://static.wikia.nocookie.net/swordburst2/images/b/b3/SanguineSpark.png,https://swordburst2.fandom.com/wiki/Sanguine_Spark,25,,auras,Witch's Taboo 2 Spiced Mischeif 2-3,2026-09-19T00:07:34Z
1286,Spiral Eclipse,Aura,Aura,Aura,Legendary,,,,,,FALSE,,,,,https://static.wikia.nocookie.net/swordburst2/images/2/26/SpiralEclipse.png,https://swordburst2.fandom.com/wiki/Spiral_Eclipse,17-18,,auras,Witch's Taboo 2 Spiced Mischeif 2-3,2026-09-19T00:07:34Z
1287,Unformed Void,Aura,Aura,Aura,Common,,,,,,FALSE,,,,,https://static.wikia.nocookie.net/swordburst2/images/a/aa/Unformed_Void.png,https://swordburst2.fandom.com/wiki/Unformed_Void,10-15,,auras,Witch's Taboo 2 Spiced Mischeif 2-3,2026-09-19T00:07:34Z
1288,Achromatic Flame,Aura,Aura,Aura,Uncommon,,,,,,FALSE,,,,,https://static.wikia.nocookie.net/swordburst2/images/d/da/Achromatic_Flame.png,https://swordburst2.fandom.com/wiki/Achromatic_Flame,2-3,,auras,Witch's Taboo 2 Spiced Mischeif 2-3,2026-09-19T00:07:34Z
1289,Shadow's Light,Aura,Aura,Aura,Rare,,,,,,FALSE,,,,,https://static.wikia.nocookie.net/swordburst2/images/c/cd/Shadow%27s_Light.png,https://swordburst2.fandom.com/wiki/Shadow's_Light,6-8,,auras,Witch's Taboo 2 Spiced Mischeif 2-3,2026-09-19T00:07:34Z
1290,Cheerful Glitter,Aura,Aura,Aura,Legendary,,,,,,FALSE,,,,,https://static.wikia.nocookie.net/swordburst2/images/8/8d/Cheerful_Glitter.png,https://swordburst2.fandom.com/wiki/Cheerful_Glitter,8,,auras,Witch's Taboo 2 Spiced Mischeif 2-3,2026-09-19T00:07:34Z
1291,Prismatic Concerto,Aura,Aura,Aura,Legendary,,,,,,FALSE,,,,,https://static.wikia.nocookie.net/swordburst2/images/8/8a/Prismatic_Concerto.png,https://swordburst2.fandom.com/wiki/Prismatic_Concerto,20-22,,auras,Witch's Taboo 2 Spiced Mischeif 2-3,2026-09-19T00:07:34Z
1292,Butterspy Protection,Aura,Aura,Aura,Legendary,,,,,,FALSE,,,,,https://static.wikia.nocookie.net/swordburst2/images/4/4a/Butterspy_Protection.png,https://swordburst2.fandom.com/wiki/Butterspy_Protection,25,,auras,Witch's Taboo 2 Spiced Mischeif 2-3,2026-09-19T00:07:34Z
1293,Amethyst Shards,Aura,Aura,Aura,Common,,,,,,FALSE,,,,,https://static.wikia.nocookie.net/swordburst2/images/e/ee/Amethyst_Shards.png,https://swordburst2.fandom.com/wiki/Amethyst_Shards,2,,auras,Witch's Taboo 2 Spiced Mischeif 2-3,2026-09-19T00:07:34Z
1294,Dark Swarm,Aura,Aura,Aura,Uncommon,,,,,,FALSE,,,,,https://static.wikia.nocookie.net/swordburst2/images/8/8b/Dark_Swarm.png,https://swordburst2.fandom.com/wiki/Dark_Swarm,1,,auras,Witch's Taboo 2 Spiced Mischeif 2-3,2026-09-19T00:07:34Z
1295,Shiny,Aura,Aura,Aura,Uncommon,,,,,,FALSE,,,,,https://static.wikia.nocookie.net/swordburst2/images/1/10/Shiny.png,https://swordburst2.fandom.com/wiki/Shiny,4-5,,auras,Witch's Taboo 2 Spiced Mischeif 2-3,2026-09-19T00:07:34Z
1296,Pixie Dust,Aura,Aura,Aura,Rare,,,,,,FALSE,,,,,https://static.wikia.nocookie.net/swordburst2/images/6/65/Pixie_Dust.png,https://swordburst2.fandom.com/wiki/Pixie_Dust,3-4,,auras,Witch's Taboo 2 Spiced Mischeif 2-3,2026-09-19T00:07:34Z
1297,Glamourous Stars,Aura,Aura,Aura,Rare,,,,,,FALSE,,,,,https://static.wikia.nocookie.net/swordburst2/images/a/a1/Glamourous_Stars.png,https://swordburst2.fandom.com/wiki/Glamourous_Stars,6-8,,auras,Witch's Taboo 2 Spiced Mischeif 2-3,2026-09-19T00:07:34Z
1298,Gale Flames,Aura,Aura,Aura,Legendary,,,,,,FALSE,,,,,https://static.wikia.nocookie.net/swordburst2/images/6/6f/Gale_Flames.png,https://swordburst2.fandom.com/wiki/Gale_Flames,25-30,,auras,Witch's Taboo 2 Spiced Mischeif 2-3,2026-09-19T00:07:34Z
1299,Ethereal Love Bloom,Aura,Aura,Aura,Rare,,,,,,FALSE,,,,,https://static.wikia.nocookie.net/swordburst2/images/5/53/Ethereal_Love_Blossom.png,https://swordburst2.fandom.com/wiki/Ethereal_Love_Bloom,15-18,,auras,Idol Star Bundle 500 Arising Star,2026-09-19T00:07:34Z
1300,Tender Desire Aura,Aura,Aura,Aura,Uncommon,,,,,,FALSE,,,,,https://static.wikia.nocookie.net/swordburst2/images/f/f7/Tender_Desire.png,https://swordburst2.fandom.com/wiki/Tender_Desire_Aura,,,,,2026-09-19T00:07:34Z
1301,Infatuation Duality Aura,Aura,Aura,Aura,Uncommon,,,,,,FALSE,,,,,https://static.wikia.nocookie.net/swordburst2/images/9/9a/Infatuation_Duality.png,https://swordburst2.fandom.com/wiki/Infatuation_Duality_Aura,3-5,,auras,Witch's Taboo 2 Spiced Mischeif 2-3,2026-09-19T00:07:34Z
1302,Choco Delight Aura,Aura,Aura,Aura,Rare,,,,,,FALSE,,,,,https://static.wikia.nocookie.net/swordburst2/images/1/1c/Choco_Delight.png,https://swordburst2.fandom.com/wiki/Choco_Delight_Aura,,,,,2026-09-19T00:07:34Z
1303,Heart's Accord Aura,Aura,Aura,Aura,Rare,,,,,,FALSE,,,,,https://static.wikia.nocookie.net/swordburst2/images/7/77/Heart%27s_Accord.png,https://swordburst2.fandom.com/wiki/Heart's_Accord_Aura,,,,,2026-09-19T00:07:34Z
1304,Glittering Essence Aura,Aura,Aura,Aura,Legendary,,,,,,FALSE,,,,,https://static.wikia.nocookie.net/swordburst2/images/4/40/Glittering_Essence.png,https://swordburst2.fandom.com/wiki/Glittering_Essence_Aura,10-15,,auras,Witch's Taboo 2 Spiced Mischeif 2-3,2026-09-19T00:07:34Z
1305,Lustful Shimmer Aura,Aura,Aura,Aura,Legendary,,,,,,FALSE,,,,,https://static.wikia.nocookie.net/swordburst2/images/d/d4/Lustful_Shimmer.png,https://swordburst2.fandom.com/wiki/Lustful_Shimmer_Aura,18-20,,auras,Witch's Taboo 2 Spiced Mischeif 2-3,2026-09-19T00:07:34Z
1306,Ragged Will,Aura,Aura,Aura,Common,,,,,,FALSE,,,,,https://static.wikia.nocookie.net/swordburst2/images/c/c6/RaggedWillIcon.png,https://swordburst2.fandom.com/wiki/Ragged_Will,1-2,,auras,Witch's Taboo 2 Spiced Mischeif 2-3,2026-09-19T00:07:34Z
1307,Starred Abyss,Aura,Aura,Aura,Uncommon,,,,,,FALSE,,,,,https://static.wikia.nocookie.net/swordburst2/images/f/f0/StarredAbyssIcon.png,https://swordburst2.fandom.com/wiki/Starred_Abyss,3-4,,auras,Witch's Taboo 2 Spiced Mischeif 2-3,2026-09-19T00:07:34Z
1308,Frost Fire,Aura,Aura,Aura,Rare,,,,,,FALSE,,,,,https://static.wikia.nocookie.net/swordburst2/images/7/74/FrostFireIcon.png,https://swordburst2.fandom.com/wiki/Frost_Fire,20-25,,auras,Witch's Taboo 2 Spiced Mischeif 2-3,2026-09-19T00:07:34Z
1309,Webbed Permafrost,Aura,Aura,Aura,Rare,,,,,,FALSE,,,,,https://static.wikia.nocookie.net/swordburst2/images/a/a0/WebbedPermafrostIcon.png,https://swordburst2.fandom.com/wiki/Webbed_Permafrost,16-25,,auras,Witch's Taboo 2 Spiced Mischeif 2-3,2026-09-19T00:07:34Z
1310,Stargazer's Wish,Aura,Aura,Aura,Legendary,,,,,,FALSE,,,,,https://static.wikia.nocookie.net/swordburst2/images/0/09/StargazerIcon.png,https://swordburst2.fandom.com/wiki/Stargazer's_Wish,10-15,,auras,Witch's Taboo 2 Spiced Mischeif 2-3,2026-09-19T00:07:34Z
1311,Hallowed Starscape,Aura,Aura,Aura,Legendary,,,,,,FALSE,,,,,https://static.wikia.nocookie.net/swordburst2/images/f/f3/HallowedStarscapeIcon.png,https://swordburst2.fandom.com/wiki/Hallowed_Starscape,20-25,,auras,Witch's Taboo 2 Spiced Mischeif 2-3,2026-09-19T00:07:34Z
1312,Spice Mischief,Aura,Aura,Aura,Common,,,,,,FALSE,,,,,https://static.wikia.nocookie.net/swordburst2/images/7/74/Spice_Mischief_Aura.png,https://swordburst2.fandom.com/wiki/Spice_Mischief,,,,,2026-09-19T00:07:34Z
1313,Wicked Spell,Aura,Aura,Aura,Uncommon,,,,,,FALSE,,,,,https://static.wikia.nocookie.net/swordburst2/images/6/64/Wicked_Spell_Aura.png,https://swordburst2.fandom.com/wiki/Wicked_Spell,,,,,2026-09-19T00:07:34Z
1314,Runic Dispelling,Aura,Aura,Aura,Rare,,,,,,FALSE,,,,,https://static.wikia.nocookie.net/swordburst2/images/e/ee/Runic_Dispelling_Aura.png,https://swordburst2.fandom.com/wiki/Runic_Dispelling,,,,,2026-09-19T00:07:34Z
1315,Death's Melody,Aura,Aura,Aura,Rare,,,,,,FALSE,,,,,https://static.wikia.nocookie.net/swordburst2/images/4/41/Death%27s_Melody_Aura.png,https://swordburst2.fandom.com/wiki/Death's_Melody,,,,,2026-09-19T00:07:34Z
1316,Primordoal Prescience,Aura,Aura,Aura,Legendary,,,,,,FALSE,,,,,https://static.wikia.nocookie.net/swordburst2/images/b/b7/Primordoal_Prescience_Aura.png,https://swordburst2.fandom.com/wiki/Primordoal_Prescience,,,,,2026-09-19T00:07:34Z
1317,Sleek Ensnare,Aura,Aura,Aura,Legendary,,,,,,FALSE,,,,,https://static.wikia.nocookie.net/swordburst2/images/2/29/Sleek_Ensnare_Aura.png,https://swordburst2.fandom.com/wiki/Sleek_Ensnare,,,,,2026-09-19T00:07:34Z
1318,Emerald Emanation,Aura,Aura,Aura,Legendary,,,,,,FALSE,,,,,https://static.wikia.nocookie.net/swordburst2/images/f/fb/Emerald_Emanation.png,https://swordburst2.fandom.com/wiki/Emerald_Emanation,2-3,,auras,General,2026-09-19T00:07:34Z
1319,Euphoric Eclipse,Aura,Aura,Aura,Legendary,,,,,,FALSE,,,,,https://static.wikia.nocookie.net/swordburst2/images/8/8e/Euphoric_Eclipse.png,https://swordburst2.fandom.com/wiki/Euphoric_Eclipse,3-4,,auras,General,2026-09-19T00:07:34Z
1320,Lovelight Haze,Aura,Aura,Aura,Legendary,,,,,,FALSE,,,,,https://static.wikia.nocookie.net/swordburst2/images/1/1d/Lovelight_Haze.png,https://swordburst2.fandom.com/wiki/Lovelight_Haze,3-4,,auras,General,2026-09-19T00:07:34Z
1321,Celestial Mirage,Aura,Aura,Aura,Legendary,,,,,,FALSE,,,,,https://static.wikia.nocookie.net/swordburst2/images/4/4d/Celestial_Mirage.png,https://swordburst2.fandom.com/wiki/Celestial_Mirage,4-5,,auras,General,2026-09-19T00:07:34Z
1322,Duality Symphony,Aura,Aura,Aura,Legendary,,,,,,FALSE,,,,,https://static.wikia.nocookie.net/swordburst2/images/b/b3/Duality_Symphony.png,https://swordburst2.fandom.com/wiki/Duality_Symphony,4-5,,auras,General,2026-09-19T00:07:34Z
1323,Frosted Ephmeral,Aura,Aura,Aura,Legendary,,,,,,FALSE,,,,,https://static.wikia.nocookie.net/swordburst2/images/a/aa/Frosted_Ephmeral.png,https://swordburst2.fandom.com/wiki/Frosted_Ephmeral,30,,auras,General,2026-09-19T00:07:34Z
1324,Divine Light,Aura,Aura,Aura,Common,,,,,,FALSE,,,,,https://static.wikia.nocookie.net/swordburst2/images/e/ed/Divine_Light_Aura.png,https://swordburst2.fandom.com/wiki/Divine_Light,3-4,,auras,General,2026-09-19T00:07:34Z
1325,Arcane Flames,Aura,Aura,Aura,Uncommon,,,,,,FALSE,,,,,https://static.wikia.nocookie.net/swordburst2/images/2/21/Arcane_Flames_Aura.png,https://swordburst2.fandom.com/wiki/Arcane_Flames,4,,auras,General,2026-09-19T00:07:34Z
1326,Antimatter,Aura,Aura,Aura,Rare,,,,,,FALSE,,,,,https://static.wikia.nocookie.net/swordburst2/images/e/ef/Antimatter_Aura.png,https://swordburst2.fandom.com/wiki/Antimatter,6,,auras,General,2026-09-19T00:07:34Z
1327,Glistening Shards,Aura,Aura,Aura,Rare,,,,,,FALSE,,,,,https://static.wikia.nocookie.net/swordburst2/images/c/c6/Glistening_Shards_Aura.png,https://swordburst2.fandom.com/wiki/Glistening_Shards,3-4,,auras,General,2026-09-19T00:07:34Z
1328,Neutron Spark,Aura,Aura,Aura,Rare,,,,,,FALSE,,,,,https://static.wikia.nocookie.net/swordburst2/images/e/e9/Neutron_Spark_Aura.png,https://swordburst2.fandom.com/wiki/Neutron_Spark,3-4,,auras,General,2026-09-19T00:07:34Z
1329,Astral Rose,Aura,Aura,Aura,Legendary,,,,,,FALSE,,,,,https://static.wikia.nocookie.net/swordburst2/images/9/9c/Astral_Rose_Aura.png,https://swordburst2.fandom.com/wiki/Astral_Rose,10-11,,auras,General,2026-09-19T00:07:34Z
1330,Cosmic Observer Body Aura,Aura,Aura,Aura,Legendary,,,,,,FALSE,,,,,https://static.wikia.nocookie.net/swordburst2/images/1/12/Cosmic_Observer_Body_Aura.png,https://swordburst2.fandom.com/wiki/Cosmic_Observer_Body_Aura,,,,,2026-09-19T00:07:34Z
1331,Turbulent Tides Body Aura,Aura,Aura,Aura,Legendary,,,,,,FALSE,,,,,https://static.wikia.nocookie.net/swordburst2/images/6/65/Turbulent_Tides_Body_Aura.png,https://swordburst2.fandom.com/wiki/Turbulent_Tides_Body_Aura,,,,,2026-09-19T00:07:34Z
1332,Tempest Flow Body Aura,Aura,Aura,Aura,Legendary,,,,,,FALSE,,,,,https://static.wikia.nocookie.net/swordburst2/images/6/66/Tempest_Flow_Body_Aura.png,https://swordburst2.fandom.com/wiki/Tempest_Flow_Body_Aura,,,,,2026-09-19T00:07:34Z
1333,Solaris Body Aura,Aura,Aura,Aura,Legendary,,,,,,FALSE,,,,,https://static.wikia.nocookie.net/swordburst2/images/c/c8/Solaris_Body_Aura.png,https://swordburst2.fandom.com/wiki/Solaris_Body_Aura,,,,,2026-09-19T00:07:34Z
1334,Floral Breath Body Aura,Aura,Aura,Aura,Legendary,,,,,,FALSE,,,,,https://static.wikia.nocookie.net/swordburst2/images/5/5d/Floral_Breath_Body_Aura.png,https://swordburst2.fandom.com/wiki/Floral_Breath_Body_Aura,,,,,2026-09-19T00:07:34Z
1335,Lunar Body Aura,Aura,Aura,Aura,Legendary,,,,,,FALSE,,,,,https://static.wikia.nocookie.net/swordburst2/images/0/02/Lunar_Body_Aura.png,https://swordburst2.fandom.com/wiki/Lunar_Body_Aura,,,,,2026-09-19T00:07:34Z
1336,Sand Gust,Aura,Aura,Aura,Common,,,,,,FALSE,,,,,https://static.wikia.nocookie.net/swordburst2/images/9/91/Sand_Gust_Aura.png,https://swordburst2.fandom.com/wiki/Sand_Gust,3-5,,auras,General,2026-09-19T00:07:34Z
1337,Midnight Fireworks,Aura,Aura,Aura,Uncommon,,,,,,FALSE,,,,,https://static.wikia.nocookie.net/swordburst2/images/8/89/Midnight_Fireworks_Aura.png,https://swordburst2.fandom.com/wiki/Midnight_Fireworks,5-9,,auras,General,2026-09-19T00:07:34Z
1338,Solstice Surge,Aura,Aura,Aura,Uncommon,,,,,,FALSE,,,,,https://static.wikia.nocookie.net/swordburst2/images/b/b8/Solstice_Surge.png,https://swordburst2.fandom.com/wiki/Solstice_Surge,,,,,2026-09-19T00:07:34Z
1339,Kaleidoscopic,Aura,Aura,Aura,Uncommon,,,,,,FALSE,,,,,https://static.wikia.nocookie.net/swordburst2/images/d/d7/Kaleidoscopic_Aura.png,https://swordburst2.fandom.com/wiki/Kaleidoscopic,25-35,,auras,General,2026-09-19T00:07:34Z
1340,Bubble Reef,Aura,Aura,Aura,Rare,,,,,,FALSE,,,,,https://static.wikia.nocookie.net/swordburst2/images/3/3c/Bubble_Reef_Aura.png,https://swordburst2.fandom.com/wiki/Bubble_Reef,12-15,,auras,General,2026-09-19T00:07:34Z
1341,Interstellar Ripple,Aura,Aura,Aura,Legendary,,,,,,FALSE,,,,,https://static.wikia.nocookie.net/swordburst2/images/a/a3/Interstellar_Ripple_Aura.png,https://swordburst2.fandom.com/wiki/Interstellar_Ripple,12-15,,auras,General,2026-09-19T00:07:34Z
1342,Grey Raincloud,Aura,Aura,Aura,Common,,,,,,FALSE,,,,,https://static.wikia.nocookie.net/swordburst2/images/f/fd/Grey_Raincloud_Aura.png,https://swordburst2.fandom.com/wiki/Grey_Raincloud,3-4,,auras,General,2026-09-19T00:07:34Z
1343,Ethereal Shine,Aura,Aura,Aura,Uncommon,,,,,,FALSE,,,,,https://static.wikia.nocookie.net/swordburst2/images/0/03/Ethereal_Shine_Aura.png,https://swordburst2.fandom.com/wiki/Ethereal_Shine,5-6,,auras,General,2026-09-19T00:07:34Z
1344,Luminescence,Aura,Aura,Aura,Uncommon,,,,,,FALSE,,,,,https://static.wikia.nocookie.net/swordburst2/images/9/90/Luminescence_Aura.png,https://swordburst2.fandom.com/wiki/Luminescence,,,,,2026-09-19T00:07:34Z
1345,Mirage Flame,Aura,Aura,Aura,Rare,,,,,,FALSE,,,,,https://static.wikia.nocookie.net/swordburst2/images/d/db/Mirage_Flame_Aura.png,https://swordburst2.fandom.com/wiki/Mirage_Flame,8-10,,auras,General,2026-09-19T00:07:34Z
1346,Crystal Nebula,Aura,Aura,Aura,Rare,,,,,,FALSE,,,,,https://static.wikia.nocookie.net/swordburst2/images/d/d6/Crystal_Nebula_Aura.png,https://swordburst2.fandom.com/wiki/Crystal_Nebula,10-14,,auras,General,2026-09-19T00:07:34Z
1347,Sparkler,Aura,Aura,Aura,Legendary,,,,,,FALSE,,,,,https://static.wikia.nocookie.net/swordburst2/images/4/42/Sparkler_Aura.png,https://swordburst2.fandom.com/wiki/Sparkler,20-25,,auras,General,2026-09-19T00:07:34Z
1348,Frostbound,Aura,Aura,Aura,Legendary,,,,,,FALSE,,,,,https://static.wikia.nocookie.net/swordburst2/images/0/06/Frostbound_Body_Aura.png,https://swordburst2.fandom.com/wiki/Frostbound,,,,,2026-09-19T00:07:34Z
1349,Crimson Flame,Aura,Aura,Aura,Rare,,,,,,FALSE,,,,,https://static.wikia.nocookie.net/swordburst2/images/9/90/Crimson_Flame_Body_Aura.png,https://swordburst2.fandom.com/wiki/Crimson_Flame,,,,,2026-09-19T00:07:34Z
1350,Arising Star Aura,Aura,Aura,Aura,Legendary,,,,,,FALSE,,,,Idol Star Bundle,https://static.wikia.nocookie.net/swordburst2/images/4/49/Arising_Star.png,https://swordburst2.fandom.com/wiki/Arising_Star_Aura,,,,,2026-09-19T00:07:34Z
1351,Jack-o's Light,Aura,Aura,Aura,Legendary,,,,,,FALSE,,,,,https://static.wikia.nocookie.net/swordburst2/images/5/55/Jack-o%27s_Light_Aura.png,https://swordburst2.fandom.com/wiki/Jack-o's_Light,2,,auras,Atheon's Realm 2 Nightmaric Abberation 2,2026-09-19T00:07:34Z
1352,Specter Encounter,Aura,Aura,Aura,Legendary,,,,,,FALSE,,,,,https://static.wikia.nocookie.net/swordburst2/images/3/33/Specter_Encounter_Aura.png,https://swordburst2.fandom.com/wiki/Specter_Encounter,2,,auras,Atheon's Realm 2 Nightmaric Abberation 2,2026-09-19T00:07:34Z
1353,Fuscia Malice,Aura,Aura,Aura,Legendary,,,,,,FALSE,,,,,https://static.wikia.nocookie.net/swordburst2/images/2/24/Fuscia_Malice_Aura.png,https://swordburst2.fandom.com/wiki/Fuscia_Malice,2-3,,auras,Atheon's Realm 2 Nightmaric Abberation 2,2026-09-19T00:07:34Z
1354,Azure Voltage,Aura,Aura,Aura,Legendary,,,,,,FALSE,,,,,https://static.wikia.nocookie.net/swordburst2/images/8/85/Azure_Voltage.png,https://swordburst2.fandom.com/wiki/Azure_Voltage,4,,auras,Atheon's Realm 2 Nightmaric Abberation 2,2026-09-19T00:07:34Z
1355,Magic Flare Aura,Aura,Aura,Aura,Uncommon,,,,,,FALSE,,,,Hollow Shopkeeper,https://static.wikia.nocookie.net/swordburst2/images/b/b6/Magic_Flare_Aura.png,https://swordburst2.fandom.com/wiki/Magic_Flare_Aura,,,,,2026-09-19T00:07:34Z
1356,Toxic Ooze,Aura,Aura,Aura,Uncommon,,,,,,FALSE,,,,,https://static.wikia.nocookie.net/swordburst2/images/f/f0/Toxic_Ooze_Aura.png,https://swordburst2.fandom.com/wiki/Toxic_Ooze,1,,auras,Witch's Taboo 2 Spiced Mischeif 2-3,2026-09-19T00:07:34Z
1357,Souls Lament,Aura,Aura,Aura,Rare,,,,,,FALSE,,,,,https://static.wikia.nocookie.net/swordburst2/images/e/ee/Souls_Lament_Aura.png,https://swordburst2.fandom.com/wiki/Souls_Lament,4-5,,auras,Witch's Taboo 2 Spiced Mischeif 2-3,2026-09-19T00:07:34Z
1358,Wraith's Curse,Aura,Aura,Aura,Legendary,,,,,,FALSE,,,,,https://static.wikia.nocookie.net/swordburst2/images/e/eb/Wraith%27s_Curse_Aura.png,https://swordburst2.fandom.com/wiki/Wraith's_Curse,1,,auras,Witch's Taboo 2 Spiced Mischeif 2-3,2026-09-19T00:07:34Z
1359,Scarlet Madness,Aura,Aura,Aura,Legendary,,,,,,FALSE,,,,,https://static.wikia.nocookie.net/swordburst2/images/e/ec/Scarlet_Madness_Aura.png,https://swordburst2.fandom.com/wiki/Scarlet_Madness,1,,auras,Witch's Taboo 2 Spiced Mischeif 2-3,2026-09-19T00:07:34Z
1360,Hell's Star Aura,Aura,Aura,Aura,Legendary,,,,,,FALSE,,,,Quests,https://static.wikia.nocookie.net/swordburst2/images/7/7c/Hell%27s_Star_Aura.png,https://swordburst2.fandom.com/wiki/Hell's_Star_Aura,,,,,2026-09-19T00:07:34Z
1361,Aethierian Nova,Aura,Aura,Aura,Legendary,,,,,,FALSE,,,,,https://static.wikia.nocookie.net/swordburst2/images/b/b9/Aethierian_Nova_Aura.png,https://swordburst2.fandom.com/wiki/Aethierian_Nova,,,,,2026-09-19T00:07:34Z
1362,Starblitz,Aura,Aura,Aura,Common,,,,,,FALSE,,,,,https://static.wikia.nocookie.net/swordburst2/images/c/c3/StarblitzAura.webp,https://swordburst2.fandom.com/wiki/Starblitz,,,,,2026-09-19T00:07:34Z
1363,Final Spectrum,Aura,Aura,Aura,Legendary,,,,,,FALSE,,,,The Final Gift,https://static.wikia.nocookie.net/swordburst2/images/4/4c/Final_Spectrum_Aura.png,https://swordburst2.fandom.com/wiki/Final_Spectrum,,,,,2026-09-19T00:07:34Z
1364,Plasma Aura,Aura,Aura,Aura,Tribute,,,,,,FALSE,,,,BGMMasterYTReal,https://static.wikia.nocookie.net/swordburst2/images/8/89/Plasma_Aura_Icon.png,https://swordburst2.fandom.com/wiki/Plasma_Aura,,,,,2026-09-19T00:07:34Z
1365,Starscape,Aura,Aura,Aura,Tribute,,,,,,FALSE,,,,Vienyx,https://static.wikia.nocookie.net/swordburst2/images/7/79/Starscape.png,https://swordburst2.fandom.com/wiki/Starscape,,,,,2026-09-19T00:07:34Z
1366,Nightmaric Aberration,Aura,Aura,Aura,Legendary,,,,,,FALSE,,,,,https://static.wikia.nocookie.net/swordburst2/images/e/e2/Nightmaric_Aberration_Aura.png,https://swordburst2.fandom.com/wiki/Nightmaric_Aberration,,,,,2026-09-19T00:07:34Z
1367,Vicious Spirit,Aura,Aura,Aura,Legendary,,,,,,FALSE,,,,,https://static.wikia.nocookie.net/swordburst2/images/3/39/Vicious_Spirit_Aura.png,https://swordburst2.fandom.com/wiki/Vicious_Spirit,,,,,2026-09-19T00:07:34Z
1368,Luscious Mist,Aura,Aura,Aura,Common,,,,,,FALSE,,,,,https://static.wikia.nocookie.net/swordburst2/images/7/76/Luscious_Mist_Aura.png,https://swordburst2.fandom.com/wiki/Luscious_Mist,2-3,,auras,General,2026-09-19T00:07:34Z
1369,Petal Storm,Aura,Aura,Aura,Uncommon,,,,,,FALSE,,,,,https://static.wikia.nocookie.net/swordburst2/images/9/9e/Petal_Storm_Aura.png,https://swordburst2.fandom.com/wiki/Petal_Storm,10-12,,auras,General,2026-09-19T00:07:34Z
1370,Cyber Bloom,Aura,Aura,Aura,Uncommon,,,,,,FALSE,,,,,https://static.wikia.nocookie.net/swordburst2/images/4/48/Cyber_Bloom_Aura.png,https://swordburst2.fandom.com/wiki/Cyber_Bloom,20,,auras,General,2026-09-19T00:07:34Z
1371,Sakura Strikes,Aura,Aura,Aura,Rare,,,,,,FALSE,,,,,https://static.wikia.nocookie.net/swordburst2/images/3/37/Sakura_Strikes_Aura.png,https://swordburst2.fandom.com/wiki/Sakura_Strikes,8-10,,auras,General,2026-09-19T00:07:34Z
1372,Incandescent Blossom,Aura,Aura,Aura,Legendary,,,,,,FALSE,,,,,https://static.wikia.nocookie.net/swordburst2/images/c/c5/Incandescent_Blossom_Aura.png,https://swordburst2.fandom.com/wiki/Incandescent_Blossom,45,,auras,General,2026-09-19T00:07:34Z
1373,Mystic Fire,Aura,Aura,Aura,Legendary,,,,,,FALSE,,,,,https://static.wikia.nocookie.net/swordburst2/images/8/86/Mystic_Fire_Aura.png,https://swordburst2.fandom.com/wiki/Mystic_Fire,25,,auras,General,2026-09-19T00:07:34Z
1374,Snowman's Paradise,Aura,Aura,Aura,Common,,,,,,FALSE,,,,,https://static.wikia.nocookie.net/swordburst2/images/d/d3/Snowman%27s_Paradise.png,https://swordburst2.fandom.com/wiki/Snowman's_Paradise,4,,auras,General,2026-09-19T00:07:34Z
1375,Gingerbread Spirit,Aura,Aura,Aura,Uncommon,,,,,,FALSE,,,,,https://static.wikia.nocookie.net/swordburst2/images/1/18/Gingerbread_Spirit.png,https://swordburst2.fandom.com/wiki/Gingerbread_Spirit,10-12,,auras,General,2026-09-19T00:07:34Z
1376,Azathoth's Winter Wrath,Aura,Aura,Aura,Rare,,,,,,FALSE,,,,,https://static.wikia.nocookie.net/swordburst2/images/1/1f/Azathoth%27s_Winter_Wrath.png,https://swordburst2.fandom.com/wiki/Azathoth's_Winter_Wrath,,,,,2026-09-19T00:07:34Z
1377,Blessed Blizzard,Aura,Aura,Aura,Rare,,,,,,FALSE,,,,,https://static.wikia.nocookie.net/swordburst2/images/7/72/Blessed_Blizzard.png,https://swordburst2.fandom.com/wiki/Blessed_Blizzard,40,,auras,General,2026-09-19T00:07:34Z
1378,Lovely Borealis,Aura,Aura,Aura,Legendary,,,,,,FALSE,,,,,https://static.wikia.nocookie.net/swordburst2/images/1/13/Lovely_Borealis.png,https://swordburst2.fandom.com/wiki/Lovely_Borealis,22-25,,auras,General,2026-09-19T00:07:34Z
1379,Yuletide Lights,Aura,Aura,Aura,Legendary,,,,,,FALSE,,,,,https://static.wikia.nocookie.net/swordburst2/images/6/65/Yuletide_Lights.png,https://swordburst2.fandom.com/wiki/Yuletide_Lights,18-20,,auras,General,2026-09-19T00:07:34Z
1380,Lover's Envy,Aura,Aura,Aura,Rare,,,,,,FALSE,,,,,https://static.wikia.nocookie.net/swordburst2/images/e/eb/Lover%27s_Envy.png,https://swordburst2.fandom.com/wiki/Lover's_Envy,12,,auras,General,2026-09-19T00:07:34Z
1381,Love Rush,Aura,Aura,Aura,Rare,,,,,,FALSE,,,,,https://static.wikia.nocookie.net/swordburst2/images/7/75/Love_Rush.png,https://swordburst2.fandom.com/wiki/Love_Rush,30,,auras,Purchasable in Burst Store 1-2 Orange Burst 1-2,2026-09-19T00:07:34Z
1382,Virtual Love,Aura,Aura,Aura,Rare,,,,,,FALSE,,,,,https://static.wikia.nocookie.net/swordburst2/images/5/51/Virtual_Love.png,https://swordburst2.fandom.com/wiki/Virtual_Love,20,,auras,Purchasable in Burst Store 1-2 Orange Burst 1-2,2026-09-19T00:07:34Z
1383,Fierce Love,Aura,Aura,Aura,Rare,,,,,,FALSE,,,,,https://static.wikia.nocookie.net/swordburst2/images/e/e0/Fierce_Love..png,https://swordburst2.fandom.com/wiki/Fierce_Love,15,,auras,General,2026-09-19T00:07:34Z
1384,Slumbering Affection,Aura,Aura,Aura,Legendary,,,,,,FALSE,,,,,https://static.wikia.nocookie.net/swordburst2/images/4/4a/Slumbering_Affection..png,https://swordburst2.fandom.com/wiki/Slumbering_Affection,15,,auras,General,2026-09-19T00:07:34Z
1385,Glistening Hearts,Aura,Aura,Aura,Legendary,,,,,,FALSE,,,,,https://static.wikia.nocookie.net/swordburst2/images/0/05/Glistening_Hearts.png,https://swordburst2.fandom.com/wiki/Glistening_Hearts,30,,auras,General,2026-09-19T00:07:34Z
1386,Sweet Candy Canes,Aura,Aura,Aura,Common,,,,,,FALSE,,,,,https://static.wikia.nocookie.net/swordburst2/images/7/76/Sweet_Candy_Canes.png,https://swordburst2.fandom.com/wiki/Sweet_Candy_Canes,3-4,,auras,General,2026-09-19T00:07:34Z
1387,Gleaming Stars,Aura,Aura,Aura,Uncommon,,,,,,FALSE,,,,,https://static.wikia.nocookie.net/swordburst2/images/0/04/Gleaming_Stars.png,https://swordburst2.fandom.com/wiki/Gleaming_Stars,25,,auras,General,2026-09-19T00:07:34Z
1388,Silver Glint,Aura,Aura,Aura,Uncommon,,,,,,FALSE,,,,,https://static.wikia.nocookie.net/swordburst2/images/8/80/Silver_Glint.png,https://swordburst2.fandom.com/wiki/Silver_Glint,8-10,,auras,General,2026-09-19T00:07:34Z
1389,Frostbitten Affection,Aura,Aura,Aura,Rare,,,,,,FALSE,,,,,https://static.wikia.nocookie.net/swordburst2/images/f/fc/Frostbitten_Affection.png,https://swordburst2.fandom.com/wiki/Frostbitten_Affection,18,,auras,General,2026-09-19T00:07:34Z
1390,Festive Light,Aura,Aura,Aura,Legendary,,,,,,FALSE,,,,,https://static.wikia.nocookie.net/swordburst2/images/7/74/Festive_Light.png,https://swordburst2.fandom.com/wiki/Festive_Light,10-12,,auras,General,2026-09-19T00:07:34Z
1391,Horai Spirit,Aura,Aura,Aura,Legendary,,,,,,FALSE,,,,,https://static.wikia.nocookie.net/swordburst2/images/4/46/Horai_Spirit.png,https://swordburst2.fandom.com/wiki/Horai_Spirit,3-4,,auras,General,2026-09-19T00:07:34Z
1392,Blood Magic,Aura,Aura,Aura,Legendary,,,,,,FALSE,,,,,https://static.wikia.nocookie.net/swordburst2/images/e/e2/Blood_Magic..png,https://swordburst2.fandom.com/wiki/Blood_Magic,35,,auras,General,2026-09-19T00:07:34Z
1393,Almighty,Aura,Aura,Aura,Common,,,,,,FALSE,,,,,https://static.wikia.nocookie.net/swordburst2/images/8/8b/Almighty_Aura..png,https://swordburst2.fandom.com/wiki/Almighty,12,,auras,General,2026-09-19T00:07:34Z
1394,Hallow's Revenge,Aura,Aura,Aura,Rare,,,,,,FALSE,,,,,https://static.wikia.nocookie.net/swordburst2/images/0/05/Hallow%27s_Revenge..png,https://swordburst2.fandom.com/wiki/Hallow's_Revenge,10-12,,auras,General,2026-09-19T00:07:34Z
1395,Fiend's Plasma,Aura,Aura,Aura,Legendary,,,,,,FALSE,,,,,https://static.wikia.nocookie.net/swordburst2/images/7/76/Fiend%27s_Plasma..png,https://swordburst2.fandom.com/wiki/Fiend's_Plasma,25,,auras,General,2026-09-19T00:07:34Z
1396,Hallowed Fire,Aura,Aura,Aura,Uncommon,,,,,,FALSE,,,,,https://static.wikia.nocookie.net/swordburst2/images/5/5d/Hallowed_Fire.png,https://swordburst2.fandom.com/wiki/Hallowed_Fire,6-7,,auras,General,2026-09-19T00:07:34Z
1397,Ghastly Glitch,Aura,Aura,Aura,Rare,,,,,,FALSE,,,,,https://static.wikia.nocookie.net/swordburst2/images/8/8e/Ghastly_Glitch..png,https://swordburst2.fandom.com/wiki/Ghastly_Glitch,10-11,,auras,General,2026-09-19T00:07:34Z
1398,Cursed Repulsion,Aura,Aura,Aura,Legendary,,,,,,FALSE,,,,,https://static.wikia.nocookie.net/swordburst2/images/2/2b/Cursed_Repulsion..png,https://swordburst2.fandom.com/wiki/Cursed_Repulsion,15,,auras,General,2026-09-19T00:07:34Z
1399,Halloween's Spirit,Aura,Aura,Aura,Legendary,,,,,,FALSE,,,,,https://static.wikia.nocookie.net/swordburst2/images/f/f0/Halloween%27s_Spirit..png,https://swordburst2.fandom.com/wiki/Halloween's_Spirit,40-45,,auras,General,2026-09-19T00:07:34Z
1400,Enchanted Candy,Aura,Aura,Aura,Uncommon,,,,,,FALSE,,,,,https://static.wikia.nocookie.net/swordburst2/images/8/86/Enchanted_Candy..png,https://swordburst2.fandom.com/wiki/Enchanted_Candy,3-4,,auras,General,2026-09-19T00:07:34Z
1401,Voided Distinction,Aura,Aura,Aura,Rare,,,,,,FALSE,,,,,https://static.wikia.nocookie.net/swordburst2/images/8/88/Voided_Distinction.png,https://swordburst2.fandom.com/wiki/Voided_Distinction,40,,auras,General,2026-09-19T00:07:34Z
1402,Flaming Prominence,Aura,Aura,Aura,Rare,,,,,,FALSE,,,,,https://static.wikia.nocookie.net/swordburst2/images/b/ba/Flaming_Prominence..png,https://swordburst2.fandom.com/wiki/Flaming_Prominence,14-15,,auras,General,2026-09-19T00:07:34Z
1403,Cauldron's Mystique,Aura,Aura,Aura,Rare,,,,,,FALSE,,,,,https://static.wikia.nocookie.net/swordburst2/images/b/b4/Cauldron%27s_Mystique..png,https://swordburst2.fandom.com/wiki/Cauldron's_Mystique,4-5,,auras,General,2026-09-19T00:07:34Z
1404,Immortality,Aura,Aura,Aura,Legendary,,,,,,FALSE,,,,,https://static.wikia.nocookie.net/swordburst2/images/8/84/Immortality.png,https://swordburst2.fandom.com/wiki/Immortality,3,,auras,General,2026-09-19T00:07:34Z
1405,Tempest Wrath,Aura,Aura,Aura,Legendary,,,,,,FALSE,,,,,https://static.wikia.nocookie.net/swordburst2/images/e/ec/Tempest_Wrath.png,https://swordburst2.fandom.com/wiki/Tempest_Wrath,8-9,,auras,General,2026-09-19T00:07:34Z
1406,Eternal Void,Aura,Aura,Aura,Legendary,,,,,,FALSE,,,,,https://static.wikia.nocookie.net/swordburst2/images/e/e2/Eternal_Void.png,https://swordburst2.fandom.com/wiki/Eternal_Void,6,,auras,General,2026-09-19T00:07:34Z
1407,Cosmorium,Aura,Aura,Aura,Legendary,,,,,,FALSE,,,,,https://static.wikia.nocookie.net/swordburst2/images/f/f6/Cosmorium.png,https://swordburst2.fandom.com/wiki/Cosmorium,7-8,,auras,General,2026-09-19T00:07:34Z
1408,Arcane Rose,Aura,Aura,Aura,Legendary,,,,,,FALSE,,,,,https://static.wikia.nocookie.net/swordburst2/images/b/b5/Arcane_Rose.png,https://swordburst2.fandom.com/wiki/Arcane_Rose,5,,auras,General,2026-09-19T00:07:34Z
1409,Vengeful Darkness,Aura,Aura,Aura,Legendary,,,,,,FALSE,,,,,https://static.wikia.nocookie.net/swordburst2/images/2/2e/Vengeful_Darkness.png,https://swordburst2.fandom.com/wiki/Vengeful_Darkness,12-14,,auras,General,2026-09-19T00:07:34Z
1410,Gusting Wind,Aura,Aura,Aura,Common,,,,,,FALSE,,,,,https://static.wikia.nocookie.net/swordburst2/images/3/3a/Gusting_WInd.png,https://swordburst2.fandom.com/wiki/Gusting_Wind,,,,,2026-09-19T00:07:34Z
1411,Chromatic Dust,Aura,Aura,Aura,Rare,,,,,,FALSE,,,,,https://static.wikia.nocookie.net/swordburst2/images/3/35/Chromatic_Dust.png,https://swordburst2.fandom.com/wiki/Chromatic_Dust,,,,,2026-09-19T00:07:34Z
1412,Reality Shatter,Aura,Aura,Aura,Rare,,,,,,FALSE,,,,,https://static.wikia.nocookie.net/swordburst2/images/f/f1/Reality_Shatter.png,https://swordburst2.fandom.com/wiki/Reality_Shatter,,,,,2026-09-19T00:07:34Z
1413,Singularity Point,Aura,Aura,Aura,Rare,,,,,,FALSE,,,,,https://static.wikia.nocookie.net/swordburst2/images/0/0d/Singularity_Point.png,https://swordburst2.fandom.com/wiki/Singularity_Point,,,,,2026-09-19T00:07:34Z
1414,Equality,Aura,Aura,Aura,Rare,,,,,,FALSE,,,,,https://static.wikia.nocookie.net/swordburst2/images/8/8d/Equality.png,https://swordburst2.fandom.com/wiki/Equality,,,,,2026-09-19T00:07:34Z
1415,Violet Nebula,Aura,Aura,Aura,Legendary,,,,,,FALSE,,,,,https://static.wikia.nocookie.net/swordburst2/images/6/60/Violet_Nebula.png,https://swordburst2.fandom.com/wiki/Violet_Nebula,,,,,2026-09-19T00:07:34Z
1416,Toxic Body Aura,Aura,Aura,Aura,Uncommon,,,,,,FALSE,,,,,https://static.wikia.nocookie.net/swordburst2/images/1/19/Toxic_Body_Aura.png,https://swordburst2.fandom.com/wiki/Toxic_Body_Aura,,,,,2026-09-19T00:07:34Z
1417,Ashened Crescent,Aura,Aura,Aura,Uncommon,,,,,,FALSE,,,,,https://static.wikia.nocookie.net/swordburst2/images/d/dc/Ash_Crescents.png,https://swordburst2.fandom.com/wiki/Ashened_Crescent,,,,,2026-09-19T00:07:34Z
1418,Kite Conflict,Aura,Aura,Aura,Uncommon,,,,,,FALSE,,,,,https://static.wikia.nocookie.net/swordburst2/images/8/83/Kite_Conflict.png,https://swordburst2.fandom.com/wiki/Kite_Conflict,,,,,2026-09-19T00:07:34Z
1419,Solar Halo,Aura,Aura,Aura,Rare,,,,,,FALSE,,,,,https://static.wikia.nocookie.net/swordburst2/images/e/ee/Solar_Halo.png,https://swordburst2.fandom.com/wiki/Solar_Halo,,,,,2026-09-19T00:07:34Z
1420,Digitize,Aura,Aura,Aura,Rare,,,,,,FALSE,,,,,https://static.wikia.nocookie.net/swordburst2/images/f/f3/Digitize.png,https://swordburst2.fandom.com/wiki/Digitize,,,,,2026-09-19T00:07:34Z
1421,Wishscape,Aura,Aura,Aura,Rare,,,,,,FALSE,,,,,https://static.wikia.nocookie.net/swordburst2/images/8/8d/Wishscape.png,https://swordburst2.fandom.com/wiki/Wishscape,,,,,2026-09-19T00:07:34Z
1422,Void Codec,Aura,Aura,Aura,Legendary,,,,,,FALSE,,,,,https://static.wikia.nocookie.net/swordburst2/images/b/b1/Void_Codec.png,https://swordburst2.fandom.com/wiki/Void_Codec,,,,,2026-09-19T00:07:34Z
1423,Shore Shells,Aura,Aura,Aura,Common,,,,,,FALSE,,,,,https://static.wikia.nocookie.net/swordburst2/images/a/a0/Summer_Y2_Aura_1.png,https://swordburst2.fandom.com/wiki/Shore_Shells,4-5,,auras,General,2026-09-19T00:07:34Z
1424,Dawning Sunlight,Aura,Aura,Aura,Uncommon,,,,,,FALSE,,,,,https://static.wikia.nocookie.net/swordburst2/images/2/28/Summer_Y2_Aura_2.png,https://swordburst2.fandom.com/wiki/Dawning_Sunlight,8-9,,auras,General,2026-09-19T00:07:34Z
1425,Flowing Tides,Aura,Aura,Aura,Uncommon,,,,,,FALSE,,,,,https://static.wikia.nocookie.net/swordburst2/images/9/9f/Summer_Y2_Aura_3.png,https://swordburst2.fandom.com/wiki/Flowing_Tides,3-5,,auras,General,2026-09-19T00:07:34Z
1426,Starry Blast,Aura,Aura,Aura,Rare,,,,,,FALSE,,,,,https://static.wikia.nocookie.net/swordburst2/images/e/e2/Summer_Y2_Aura_4.png,https://swordburst2.fandom.com/wiki/Starry_Blast,30-40,,auras,General,2026-09-19T00:07:34Z
1427,Sunflare Eclipse,Aura,Aura,Aura,Rare,,,,,,FALSE,,,,,https://static.wikia.nocookie.net/swordburst2/images/3/3c/Summer_Y2_Aura_5.png,https://swordburst2.fandom.com/wiki/Sunflare_Eclipse,8-10,,auras,General,2026-09-19T00:07:34Z
1428,Sunshine,Aura,Aura,Aura,Legendary,,,,,,FALSE,,,,,https://static.wikia.nocookie.net/swordburst2/images/d/d3/Summer_Y2_Aura_6.png,https://swordburst2.fandom.com/wiki/Sunshine,10-12,,auras,General,2026-09-19T00:07:34Z
1429,Enchanted Snowstorm,Aura,Aura,Aura,Uncommon,,,,,,FALSE,,,,,https://static.wikia.nocookie.net/swordburst2/images/0/08/Lost_Arts_Body_Aura_3.png,https://swordburst2.fandom.com/wiki/Enchanted_Snowstorm,20,,auras,Idol Star Bundle 500 Arising Star,2026-09-19T00:07:34Z
1430,Clover,Aura,Aura,Aura,Common,,,,,,FALSE,,,,,https://static.wikia.nocookie.net/swordburst2/images/4/4d/Spring_Season_Aura_1.png,https://swordburst2.fandom.com/wiki/Clover,20-22,,auras,General,2026-09-19T00:07:34Z
1431,Swirl,Aura,Aura,Aura,Uncommon,,,,,,FALSE,,,,,https://static.wikia.nocookie.net/swordburst2/images/7/78/Spring_Season_Aura_2.png,https://swordburst2.fandom.com/wiki/Swirl,18-20,,auras,General,2026-09-19T00:07:34Z
1432,Bunny Spirit,Aura,Aura,Aura,Uncommon,,,,,,FALSE,,,,,https://static.wikia.nocookie.net/swordburst2/images/c/cc/Spring_Season_Aura_3.png,https://swordburst2.fandom.com/wiki/Bunny_Spirit,30,,auras,General,2026-09-19T00:07:34Z
1433,Egg Shine,Aura,Aura,Aura,Rare,,,,,,FALSE,,,,,https://static.wikia.nocookie.net/swordburst2/images/b/b2/Spring_Season_Aura_4.png,https://swordburst2.fandom.com/wiki/Egg_Shine,30-40,,auras,General,2026-09-19T00:07:34Z
1434,Hallowed Easter,Aura,Aura,Aura,Rare,,,,,,FALSE,,,,,https://static.wikia.nocookie.net/swordburst2/images/9/94/Spring_Season_Aura_5.png,https://swordburst2.fandom.com/wiki/Hallowed_Easter,15,,auras,General,2026-09-19T00:07:34Z
1435,Pastel Halo,Aura,Aura,Aura,Rare,,,,,,FALSE,,,,,https://static.wikia.nocookie.net/swordburst2/images/9/9c/Spring_Season_Aura_6.png,https://swordburst2.fandom.com/wiki/Pastel_Halo,30,,auras,General,2026-09-19T00:07:34Z
1436,Pure Dream,Aura,Aura,Aura,Uncommon,,,,,,FALSE,,,,,https://static.wikia.nocookie.net/swordburst2/images/4/47/Pure_Dream.png,https://swordburst2.fandom.com/wiki/Pure_Dream,6-8,,auras,General,2026-09-19T00:07:34Z
1437,Sweet Fantasy,Aura,Aura,Aura,Uncommon,,,,,,FALSE,,,,,https://static.wikia.nocookie.net/swordburst2/images/5/51/Sweet_Fantasy.png,https://swordburst2.fandom.com/wiki/Sweet_Fantasy,35-40,,auras,General,2026-09-19T00:07:34Z
1438,Scarlet Memory,Aura,Aura,Aura,Rare,,,,,,FALSE,,,,,https://static.wikia.nocookie.net/swordburst2/images/e/e6/Scarlet_Memory.png,https://swordburst2.fandom.com/wiki/Scarlet_Memory,18-20,,auras,General,2026-09-19T00:07:34Z
1439,Umbral Nightmare,Aura,Aura,Aura,Rare,,,,,,FALSE,,,,,https://static.wikia.nocookie.net/swordburst2/images/2/20/Umbral_Nightmare.png,https://swordburst2.fandom.com/wiki/Umbral_Nightmare,8,,auras,General,2026-09-19T00:07:34Z
1440,Treacherous Dream,Aura,Aura,Aura,Rare,,,,,,FALSE,,,,,https://static.wikia.nocookie.net/swordburst2/images/c/c4/Treacherous_Dream.png,https://swordburst2.fandom.com/wiki/Treacherous_Dream,25-27,,auras,General,2026-09-19T00:07:34Z
1441,Heart's Content,Aura,Aura,Aura,Uncommon,,,,,,FALSE,,,,,https://static.wikia.nocookie.net/swordburst2/images/9/99/Heart%27s_Content.png,https://swordburst2.fandom.com/wiki/Heart's_Content,25,,auras,General,2026-09-19T00:07:34Z
1442,Valentine Essence,Aura,Aura,Aura,Uncommon,,,,,,FALSE,,,,,https://static.wikia.nocookie.net/swordburst2/images/6/65/Valentine_Essence.png,https://swordburst2.fandom.com/wiki/Valentine_Essence,15-16,,auras,General,2026-09-19T00:07:34Z
1443,Ruby Delight,Aura,Aura,Aura,Uncommon,,,,,,FALSE,,,,,https://static.wikia.nocookie.net/swordburst2/images/1/19/Ruby_Delight.png,https://swordburst2.fandom.com/wiki/Ruby_Delight,10,,auras,General,2026-09-19T00:07:34Z
1444,Sweetheart,Aura,Aura,Aura,Rare,,,,,,FALSE,,,,,https://static.wikia.nocookie.net/swordburst2/images/c/c2/Sweetheart.png,https://swordburst2.fandom.com/wiki/Sweetheart,,,,,2026-09-19T00:07:34Z
1445,Wickedheart,Aura,Aura,Aura,Rare,,,,,,FALSE,,,,,https://static.wikia.nocookie.net/swordburst2/images/5/56/Wickedheart.png,https://swordburst2.fandom.com/wiki/Wickedheart,25-30,,auras,General,2026-09-19T00:07:34Z
1446,Love Struck,Aura,Aura,Aura,Legendary,,,,,,FALSE,,,,,https://static.wikia.nocookie.net/swordburst2/images/3/3e/Love_Struck.png,https://swordburst2.fandom.com/wiki/Love_Struck,35,,auras,General,2026-09-19T00:07:34Z
1447,Flake Flurry,Aura,Aura,Aura,Common,,,,,,FALSE,,,,,https://static.wikia.nocookie.net/swordburst2/images/d/d1/Flake_Flurry.png,https://swordburst2.fandom.com/wiki/Flake_Flurry,20-22,,auras,General,2026-09-19T00:07:34Z
1448,Flash Freeze,Aura,Aura,Aura,Uncommon,,,,,,FALSE,,,,,https://static.wikia.nocookie.net/swordburst2/images/7/7a/Flash_Freeze.png,https://swordburst2.fandom.com/wiki/Flash_Freeze,6-8,,auras,General,2026-09-19T00:07:34Z
1449,Golden Glint,Aura,Aura,Aura,Uncommon,,,,,,FALSE,,,,,https://static.wikia.nocookie.net/swordburst2/images/4/40/Golden_Glint.png,https://swordburst2.fandom.com/wiki/Golden_Glint,35-40,,auras,General,2026-09-19T00:07:34Z
1450,Party Explosion,Aura,Aura,Aura,Rare,,,,,,FALSE,,,,,https://static.wikia.nocookie.net/swordburst2/images/9/95/Party_Explosion.png,https://swordburst2.fandom.com/wiki/Party_Explosion,40,,auras,General,2026-09-19T00:07:34Z
1451,Candied Aurora,Aura,Aura,Aura,Rare,,,,,,FALSE,,,,,https://static.wikia.nocookie.net/swordburst2/images/2/2a/Candied_Aurora.png,https://swordburst2.fandom.com/wiki/Candied_Aurora,6-7,,auras,General,2026-09-19T00:07:34Z
1452,Peppermint Swirl,Aura,Aura,Aura,Legendary,,,,,,FALSE,,,,,https://static.wikia.nocookie.net/swordburst2/images/9/9f/Peppermint_Swirl.png,https://swordburst2.fandom.com/wiki/Peppermint_Swirl,40-45,,auras,General,2026-09-19T00:07:34Z
1453,Feline Glare,Aura,Aura,Aura,Common,,,,,,FALSE,,,,,https://static.wikia.nocookie.net/swordburst2/images/2/26/Feline_Glare.png,https://swordburst2.fandom.com/wiki/Feline_Glare,10,,auras,General,2026-09-19T00:07:34Z
1454,Ghostly Apparition,Aura,Aura,Aura,Uncommon,,,,,,FALSE,,,,,https://static.wikia.nocookie.net/swordburst2/images/5/58/Ghostly_Apparition.png,https://swordburst2.fandom.com/wiki/Ghostly_Apparition,25,,auras,General,2026-09-19T00:07:34Z
1455,Malevolent Webs,Aura,Aura,Aura,Uncommon,,,,,,FALSE,,,,,https://static.wikia.nocookie.net/swordburst2/images/2/2e/Malevolent_Webs.png,https://swordburst2.fandom.com/wiki/Malevolent_Webs,11-13,,auras,General,2026-09-19T00:07:34Z
1456,Crescent Sky,Aura,Aura,Aura,Rare,,,,,,FALSE,,,,,https://static.wikia.nocookie.net/swordburst2/images/0/07/Crescent_Sky.png,https://swordburst2.fandom.com/wiki/Crescent_Sky,8,,auras,General,2026-09-19T00:07:34Z
1457,Phantasmagoric Bats,Aura,Aura,Aura,Rare,,,,,,FALSE,,,,,https://static.wikia.nocookie.net/swordburst2/images/f/f1/Phantasmagoric_Bats.png,https://swordburst2.fandom.com/wiki/Phantasmagoric_Bats,45-50,,auras,General,2026-09-19T00:07:34Z
1458,Demonic,Aura,Aura,Aura,Legendary,,,,,,FALSE,,,,,https://static.wikia.nocookie.net/swordburst2/images/d/d5/Demonic.png,https://swordburst2.fandom.com/wiki/Demonic,25,,auras,General,2026-09-19T00:07:34Z
1459,Shimmering Light,Aura,Aura,Aura,Common,,,,,,FALSE,,,,,https://static.wikia.nocookie.net/swordburst2/images/5/5c/Dim_Lights.png,https://swordburst2.fandom.com/wiki/Shimmering_Light,,,,,2026-09-19T00:07:34Z
1460,Sunflare,Aura,Aura,Aura,Uncommon,,,,,,FALSE,,,,,https://static.wikia.nocookie.net/swordburst2/images/f/f9/Sunflare.png,https://swordburst2.fandom.com/wiki/Sunflare,,,,,2026-09-19T00:07:34Z
1461,Azure Sky,Aura,Aura,Aura,Uncommon,,,,,,FALSE,,,,,https://static.wikia.nocookie.net/swordburst2/images/4/4d/Azure_Sky.png,https://swordburst2.fandom.com/wiki/Azure_Sky,,,,,2026-09-19T00:07:34Z
1462,Aetheral Cage,Aura,Aura,Aura,Rare,,,,,,FALSE,,,,,https://static.wikia.nocookie.net/swordburst2/images/d/dc/Aetheral_Cage.png,https://swordburst2.fandom.com/wiki/Aetheral_Cage,,,,,2026-09-19T00:07:34Z
1463,Flow,Aura,Aura,Aura,Rare,,,,,,FALSE,,,,,https://static.wikia.nocookie.net/swordburst2/images/e/e6/Flow.png,https://swordburst2.fandom.com/wiki/Flow,,,,,2026-09-19T00:07:34Z
1464,Cosmical,Aura,Aura,Aura,Legendary,,,,,,FALSE,,,,,https://static.wikia.nocookie.net/swordburst2/images/a/a2/Cosmical.png,https://swordburst2.fandom.com/wiki/Cosmical,,,,,2026-09-19T00:07:34Z
1465,Fireflies,Aura,Aura,Aura,Common,,,,,,FALSE,,,,,https://static.wikia.nocookie.net/swordburst2/images/1/13/Fireflies.png,https://swordburst2.fandom.com/wiki/Fireflies,,,,,2026-09-19T00:07:34Z
1466,Abyssal Flame,Aura,Aura,Aura,Uncommon,,,,,,FALSE,,,,,https://static.wikia.nocookie.net/swordburst2/images/5/57/Abyssal_Flame.png,https://swordburst2.fandom.com/wiki/Abyssal_Flame,30-40,,auras,General,2026-09-19T00:07:34Z
1467,Solar,Aura,Aura,Aura,Uncommon,,,,,,FALSE,,,,,https://static.wikia.nocookie.net/swordburst2/images/2/25/Solar.png,https://swordburst2.fandom.com/wiki/Solar,10-14,,auras,General,2026-09-19T00:07:34Z
1468,Campfire,Aura,Aura,Aura,Rare,,,,,,FALSE,,,,,https://static.wikia.nocookie.net/swordburst2/images/0/01/Campfire.png,https://swordburst2.fandom.com/wiki/Campfire,20,,auras,General,2026-09-19T00:07:34Z
1469,Fireworks,Aura,Aura,Aura,Rare,,,,,,FALSE,,,,,https://static.wikia.nocookie.net/swordburst2/images/6/62/Fireworks.png,https://swordburst2.fandom.com/wiki/Fireworks,7,,auras,General,2026-09-19T00:07:34Z
1470,Thunderstorm,Aura,Aura,Aura,Legendary,,,,,,FALSE,,,,,https://static.wikia.nocookie.net/swordburst2/images/7/7a/Thunderstorm.png,https://swordburst2.fandom.com/wiki/Thunderstorm,20-23,,auras,General,2026-09-19T00:07:34Z
1471,Wandering Love,Aura,Aura,Aura,Common,,,,,,FALSE,,,,,https://static.wikia.nocookie.net/swordburst2/images/7/74/Wandering_Love.png,https://swordburst2.fandom.com/wiki/Wandering_Love,,,,,2026-09-19T00:07:34Z
1472,Chocolate,Aura,Aura,Aura,Common,,,,,,FALSE,,,,,https://static.wikia.nocookie.net/swordburst2/images/d/df/Chocolate.png,https://swordburst2.fandom.com/wiki/Chocolate,,,,,2026-09-19T00:07:34Z
1473,Spiral Love,Aura,Aura,Aura,Uncommon,,,,,,FALSE,,,,,https://static.wikia.nocookie.net/swordburst2/images/7/77/Spiral_Love.png,https://swordburst2.fandom.com/wiki/Spiral_Love,,,,,2026-09-19T00:07:34Z
1474,Rose,Aura,Aura,Aura,Rare,,,,,,FALSE,,,,,https://static.wikia.nocookie.net/swordburst2/images/4/4f/Rose.png,https://swordburst2.fandom.com/wiki/Rose,,,,,2026-09-19T00:07:34Z
1475,Heartwarmth,Aura,Aura,Aura,Rare,,,,,,FALSE,,,,,https://static.wikia.nocookie.net/swordburst2/images/6/60/Heartwarmth.png,https://swordburst2.fandom.com/wiki/Heartwarmth,,,,,2026-09-19T00:07:34Z
1476,Soul,Aura,Aura,Aura,Legendary,,,,,,FALSE,,,,,https://static.wikia.nocookie.net/swordburst2/images/d/d5/Soul.png,https://swordburst2.fandom.com/wiki/Soul,,,,,2026-09-19T00:07:34Z
1477,Chroma Bubble,Aura,Aura,Aura,Uncommon,,,,,,FALSE,,,,,https://static.wikia.nocookie.net/swordburst2/images/d/d9/Chroma_Bubble.png,https://swordburst2.fandom.com/wiki/Chroma_Bubble,,,,,2026-09-19T00:07:34Z
1478,Alluring Starlight,Aura,Aura,Aura,Rare,,,,,,FALSE,,,,,https://static.wikia.nocookie.net/swordburst2/images/9/9f/Alluring_Starlight.png,https://swordburst2.fandom.com/wiki/Alluring_Starlight,,,,,2026-09-19T00:07:34Z
1479,Spectral Dust,Aura,Aura,Aura,Rare,,,,,,FALSE,,,,,https://static.wikia.nocookie.net/swordburst2/images/d/d5/Spectral_Dust.png,https://swordburst2.fandom.com/wiki/Spectral_Dust,,,,,2026-09-19T00:07:34Z
1480,Skyval,Aura,Aura,Aura,Rare,,,,,,FALSE,,,,,https://static.wikia.nocookie.net/swordburst2/images/f/f4/Skyval.png,https://swordburst2.fandom.com/wiki/Skyval,,,,,2026-09-19T00:07:34Z
1481,Gala Nova,Aura,Aura,Aura,Legendary,,,,,,FALSE,,,,,https://static.wikia.nocookie.net/swordburst2/images/2/2f/Gala_Nova.png,https://swordburst2.fandom.com/wiki/Gala_Nova,,,,,2026-09-19T00:07:34Z
1482,Hazy Anaglyph,Aura,Aura,Aura,Legendary,,,,,,FALSE,,,,,https://static.wikia.nocookie.net/swordburst2/images/e/ed/Hazy_Anaglyph.png,https://swordburst2.fandom.com/wiki/Hazy_Anaglyph,,,,,2026-09-19T00:07:34Z
1483,Accursed Shadow,Aura,Aura,Aura,Common,,,,,,FALSE,,,,,https://static.wikia.nocookie.net/swordburst2/images/7/76/Accursed_Shadow.png,https://swordburst2.fandom.com/wiki/Accursed_Shadow,,,,,2026-09-19T00:07:34Z
1484,Sanguine Stargaze,Aura,Aura,Aura,Uncommon,,,,,,FALSE,,,,,https://static.wikia.nocookie.net/swordburst2/images/c/cd/Sanguine_Stargaze.png,https://swordburst2.fandom.com/wiki/Sanguine_Stargaze,,,,,2026-09-19T00:07:34Z
1485,Midnight Eclipse,Aura,Aura,Aura,Rare,,,,,,FALSE,,,,,https://static.wikia.nocookie.net/swordburst2/images/6/69/Midnight_Eclipse.png,https://swordburst2.fandom.com/wiki/Midnight_Eclipse,,,,,2026-09-19T00:07:34Z
1486,Hollowed Ember,Aura,Aura,Aura,Rare,,,,,,FALSE,,,,,https://static.wikia.nocookie.net/swordburst2/images/4/42/Hollowed_Ember.png,https://swordburst2.fandom.com/wiki/Hollowed_Ember,,,,,2026-09-19T00:07:34Z
1487,Starry Blizzard,Aura,Aura,Aura,Rare,,,,,,FALSE,,,,,https://static.wikia.nocookie.net/swordburst2/images/5/5c/Starry_Blizzard.png,https://swordburst2.fandom.com/wiki/Starry_Blizzard,,,,,2026-09-19T00:07:34Z
1488,Sunset Flutter,Aura,Aura,Aura,Legendary,,,,,,FALSE,,,,,https://static.wikia.nocookie.net/swordburst2/images/3/3c/Sunset_Flutter.png,https://swordburst2.fandom.com/wiki/Sunset_Flutter,,,,,2026-09-19T00:07:34Z
1489,Lushflame,Aura,Aura,Aura,Common,,,,,,FALSE,,,,,https://static.wikia.nocookie.net/swordburst2/images/c/c5/Lushflame.png,https://swordburst2.fandom.com/wiki/Lushflame,,,,,2026-09-19T00:07:34Z
1490,Void Depth,Aura,Aura,Aura,Common,,,,,,FALSE,,,,,https://static.wikia.nocookie.net/swordburst2/images/b/ba/Void_Depth.png,https://swordburst2.fandom.com/wiki/Void_Depth,,,,,2026-09-19T00:07:34Z
1491,Blue Rainbow,Aura,Aura,Aura,Uncommon,,,,,,FALSE,,,,,https://static.wikia.nocookie.net/swordburst2/images/f/fd/Blue_Rainbow.png,https://swordburst2.fandom.com/wiki/Blue_Rainbow,,,,,2026-09-19T00:07:34Z
1492,Shadowflame,Aura,Aura,Aura,Rare,,,,,,FALSE,,,,,https://static.wikia.nocookie.net/swordburst2/images/0/0c/Shadow_Flame.png,https://swordburst2.fandom.com/wiki/Shadowflame,,,,,2026-09-19T00:07:34Z
1493,Stardust,Aura,Aura,Aura,Rare,,,,,,FALSE,,,,,https://static.wikia.nocookie.net/swordburst2/images/6/65/Stardust.png,https://swordburst2.fandom.com/wiki/Stardust,,,,,2026-09-19T00:07:34Z
1494,Chromatic Aberration,Aura,Aura,Aura,Legendary,,,,,,FALSE,,,,,https://static.wikia.nocookie.net/swordburst2/images/5/55/Chromatic_Aberration.png,https://swordburst2.fandom.com/wiki/Chromatic_Aberration,,,,,2026-09-19T00:07:34Z
1495,Snow Mist,Aura,Aura,Aura,Common,,,,,,FALSE,,,,,https://static.wikia.nocookie.net/swordburst2/images/c/cd/Snow_Mist.png,https://swordburst2.fandom.com/wiki/Snow_Mist,,,,,2026-09-19T00:07:34Z
1496,Antique Light,Aura,Aura,Aura,Uncommon,,,,,,FALSE,,,,,https://static.wikia.nocookie.net/swordburst2/images/4/4b/Antique_Light.png,https://swordburst2.fandom.com/wiki/Antique_Light,,,,,2026-09-19T00:07:34Z
1497,X-Citing,Aura,Aura,Aura,Uncommon,,,,,,FALSE,,,,,https://static.wikia.nocookie.net/swordburst2/images/4/48/X-Citing.png,https://swordburst2.fandom.com/wiki/X-Citing,,,,,2026-09-19T00:07:34Z
1498,Grit,Aura,Aura,Aura,Rare,,,,,,FALSE,,,,,https://static.wikia.nocookie.net/swordburst2/images/1/17/Grit.png,https://swordburst2.fandom.com/wiki/Grit,,,,,2026-09-19T00:07:34Z
1499,Astra Starlight,Aura,Aura,Aura,Rare,,,,,,FALSE,,,,,https://static.wikia.nocookie.net/swordburst2/images/e/e1/Astra_Starlight.png,https://swordburst2.fandom.com/wiki/Astra_Starlight,,,,,2026-09-19T00:07:34Z
1500,XTox,Aura,Aura,Aura,Legendary,,,,,,FALSE,,,,,https://static.wikia.nocookie.net/swordburst2/images/d/d0/XTox.png,https://swordburst2.fandom.com/wiki/XTox,,,,,2026-09-19T00:07:34Z
1501,Bubble Pop,Aura,Aura,Aura,Rare,,,,,,FALSE,,,,,https://static.wikia.nocookie.net/swordburst2/images/f/f7/Bubble_Pop.png,https://swordburst2.fandom.com/wiki/Bubble_Pop,1 - 1.5,,auras,Idol Star Bundle 500 Arising Star,2026-09-19T00:07:34Z
1502,Angelic Butterfly,Aura,Aura,Aura,Rare,,,,,,FALSE,,,,,https://static.wikia.nocookie.net/swordburst2/images/b/b6/Angelic_Butterfly.png,https://swordburst2.fandom.com/wiki/Angelic_Butterfly,1 - 1.5,,auras,Idol Star Bundle 500 Arising Star,2026-09-19T00:07:34Z
1503,Evil Observer,Aura,Aura,Aura,Rare,,,,,,FALSE,,,,,https://static.wikia.nocookie.net/swordburst2/images/f/fd/Evil_Observer.png,https://swordburst2.fandom.com/wiki/Evil_Observer,1 - 1.5,,auras,Idol Star Bundle 500 Arising Star,2026-09-19T00:07:34Z
1504,Hex,Aura,Aura,Aura,Rare,,,,,,FALSE,,,,,https://static.wikia.nocookie.net/swordburst2/images/2/2c/Hex.png,https://swordburst2.fandom.com/wiki/Hex,1 - 1.5,,auras,Idol Star Bundle 500 Arising Star,2026-09-19T00:07:34Z
1505,Negative Matter,Aura,Aura,Aura,Rare,,,,,,FALSE,,,,,https://static.wikia.nocookie.net/swordburst2/images/b/b9/Negative_Matter.png,https://swordburst2.fandom.com/wiki/Negative_Matter,1 - 1.5,,auras,Idol Star Bundle 500 Arising Star,2026-09-19T00:07:34Z
1506,Aesthetic Mist,Aura,Aura,Aura,Rare,,,,,,FALSE,,,,,https://static.wikia.nocookie.net/swordburst2/images/6/6c/Aesthetic_Mist.png,https://swordburst2.fandom.com/wiki/Aesthetic_Mist,1 - 1.5,,auras,Idol Star Bundle 500 Arising Star,2026-09-19T00:07:34Z
1507,Night Shade,Aura,Aura,Aura,Rare,,,,,,FALSE,,,,,https://static.wikia.nocookie.net/swordburst2/images/4/4f/Night_Shade.png,https://swordburst2.fandom.com/wiki/Night_Shade,1 - 1.5,,auras,Idol Star Bundle 500 Arising Star,2026-09-19T00:07:34Z
1508,Digital Pixel,Aura,Aura,Aura,Rare,,,,,,FALSE,,,,,https://static.wikia.nocookie.net/swordburst2/images/f/fa/Digital_Pixel.png,https://swordburst2.fandom.com/wiki/Digital_Pixel,1 - 1.5,,auras,Idol Star Bundle 500 Arising Star,2026-09-19T00:07:34Z
1509,Electric,Aura,Aura,Aura,Rare,,,,,,FALSE,,,,,https://static.wikia.nocookie.net/swordburst2/images/2/2f/Electric.png,https://swordburst2.fandom.com/wiki/Electric,1 - 1.5,,auras,Idol Star Bundle 500 Arising Star,2026-09-19T00:07:34Z
1510,Sparkle Dust,Aura,Aura,Aura,Rare,,,,,,FALSE,,,,,https://static.wikia.nocookie.net/swordburst2/images/9/99/Sparkle_Dust.png,https://swordburst2.fandom.com/wiki/Sparkle_Dust,1 - 1.5,,auras,Idol Star Bundle 500 Arising Star,2026-09-19T00:07:34Z
1511,Rainbow Mist,Aura,Aura,Aura,Rare,,,,,,FALSE,,,,,https://static.wikia.nocookie.net/swordburst2/images/c/c7/Rainbow_Mist.png,https://swordburst2.fandom.com/wiki/Rainbow_Mist,1 - 1.5,,auras,Idol Star Bundle 500 Arising Star,2026-09-19T00:07:34Z
1512,Polychrome,Aura,Aura,Aura,Rare,,,,,,FALSE,,,,,https://static.wikia.nocookie.net/swordburst2/images/9/96/Polychrome.png,https://swordburst2.fandom.com/wiki/Polychrome,1 - 1.5,,auras,Idol Star Bundle 500 Arising Star,2026-09-19T00:07:34Z
1513,Starfury,Aura,Aura,Aura,Uncommon,,,,,,FALSE,,,,,https://static.wikia.nocookie.net/swordburst2/images/2/2d/Starfury.png,https://swordburst2.fandom.com/wiki/Starfury,1 - 1.5,,auras,Idol Star Bundle 500 Arising Star,2026-09-19T00:07:34Z
1514,Heated Nebula,Aura,Aura,Aura,Uncommon,,,,,,FALSE,,,,,https://static.wikia.nocookie.net/swordburst2/images/5/56/Heated_Nebula.png,https://swordburst2.fandom.com/wiki/Heated_Nebula,1 - 1.5,,auras,Idol Star Bundle 500 Arising Star,2026-09-19T00:07:34Z
1515,Energetic Nebula,Aura,Aura,Aura,Uncommon,,,,,,FALSE,,,,,https://static.wikia.nocookie.net/swordburst2/images/1/19/Energetic_Nebula.png,https://swordburst2.fandom.com/wiki/Energetic_Nebula,1 - 1.5,,auras,Idol Star Bundle 500 Arising Star,2026-09-19T00:07:34Z
1516,Polychrome Dimension,Aura,Aura,Aura,Rare,,,,,,FALSE,,,,,https://static.wikia.nocookie.net/swordburst2/images/7/70/Polychrome_Dimension.png,https://swordburst2.fandom.com/wiki/Polychrome_Dimension,1 - 1.5,,auras,Idol Star Bundle 500 Arising Star,2026-09-19T00:07:34Z
1517,Astral Speckle,Aura,Aura,Aura,Rare,,,,,,FALSE,,,,,https://static.wikia.nocookie.net/swordburst2/images/a/ab/Astral_Speckle.png,https://swordburst2.fandom.com/wiki/Astral_Speckle,1 - 1.5,,auras,Idol Star Bundle 500 Arising Star,2026-09-19T00:07:34Z
1518,Cosmic Flow,Aura,Aura,Aura,Legendary,,,,,,FALSE,,,,,https://static.wikia.nocookie.net/swordburst2/images/b/b4/Cosmic_Flow.png,https://swordburst2.fandom.com/wiki/Cosmic_Flow,1 - 1.5,,auras,Idol Star Bundle 500 Arising Star,2026-09-19T00:07:34Z
1519,Innerworkings,Aura,Aura,Aura,Rare,,,,,,FALSE,,,,,https://static.wikia.nocookie.net/swordburst2/images/f/fc/Innerworkings.png,https://swordburst2.fandom.com/wiki/Innerworkings,1 - 1.5,,auras,Idol Star Bundle 500 Arising Star,2026-09-19T00:07:34Z
1520,Pollen,Aura,Aura,Aura,Uncommon,,,,,,FALSE,,,,,https://static.wikia.nocookie.net/swordburst2/images/0/0a/Pollen.png,https://swordburst2.fandom.com/wiki/Pollen,1 - 1.5,,auras,Idol Star Bundle 500 Arising Star,2026-09-19T00:07:34Z
1521,1-up,Aura,Aura,Aura,Uncommon,,,,,,FALSE,,,,,https://static.wikia.nocookie.net/swordburst2/images/2/2e/1-Up.png,https://swordburst2.fandom.com/wiki/1-up,1 - 1.5,,auras,Idol Star Bundle 500 Arising Star,2026-09-19T00:07:34Z
1522,Cross,Aura,Aura,Aura,Uncommon,,,,,,FALSE,,,,,https://static.wikia.nocookie.net/swordburst2/images/4/4e/Cross.png,https://swordburst2.fandom.com/wiki/Cross,1 - 1.5,,auras,Idol Star Bundle 500 Arising Star,2026-09-19T00:07:34Z
1523,Ghastly,Aura,Aura,Aura,Uncommon,,,,,,FALSE,,,,,https://static.wikia.nocookie.net/swordburst2/images/5/55/Ghastly.png,https://swordburst2.fandom.com/wiki/Ghastly,1 - 1.5,,auras,Idol Star Bundle 500 Arising Star,2026-09-19T00:07:34Z
1524,Angelic,Aura,Aura,Aura,Rare,,,,,,FALSE,,,,,https://static.wikia.nocookie.net/swordburst2/images/2/23/Angelic.png,https://swordburst2.fandom.com/wiki/Angelic,1 - 1.5,,auras,Idol Star Bundle 500 Arising Star,2026-09-19T00:07:34Z
1525,Featherweight,Aura,Aura,Aura,Rare,,,,,,FALSE,,,,,https://static.wikia.nocookie.net/swordburst2/images/f/fd/Featherweight.png,https://swordburst2.fandom.com/wiki/Featherweight,1 - 1.5,,auras,Idol Star Bundle 500 Arising Star,2026-09-19T00:07:34Z
1526,Aroma Halo,Aura,Aura,Aura,Rare,,,,,,FALSE,,,,,https://static.wikia.nocookie.net/swordburst2/images/7/7e/Aroma_Halo.png,https://swordburst2.fandom.com/wiki/Aroma_Halo,1 - 1.5,,auras,Idol Star Bundle 500 Arising Star,2026-09-19T00:07:34Z
1527,Cloud,Aura,Aura,Aura,Rare,,,,,,FALSE,,,,,https://static.wikia.nocookie.net/swordburst2/images/d/d2/Cloud.png,https://swordburst2.fandom.com/wiki/Cloud,1 - 1.5,,auras,Idol Star Bundle 500 Arising Star,2026-09-19T00:07:34Z
1528,Cleansing Star,Aura,Aura,Aura,Rare,,,,,,FALSE,,,,,https://static.wikia.nocookie.net/swordburst2/images/2/2d/Cleansing_Star.png,https://swordburst2.fandom.com/wiki/Cleansing_Star,1 - 1.5,,auras,Idol Star Bundle 500 Arising Star,2026-09-19T00:07:34Z
1529,Gilded Leaf,Aura,Aura,Aura,Rare,,,,,,FALSE,,,,,https://static.wikia.nocookie.net/swordburst2/images/e/e1/Gilded_Leaf.png,https://swordburst2.fandom.com/wiki/Gilded_Leaf,1 - 1.5,,auras,Idol Star Bundle 500 Arising Star,2026-09-19T00:07:34Z
1530,Floral Gust,Aura,Aura,Aura,Rare,,,,,,FALSE,,,,,https://static.wikia.nocookie.net/swordburst2/images/1/19/Floral_Gust.png,https://swordburst2.fandom.com/wiki/Floral_Gust,1 - 1.5,,auras,Idol Star Bundle 500 Arising Star,2026-09-19T00:07:34Z
1531,Gold Edge,Aura,Aura,Aura,Common,,,,,,FALSE,,,,,https://static.wikia.nocookie.net/swordburst2/images/4/44/Gold_Edge.png,https://swordburst2.fandom.com/wiki/Gold_Edge,1 - 1.5,,auras,Idol Star Bundle 500 Arising Star,2026-09-19T00:07:34Z
1532,Red Spore,Aura,Aura,Aura,Common,,,,,,FALSE,,,,,https://static.wikia.nocookie.net/swordburst2/images/9/90/Red_Spore.png,https://swordburst2.fandom.com/wiki/Red_Spore,1 - 1.5,,auras,Idol Star Bundle 500 Arising Star,2026-09-19T00:07:34Z
1533,Bloodlust,Aura,Aura,Aura,Uncommon,,,,,,FALSE,,,,,https://static.wikia.nocookie.net/swordburst2/images/1/11/Bloodlust.png,https://swordburst2.fandom.com/wiki/Bloodlust,1 - 1.5,,auras,Idol Star Bundle 500 Arising Star,2026-09-19T00:07:34Z
1534,Frostbite,Aura,Aura,Aura,Uncommon,,,,,,FALSE,,,,,https://static.wikia.nocookie.net/swordburst2/images/e/ee/Frostbite.png,https://swordburst2.fandom.com/wiki/Frostbite,1 - 1.5,,auras,Idol Star Bundle 500 Arising Star,2026-09-19T00:07:34Z
1535,Dark Viral,Aura,Aura,Aura,Rare,,,,,,FALSE,,,,,https://static.wikia.nocookie.net/swordburst2/images/8/83/Dark_Viral.png,https://swordburst2.fandom.com/wiki/Dark_Viral,1 - 1.5,,auras,Idol Star Bundle 500 Arising Star,2026-09-19T00:07:34Z
1536,Reactive Speckle,Aura,Aura,Aura,Rare,,,,,,FALSE,,,,,https://static.wikia.nocookie.net/swordburst2/images/d/d6/Reactive_Speckle.png,https://swordburst2.fandom.com/wiki/Reactive_Speckle,1 - 1.5,,auras,Idol Star Bundle 500 Arising Star,2026-09-19T00:07:34Z
1537,Coal Studded,Aura,Aura,Aura,Common,,,,,,FALSE,,,,,https://static.wikia.nocookie.net/swordburst2/images/d/dc/Coal_Studded.png,https://swordburst2.fandom.com/wiki/Coal_Studded,1 - 1.5,,auras,Idol Star Bundle 500 Arising Star,2026-09-19T00:07:34Z
1538,Chilling Snowflake,Aura,Aura,Aura,Uncommon,,,,,,FALSE,,,,,https://static.wikia.nocookie.net/swordburst2/images/5/50/Chilling_Snowflake.png,https://swordburst2.fandom.com/wiki/Chilling_Snowflake,1 - 1.5,,auras,Idol Star Bundle 500 Arising Star,2026-09-19T00:07:34Z
1539,Candy Cane,Aura,Aura,Aura,Rare,,,,,,FALSE,,,,,https://static.wikia.nocookie.net/swordburst2/images/1/13/Candy_Cane.png,https://swordburst2.fandom.com/wiki/Candy_Cane,1 - 1.5,,auras,Idol Star Bundle 500 Arising Star,2026-09-19T00:07:34Z
1540,Holiday Swirl,Aura,Aura,Aura,Rare,,,,,,FALSE,,,,,https://static.wikia.nocookie.net/swordburst2/images/3/3e/Holiday_Swirl.png,https://swordburst2.fandom.com/wiki/Holiday_Swirl,1 - 1.5,,auras,Idol Star Bundle 500 Arising Star,2026-09-19T00:07:34Z
1541,Polychrome Snowflakes,Aura,Aura,Aura,Rare,,,,,,FALSE,,,,,https://static.wikia.nocookie.net/swordburst2/images/b/bc/Polychrome_Snowflakes.png,https://swordburst2.fandom.com/wiki/Polychrome_Snowflakes,1 - 1.5,,auras,Idol Star Bundle 500 Arising Star,2026-09-19T00:07:34Z
1542,Holiday Spirit,Aura,Aura,Aura,Rare,,,,,,FALSE,,,,,https://static.wikia.nocookie.net/swordburst2/images/a/a3/Holiday_Spirit.png,https://swordburst2.fandom.com/wiki/Holiday_Spirit,1 - 1.5,,auras,Idol Star Bundle 500 Arising Star,2026-09-19T00:07:34Z
1543,Autumn Leaves,Aura,Aura,Aura,Common,,,,,,FALSE,,,,,https://static.wikia.nocookie.net/swordburst2/images/b/b8/Autumn_Leaves.png,https://swordburst2.fandom.com/wiki/Autumn_Leaves,1 - 1.5,,auras,Idol Star Bundle 500 Arising Star,2026-09-19T00:07:34Z
1544,Treat,Aura,Aura,Aura,Common,,,,,,FALSE,,,,,https://static.wikia.nocookie.net/swordburst2/images/a/a8/Treat.png,https://swordburst2.fandom.com/wiki/Treat,1 - 1.5,,auras,Idol Star Bundle 500 Arising Star,2026-09-19T00:07:34Z
1545,Jack O' Lantern,Aura,Aura,Aura,Common,,,,,,FALSE,,,,,https://static.wikia.nocookie.net/swordburst2/images/e/e5/Jack_O%27_Lantern.png,https://swordburst2.fandom.com/wiki/Jack_O'_Lantern,1 - 1.5,,auras,Idol Star Bundle 500 Arising Star,2026-09-19T00:07:34Z
1546,Deep Dread,Aura,Aura,Aura,Uncommon,,,,,,FALSE,,,,,https://static.wikia.nocookie.net/swordburst2/images/e/ed/Deep_Dread.png,https://swordburst2.fandom.com/wiki/Deep_Dread,1 - 1.5,,auras,Idol Star Bundle 500 Arising Star,2026-09-19T00:07:34Z
1547,Sun Spot,Aura,Aura,Aura,Uncommon,,,,,,FALSE,,,,,https://static.wikia.nocookie.net/swordburst2/images/1/12/Sun_Spot.png,https://swordburst2.fandom.com/wiki/Sun_Spot,1 - 1.5,,auras,Idol Star Bundle 500 Arising Star,2026-09-19T00:07:34Z
1548,Crimson Echoes,Aura,Aura,Aura,Rare,,,,,,FALSE,,,,,https://static.wikia.nocookie.net/swordburst2/images/b/b7/Crimson_Echoes.png,https://swordburst2.fandom.com/wiki/Crimson_Echoes,1 - 1.5,,auras,Idol Star Bundle 500 Arising Star,2026-09-19T00:07:34Z
1549,Confetti,Aura,Aura,Aura,Common,,,,,,FALSE,,,,,https://static.wikia.nocookie.net/swordburst2/images/7/72/Confetti.png,https://swordburst2.fandom.com/wiki/Confetti,1 - 1.5,,auras,Idol Star Bundle 500 Arising Star,2026-09-19T00:07:34Z
1550,Flower,Aura,Aura,Aura,Common,,,,,,FALSE,,,,,https://static.wikia.nocookie.net/swordburst2/images/d/dd/Flower.png,https://swordburst2.fandom.com/wiki/Flower,1 - 1.5,,auras,Idol Star Bundle 500 Arising Star,2026-09-19T00:07:34Z
1551,Heart,Aura,Aura,Aura,Common,,,,,,FALSE,,,,,https://static.wikia.nocookie.net/swordburst2/images/d/d9/Heart.png,https://swordburst2.fandom.com/wiki/Heart,1 - 1.5,,auras,Idol Star Bundle 500 Arising Star,2026-09-19T00:07:34Z
1552,Gold Dust,Aura,Aura,Aura,Uncommon,,,,,,FALSE,,,,,https://static.wikia.nocookie.net/swordburst2/images/4/43/Gold_Dust.png,https://swordburst2.fandom.com/wiki/Gold_Dust,1 - 1.5,,auras,Idol Star Bundle 500 Arising Star,2026-09-19T00:07:34Z
1553,Petal,Aura,Aura,Aura,Uncommon,,,,,,FALSE,,,,,https://static.wikia.nocookie.net/swordburst2/images/4/4a/Petal.png,https://swordburst2.fandom.com/wiki/Petal,1 - 1.5,,auras,Idol Star Bundle 500 Arising Star,2026-09-19T00:07:34Z
1554,Music,Aura,Aura,Aura,Rare,,,,,,FALSE,,,,,https://static.wikia.nocookie.net/swordburst2/images/2/2c/Music.png,https://swordburst2.fandom.com/wiki/Music,1 - 1.5,,auras,Idol Star Bundle 500 Arising Star,2026-09-19T00:07:34Z
1555,Cursed Flame,Aura,Aura,Aura,Rare,,,,,,FALSE,,,,,https://static.wikia.nocookie.net/swordburst2/images/1/19/Cursed_Flame.png,https://swordburst2.fandom.com/wiki/Cursed_Flame,N/A,,auras,Idol Star Bundle 500 Arising Star,2026-09-19T00:07:34Z
1556,Dark Polychrome,Aura,Aura,Aura,Rare,,,,,,FALSE,,,,,https://static.wikia.nocookie.net/swordburst2/images/5/59/Dark_Polychrome.png,https://swordburst2.fandom.com/wiki/Dark_Polychrome,N/A,,auras,Idol Star Bundle 500 Arising Star,2026-09-19T00:07:34Z
1557,Galactic,Aura,Aura,Aura,Rare,,,,,,FALSE,,,,,https://static.wikia.nocookie.net/swordburst2/images/9/9a/Galactic.png,https://swordburst2.fandom.com/wiki/Galactic,N/A,,auras,Idol Star Bundle 500 Arising Star,2026-09-19T00:07:34Z
1558,Infernal,Aura,Aura,Aura,Rare,,,,,,FALSE,,,,,https://static.wikia.nocookie.net/swordburst2/images/7/77/Infernal.png,https://swordburst2.fandom.com/wiki/Infernal,N/A,,auras,Idol Star Bundle 500 Arising Star,2026-09-19T00:07:34Z
1559,Moonlit Crescent,Aura,Aura,Aura,Rare,,,,,,FALSE,,,,,https://static.wikia.nocookie.net/swordburst2/images/d/d4/Moonlit_Crescent.png,https://swordburst2.fandom.com/wiki/Moonlit_Crescent,N/A,,auras,Idol Star Bundle 500 Arising Star,2026-09-19T00:07:34Z
1560,Yellow Shock,Aura,Aura,Aura,Rare,,,,,,FALSE,,,,,https://static.wikia.nocookie.net/swordburst2/images/a/a3/Yellow_Shock.png,https://swordburst2.fandom.com/wiki/Yellow_Shock,N/A,,auras,Idol Star Bundle 500 Arising Star,2026-09-19T00:07:34Z
1561,Aqua Halo Body Aura,Aura,Aura,Aura,Uncommon,,,,,,FALSE,,,,,https://static.wikia.nocookie.net/swordburst2/images/a/ad/Green_Halo_Body_Aura.png,https://swordburst2.fandom.com/wiki/Aqua_Halo_Body_Aura,,,,,2026-09-19T00:07:34Z
1562,Purple Sparkle Body Aura,Aura,Aura,Aura,Uncommon,,,,,,FALSE,,,,,https://static.wikia.nocookie.net/swordburst2/images/1/1d/Pink_Sparkle_Body_Aura.png,https://swordburst2.fandom.com/wiki/Purple_Sparkle_Body_Aura,,,,,2026-09-19T00:07:34Z
1563,Tombshroud Exile,Armor,,Armor,Rare,290,,,151000,211400,TRUE,,,,Drop,https://static.wikia.nocookie.net/swordburst2/images/e/ec/Tombshroud_Exile.png/revision/latest,https://swordburst2.fandom.com/wiki/Tombshroud_Exile,,,,,2026-09-19T00:07:34Z
1564,Tundra Plate,Armor,,Armor,Rare,300,,,98000,,TRUE,,,,Gift,https://static.wikia.nocookie.net/swordburst2/images/a/a4/Tundra_Plate.png/revision/latest,https://swordburst2.fandom.com/wiki/Tundra_Plate,,,,,2026-09-19T00:07:34Z
1565,Phasmatic Cybersuit,Armor,,Armor,Burst,300,,,223462,312846,FALSE,,,,Crafting,https://static.wikia.nocookie.net/swordburst2/images/b/b4/Phasmatic_Cybersuit.png/revision/latest,https://swordburst2.fandom.com/wiki/Phasmatic_Cybersuit,,,,,2026-09-19T00:07:34Z
1566,Gourmet Guard,Armor,,Armor,Rare,315,,,271612,380256,TRUE,,,,Drop,https://static.wikia.nocookie.net/swordburst2/images/1/1e/Gourmet_Guard.png/revision/latest,https://swordburst2.fandom.com/wiki/Gourmet_Guard,,,,,2026-09-19T00:07:34Z
1567,Infernum Loricam,Armor,,Armor,Legendary,325,,,315597,441835,TRUE,,,,Drop,https://static.wikia.nocookie.net/swordburst2/images/9/9d/Infernum_Loricam.png/revision/latest,https://swordburst2.fandom.com/wiki/Infernum_Loricam,0.5,0.5,clean_legendaries,Atheon's Realm,2026-09-19T00:07:34Z
1568,Rekindled Vengeance,Armor,,Armor,Legendary,325,,,312000,436800,TRUE,,,,Drop,https://static.wikia.nocookie.net/swordburst2/images/c/c8/Rekindled_Vengeance.png/revision/latest,https://swordburst2.fandom.com/wiki/Rekindled_Vengeance,0.2 - 0.5,,clean_legendaries,Floor 6 / Undershroud,2026-09-19T00:07:34Z
1569,Holy Ember,Armor,,Armor,Legendary,340,,,335000,469000,TRUE,,,,Drop,https://static.wikia.nocookie.net/swordburst2/images/d/dd/Holy_Ember.png/revision/latest,https://swordburst2.fandom.com/wiki/Holy_Ember,1,1,clean_legendaries,Atheon's Realm,2026-09-19T00:07:34Z
1570,Ivory Titan,Armor,,Armor,Legendary,350,,,340000,476000,TRUE,,,,Drop,https://static.wikia.nocookie.net/swordburst2/images/6/6e/Ivory_Titan.png/revision/latest,https://swordburst2.fandom.com/wiki/Ivory_Titan,0.5,1,clean_legendaries,- Rotational Floors -,2026-09-19T00:07:34Z
1571,Cinder Plated Armor,Armor,,Armor,Rare,350,,,291560,408184,TRUE,,,,Drop,https://static.wikia.nocookie.net/swordburst2/images/a/a6/Cinder_Plated_Armor.png/revision/latest,https://swordburst2.fandom.com/wiki/Cinder_Plated_Armor,,,,,2026-09-19T00:07:34Z
1572,Conquerer's Wish,Armor,,Armor,Burst,350,,,394496,552294,FALSE,,,,Crafting,https://static.wikia.nocookie.net/swordburst2/images/c/c4/Conqueror%27s_Wish.png/revision/latest,https://swordburst2.fandom.com/wiki/Conquerer%27s_Wish,,,,,2026-09-19T00:07:34Z
1573,Blackwake Raider,Armor,,Armor,Common,370,,,295829,414160,TRUE,,,,Drop,https://static.wikia.nocookie.net/swordburst2/images/e/e7/Blackwake_Raider.png/revision/latest,https://swordburst2.fandom.com/wiki/Blackwake_Raider,,,,,2026-09-19T00:07:34Z
1574,Kugachi Platemail,Armor,,Armor,Legendary,375,,,370000,518000,TRUE,,,,50M,https://static.wikia.nocookie.net/swordburst2/images/e/e0/Kugachi_Platemail.png/revision/latest,https://swordburst2.fandom.com/wiki/Kugachi_Platemail,5-10,5-10,clean_legendaries,Third Edition,2026-09-19T00:07:34Z
1575,Nephelom Plate,Armor,,Armor,Legendary,375,,,375000,525000,TRUE,,,,Drop,https://static.wikia.nocookie.net/swordburst2/images/b/bf/Nephelom_Plate.png/revision/latest,https://swordburst2.fandom.com/wiki/Nephelom_Plate,12-15,8-12,clean_legendaries,- Rotational Floors -,2026-09-19T00:07:34Z
1576,Forgotten Waters,Armor,Forgotten Forgotten,Armor,Common,375,,,302425,423395,TRUE,,,,Drop,https://static.wikia.nocookie.net/swordburst2/images/5/5b/Forgotten_Waters.png/revision/latest,https://swordburst2.fandom.com/wiki/Forgotten_Waters,,,,,2026-09-19T00:07:34Z
1577,Coral Crusader,Armor,,Armor,Common,380,,,318651,446111,TRUE,,,,Drop,https://static.wikia.nocookie.net/swordburst2/images/8/83/Coral_Crusader.png/revision/latest,https://swordburst2.fandom.com/wiki/Coral_Crusader,,,,,2026-09-19T00:07:34Z
1578,Mirthtide Marauder,Armor,,Armor,Common,385,,,327451,458431,TRUE,,,,Drop,https://static.wikia.nocookie.net/swordburst2/images/9/98/Mirthtide_Marauder.png/revision/latest,https://swordburst2.fandom.com/wiki/Mirthtide_Marauder,,,,,2026-09-19T00:07:34Z
1579,The Kitchen Cavalry,Armor,,Armor,Legendary,400,,,415800,582120,TRUE,,,,Drop,https://static.wikia.nocookie.net/swordburst2/images/8/89/The_Kitchen_Cavalry.png/revision/latest,https://swordburst2.fandom.com/wiki/The_Kitchen_Cavalry,3-4,4-5,clean_legendaries,- Rotational Floors -,2026-09-19T00:07:34Z
1580,Infernal Flame Armor,Armor,,Armor,Legendary,400,,,416821,583549,TRUE,,,,Drop,https://static.wikia.nocookie.net/swordburst2/images/7/79/Infernal_Flame_Armor.png/revision/latest,https://swordburst2.fandom.com/wiki/Infernal_Flame_Armor,1,1,clean_legendaries,Atheon's Realm,2026-09-19T00:07:34Z
1581,Poseidon's Aegis,Armor,,Armor,Rare,405,,,402436,563410,TRUE,,,,Drop,https://static.wikia.nocookie.net/swordburst2/images/6/63/Poseidon%27s_Aegis.png/revision/latest,https://swordburst2.fandom.com/wiki/Poseidon%27s_Aegis,,,,,2026-09-19T00:07:34Z
1582,Glacial Waveguard,Armor,,Armor,Rare,410,,,410560,574784,TRUE,,,,Drop,https://static.wikia.nocookie.net/swordburst2/images/c/cc/Glacial_Waveguard.png/revision/latest,https://swordburst2.fandom.com/wiki/Glacial_Waveguard,,,,,2026-09-19T00:07:34Z
1583,Aurelite Vanguard,Armor,,Armor,Rare,415,,,417015,583821,TRUE,,,,Drop,https://static.wikia.nocookie.net/swordburst2/images/b/b7/Aurelite_Vanguard.png/revision/latest,https://swordburst2.fandom.com/wiki/Aurelite_Vanguard,,,,,2026-09-19T00:07:34Z
1584,Crimson Current,Armor,,Armor,Legendary,425,,,460000,644000,TRUE,,,,Drop,https://static.wikia.nocookie.net/swordburst2/images/4/40/Crimson_Current.png/revision/latest,https://swordburst2.fandom.com/wiki/Crimson_Current,0.5-1,0.5,clean_legendaries,- Rotational Floors -,2026-09-19T00:07:34Z
1585,Aqualis Guardian,Armor,,Armor,Legendary,435,,,482000,674800,TRUE,,,,Drop,https://static.wikia.nocookie.net/swordburst2/images/c/cd/Aqualis_Guardian.png/revision/latest,https://swordburst2.fandom.com/wiki/Aqualis_Guardian,2,2-3,clean_legendaries,- Rotational Floors -,2026-09-19T00:07:34Z
1586,Graveborne Gentleman,Armor,,Armor,Legendary,440,,,487000,681800,TRUE,,,,Drop,https://static.wikia.nocookie.net/swordburst2/images/1/13/Graveborne_Gentleman.png/revision/latest,https://swordburst2.fandom.com/wiki/Graveborne_Gentleman,1,1-2,clean_legendaries,Egg Realm (2025),2026-09-19T00:07:34Z
1587,Crafter's Outfit,Armor,,Armor,Common,15,,,175,245,TRUE,,,,Drop,https://static.wikia.nocookie.net/swordburst2/images/8/8c/Crafter%27s_Outfit.png/revision/latest,https://swordburst2.fandom.com/wiki/Crafter%27s_Outfit,80+,25-30,misc,Item Crystal,2026-09-19T00:07:34Z
1588,Whal Leather Cloak,Armor,,Armor,Rare,25,,,10,14,TRUE,,,,Drop,https://static.wikia.nocookie.net/swordburst2/images/b/b0/Whal_Leather_Cloak.png/revision/latest,https://swordburst2.fandom.com/wiki/Whal_Leather_Cloak,4-5,4-5,misc,Item Crystal,2026-09-19T00:07:34Z
1589,Green Crafter's Outfit,Armor,,Armor,Common,33,,,790,1106,TRUE,,,,Drop,https://static.wikia.nocookie.net/swordburst2/images/4/47/GreenCrafterIcon.png/revision/latest,https://swordburst2.fandom.com/wiki/Green_Crafter%27s_Outfit,100-150+,50,misc,Winter Event,2026-09-19T00:07:34Z
1590,Purple Crafter’s Outfit,Armor,,Armor,Legendary,75,,,5647,7905,TRUE,,,,Drop,https://static.wikia.nocookie.net/swordburst2/images/2/29/Purple_Crafter%E2%80%99s_Outfit.png/revision/latest,https://swordburst2.fandom.com/wiki/Purple_Crafter%E2%80%99s_Outfit,1,-0.7,clean_legendaries,Floor 6 / Undershroud,2026-09-19T00:07:34Z
1591,Red Crafter's Outfit,Armor,,Armor,Burst,250,,,70712,98996,FALSE,,,,Crafting,https://static.wikia.nocookie.net/swordburst2/images/d/de/Red_Crafter%27s_Outfit.png/revision/latest,https://swordburst2.fandom.com/wiki/Red_Crafter%27s_Outfit,100-150+,50,misc,Winter Event,2026-09-19T00:07:34Z
1592,Black Crafter's Outfit,Armor,,Armor,Tribute,275,,,167597,234635,FALSE,,,,Multiple Drops,https://static.wikia.nocookie.net/swordburst2/images/7/79/Black_Crafter%27s_Outfit.png/revision/latest,https://swordburst2.fandom.com/wiki/Black_Crafter%27s_Outfit,12-14,10-12,tributes,Floor 12,2026-09-19T00:07:34Z
1593,Easterian Attire,Armor,,Armor,Tribute,325,,,325000,455000,FALSE,,,,Drop,https://static.wikia.nocookie.net/swordburst2/images/4/4c/Easterian_Attire.png/revision/latest,https://swordburst2.fandom.com/wiki/Easterian_Attire,17-20,15,tributes,Egg Realm (2026),2026-09-19T00:07:34Z
1594,Nightveil Revenant,Armor,,Armor,Tribute,400,,,529500,741300,FALSE,,,,Drop,https://static.wikia.nocookie.net/swordburst2/images/6/62/Nightveil_Revenant.png/revision/latest,https://swordburst2.fandom.com/wiki/Nightveil_Revenant,40-50,40,tributes,Egg Realm (2026),2026-09-19T00:07:34Z
1595,Bloodsteel Titan,Armor,,Armor,Tribute,400,,,534000,747600,FALSE,,,,Hunt,https://static.wikia.nocookie.net/swordburst2/images/e/ef/Bloodsteel_Titan.png/revision/latest,https://swordburst2.fandom.com/wiki/Bloodsteel_Titan,12-14,10,tributes,Egg Realm (2026),2026-09-19T00:07:34Z
1596,Vestments Corrupted Armor,Armor,,Armor,Tribute,400,,,527500,738500,FALSE,,,,Drop,https://static.wikia.nocookie.net/swordburst2/images/c/cf/Vestments_Corrupted_Armor.png/revision/latest,https://swordburst2.fandom.com/wiki/Vestments_Corrupted_Armor,10-15,10,tributes,Atheon's Realm,2026-09-19T00:07:34Z
1597,Desenorator,Armor,,Armor,Tribute,410,,,535715,750001,FALSE,,,,Drop,https://static.wikia.nocookie.net/swordburst2/images/d/d5/Desenorator.png/revision/latest,https://swordburst2.fandom.com/wiki/Desenorator,50,50,tributes,- ROTATIONAL FLOOR TRIBUTES -,2026-09-19T00:07:34Z
1598,Abyss Sentinel,Armor,,Armor,Tribute,415,,,589286,825000,FALSE,,,,Drop,https://static.wikia.nocookie.net/swordburst2/images/c/cb/Abyss_Sentinel.png/revision/latest,https://swordburst2.fandom.com/wiki/Abyss_Sentinel,250+,100-150,tributes,- ROTATIONAL FLOOR TRIBUTES -,2026-09-19T00:07:34Z
1599,Obsidian Titan,Armor,,Armor,Tribute,425,,,669645,937503,FALSE,,,,Drop,https://static.wikia.nocookie.net/swordburst2/images/7/75/Obsidian_Titan.png/revision/latest,https://swordburst2.fandom.com/wiki/Obsidian_Titan,230-250,230-250,tributes,Floor 6 / Undershroud,2026-09-19T00:07:34Z
1600,Hallow Christmas,Armor,,Armor,Tribute,425,,,627000,877800,FALSE,,,,Forge,https://static.wikia.nocookie.net/swordburst2/images/e/ef/Hallow_Christmas.png/revision/latest,https://swordburst2.fandom.com/wiki/Hallow_Christmas,120-150,100-150,tributes,Egg Realm (2026),2026-09-19T00:07:34Z
1601,Bloodsail Marauder,Armor,,Armor,Tribute,450,,,715000,1001000,FALSE,,,,Drop,https://static.wikia.nocookie.net/swordburst2/images/5/55/Bloodsail_Marauder.png/revision/latest,https://swordburst2.fandom.com/wiki/Bloodsail_Marauder,50-60,50,tributes,- ROTATIONAL FLOOR TRIBUTES -,2026-09-19T00:07:34Z
1602,Berserker animations,Greatsword,,Weapon,,,,,,,TRUE,18%,,,,,https://swordburst2.fandom.com/wiki/Animation_Packs,,,,,2026-09-19T00:07:34Z
1603,Ninja animation pack,Katana,,Weapon,,,,,,,TRUE,15%,,,,,https://swordburst2.fandom.com/wiki/Animation_Packs,,,,,2026-09-19T00:07:34Z
1604,Piercing Dash,Rapier,,Weapon,,,,,,,TRUE,11%,,,,,https://swordburst2.fandom.com/wiki/Skills,,,,,2026-09-19T00:07:34Z
1605,High critical chance (21%) Decent area of effect,Spear,,Weapon,,,,,,,TRUE,21%,,,,,,,,,,2026-09-19T00:07:34Z
>>>>>>> 9c6107a4c9e50ea0ce2ab11b30359ebefa918bf0
